"1 - UInt32","2 - Byte","3 - String","4 - String","5 - UInt32","6 - Byte","7 - UInt32","8 - UInt32","9 - UInt32","10 - UInt32","11 - Byte","12 - Byte","13 - Byte","14 - Byte","15 - Byte","16 - Int16","17 - Int16","18 - Int16","19 - Int16","20 - Int16","21 - Int32","22 - Int32","23 - Int16","24 - Byte","25 - UInt32","26 - UInt32","27 - SByte","28 - SByte","29 - Byte","30 - Byte","31 - Byte","32 - Byte","33 - Byte","34 - Byte","35 - Byte","36 - Byte","37 - Byte","38 - Int32","39 - Int16"
"100010000","22","Fork","","0","0","10001000","10001000","310","301","51","0","1","0","0","3","200","20","60","4000","5000","0","0","0","0","0","1","99","0","0","0","0","0","0","0","0","0","0","0"
"100020000","22","Hand mirror","","0","0","10002000","10002000","330","341","41","0","1","0","0","3","150","10","50","4000","5000","0","0","0","0","0","1","99","0","0","0","0","0","0","0","0","0","0","0"
"110010000","22","Dagger","Basic Rogue Item","0","0","11011000","11011000","14","301","11","0","0","0","0","4","109","5","20","4000","50","0","0","0","0","0","1","99","0","0","0","0","0","0","0","0","0","0","0"
"110050000","22","Dagger","Basic Rogue Item","0","0","11021000","11021000","14","301","11","0","0","0","0","4","109","5","20","4000","50","0","0","0","0","0","1","99","0","0","0","0","0","0","0","0","0","0","0"
"110110000","0","Dagger","","0","0","11011000","11011000","14","301","11","0","0","0","0","6","109","10","20","4000","383","0","0","0","0","0","8","99","0","0","0","0","66","0","0","201","1","0","101"
"110111000","0","Practice Dagger","Dagger for undertaking upgrade quests.","1","0","11011000","11011000","14","301","11","0","0","0","0","3","109","10","20","6000","100","0","0","0","0","0","1","99","0","0","0","0","0","0","0","0","0","0","0"
"110150000","0","Fine Yard","","0","0","11021000","11021000","14","301","11","0","0","0","0","6","109","5","20","4000","383","0","0","0","0","0","8","99","0","0","0","0","66","0","0","101","1","0","101"
"110190000","0","Dagger","Dagger that can be easily obtained anywhere.|(Quest Item)","1","0","11011000","11011000","14","301","11","0","0","0","0","6","109","10","20","6000","383","0","0","0","0","0","8","99","0","0","0","0","66","0","0","0","1","0","0"
"110410000","0","Knife","","0","0","11031000","11031000","14","301","11","0","0","0","0","11","109","10","20","4000","3188","0","0","0","0","0","15","99","0","0","0","0","80","0","0","201","1","0","102"
"110450000","0","Dirk","","0","0","11041000","11041000","14","301","11","0","0","0","0","11","109","5","20","4000","3188","0","0","0","0","0","15","99","0","0","0","0","80","0","0","101","1","0","102"
"110610000","0","Stiletto","","0","0","11051000","11051000","14","301","11","0","0","0","0","19","109","10","20","4000","24499","0","0","0","0","0","26","99","0","0","0","0","102","0","0","201","1","0","103"
"110650000","0","Mail breaker","","0","0","11061000","11061000","14","301","11","0","0","0","0","19","109","5","20","4000","24499","0","0","0","0","0","26","99","0","0","0","0","102","0","0","101","1","0","103"
"110710000","0","Assassin Dagger","","0","0","11071000","11071000","14","301","11","0","0","0","0","34","109","10","20","4000","53070","0","0","0","0","0","32","99","0","0","0","1","114","0","0","201","1","0","104"
"110810000","0","Sword breaker","","0","0","11081000","11081000","14","301","11","0","0","0","0","41","109","10","20","4000","101018","0","0","0","0","0","38","99","0","0","0","2","126","0","0","201","1","0","105"
"110910000","0","Kukry","","0","0","11091000","11091000","14","301","11","0","0","0","0","47","109","10","20","4000","175761","0","0","0","0","0","44","99","0","0","0","3","138","0","0","0","2","0","0"
"110912000","0","Kukry","","1","0","11091000","11091000","14","301","11","0","0","0","0","47","109","10","20","6000","17576","0","0","0","0","0","0","100","0","0","0","0","138","0","0","0","2","0","0"
"111010000","0","Cleaver","","0","0","11101000","11101000","14","301","11","0","0","0","0","54","109","10","20","4000","286232","0","0","0","0","0","50","99","0","0","0","4","150","0","0","0","2","0","0"
"111012000","0","Cleaver","","1","0","11101000","11101000","14","301","11","0","0","0","0","54","109","10","20","6000","28623","0","0","0","0","0","0","100","0","0","0","0","150","0","0","0","2","0","0"
"111110000","0","Mirage Dagger","","0","0","11111000","11111000","14","301","11","0","0","0","0","61","109","10","20","4000","443045","0","0","0","0","0","56","99","0","0","0","5","162","0","0","0","3","0","0"
"111111000","24","Mirage Dagger","","0","0","11111000","11111000","14","301","11","0","0","0","0","61","109","10","20","6000","443045","0","0","0","0","0","56","99","0","0","0","0","162","0","0","0","5","0","0"
"111112000","0","Mirage Dagger","","1","0","11111000","11111000","14","301","11","0","0","0","0","61","109","10","20","6000","44304","0","0","0","0","0","0","100","0","0","0","0","162","0","0","0","3","0","0"
"111122000","24","Mirage Dagger","","1","0","11111000","11111000","14","301","11","0","0","0","0","61","109","10","20","6000","44304","0","0","0","0","0","0","100","0","0","0","0","162","0","0","0","5","0","0"
"111210000","0","Shard","","0","0","11121000","11121000","14","301","11","0","0","0","0","66","109","10","20","4000","618052","0","0","0","0","0","61","99","0","0","0","6","172","0","0","0","3","0","0"
"111211000","24","Shard","","0","0","11121000","11121000","14","301","11","0","0","0","0","66","109","10","20","6000","618052","0","0","0","0","0","61","99","0","0","0","0","172","0","0","0","5","0","0"
"111310000","0","Exceptional Shard","","0","0","11121000","11121000","14","301","11","0","0","0","0","68","109","10","20","6000","618052","0","0","0","0","0","61","99","0","0","0","0","172","0","0","0","3","0","0"
"111311000","24","Exceptional Shard","","0","0","11121000","11121000","14","301","11","0","0","0","0","68","109","10","20","6000","618052","0","0","0","0","0","61","99","0","0","0","0","172","0","0","0","5","0","0"
"111470000","22","Training Knife","Knife for training rogues","0","0","11071000","11071000","14","301","11","0","0","0","2","46","109","10","20","4000","50","0","0","0","0","0","15","99","0","0","0","0","0","0","0","0","0","0","0"
"119101000","23","Dark Vane","Made by the Dark Elf, it kills the opponent instantaneously. ","0","0","11910100","11121000","14","301","11","0","0","0","0","62","109","10","30","4000","310158","0","0","0","0","0","40","99","0","0","0","0","140","0","0","0","3","0","0"
"119102000","0","Islante Icicle","Mysterious icicle|Found during the Adonis expedition for evil-soldier subjugation.","1","0","11910200","11910200","14","301","11","0","0","0","0","62","109","10","30","4000","310158","0","0","0","0","0","1","99","0","0","0","0","140","0","0","0","3","0","0"
"119111000","24","Dark Vane","","0","0","11910100","11121000","14","301","11","0","0","0","0","62","109","10","30","4000","310158","0","0","0","0","0","40","99","0","0","0","0","140","0","0","0","5","0","0"
"119112000","24","Islante Icicle","Mysterious icicle|Found during the Adonis expedition for evil-soldier subjugation.","1","0","11910200","11910200","14","301","11","0","0","0","0","62","109","10","30","4000","310158","0","0","0","0","0","1","99","0","0","0","0","140","0","0","0","5","0","0"
"119301000","23","Sherion","Lethal dagger employed by legendary assassins","1","0","11930100","11121000","14","301","11","0","0","0","0","66","109","10","20","6000","453216","0","0","0","0","0","61","99","0","0","0","90","172","0","0","0","3","0","0"
"119311000","24","Sherion","Lethal dagger employed by legendary assassins","1","0","11930100","11121000","14","301","11","0","0","0","0","66","109","10","20","6000","453216","0","0","0","0","0","61","99","0","0","0","90","172","0","0","0","5","0","0"
"120010000","22","Short Sword","Basic Warrior Item","0","0","12011000","12011000","14","301","21","0","0","0","0","4","114","10","30","5000","50","0","0","0","0","0","1","99","0","0","0","0","0","0","0","0","0","0","0"
"120050000","22","Short Sword","Basic Warrior Item","0","0","12015000","12015000","14","301","21","0","0","0","0","4","114","10","30","5000","50","0","0","0","0","0","1","99","0","0","0","0","0","0","0","0","0","0","0"
"120110000","1","Short Blade","","0","0","12011000","12011000","14","301","21","0","0","0","0","5","114","10","30","5000","205","0","0","0","0","0","6","99","0","0","62","0","0","0","0","201","1","0","113"
"120150000","1","Short Sword","","0","0","12015000","12015000","14","301","21","0","0","0","0","5","114","10","30","5000","205","0","0","0","0","0","6","99","0","0","62","0","0","0","0","101","1","0","104"
"120190000","1","Short Blade","One-handed sword readily available for anyone’s use.|(Quest Item)","1","0","12011000","12011000","14","301","21","0","0","0","0","5","114","10","30","8000","205","0","0","0","0","0","6","99","0","0","62","0","0","0","0","0","1","0","0"
"120310000","1","Long Sword","","0","0","12021000","12021000","14","301","21","0","0","0","0","9","114","10","40","5000","1043","0","0","0","0","0","11","99","0","0","72","0","0","0","0","201","1","0","114"
"120350000","1","Broad Sword","","0","0","12081000","12081000","14","301","21","0","0","0","0","9","114","10","40","5000","1043","0","0","0","0","0","11","99","0","0","72","0","0","0","0","101","1","0","105"
"120510000","1","Scimitar","","0","0","12041000","12041000","14","301","21","0","0","0","0","15","114","10","60","5000","7647","0","0","0","0","0","19","99","0","0","88","0","0","0","0","201","1","0","115"
"120550000","1","Falchion","","0","0","12031000","12031000","14","301","21","0","0","0","0","15","114","10","60","5000","7647","0","0","0","0","0","19","99","0","0","88","0","0","0","0","101","1","0","106"
"120710000","1","Flame Sword","","0","0","12091000","12091000","14","301","21","0","0","0","0","22","114","10","70","5000","32270","0","0","0","0","0","28","99","0","0","106","0","0","0","0","201","1","0","116"
"120750000","1","Sabre","","0","0","12061000","12061000","14","301","21","0","0","0","0","22","114","10","70","5000","32270","0","0","0","0","0","28","99","0","0","106","0","0","0","0","101","1","0","107"
"120810000","1","Rapier","","0","0","12081000","12081000","14","301","21","0","0","0","0","38","114","10","70","5000","66563","0","0","0","0","0","34","99","0","0","118","0","0","0","0","201","1","0","117"
"120910000","1","Gradius","","0","0","12091000","12091000","14","301","21","0","0","0","0","45","114","10","70","5000","122547","0","0","0","0","0","40","99","0","0","130","0","0","0","0","201","1","0","118"
"121010000","1","Crescent","","0","0","12101000","12101000","14","301","21","0","0","0","0","52","114","10","70","5000","208127","0","0","0","0","0","46","99","0","0","142","0","0","0","0","0","2","0","0"
"121110000","1","Blade","","0","0","12111000","12111000","14","301","21","0","0","0","0","60","114","10","70","5000","358112","0","0","0","0","0","53","99","0","0","156","0","0","0","0","0","2","0","0"
"121210000","1","Slayer","","0","0","12121000","12121000","14","301","21","0","0","0","0","66","114","10","70","5000","507711","0","0","0","0","0","58","99","0","0","166","0","0","0","0","0","3","0","0"
"121211000","25","Slayer","","0","0","12121000","12121000","14","301","21","0","0","0","0","66","114","10","70","8000","507711","0","0","0","0","0","58","99","0","0","166","0","0","0","0","0","5","0","0"
"121310000","1","Graham","","0","0","12131000","12131000","14","301","21","0","0","0","0","72","114","10","70","5000","746039","0","0","0","0","0","64","99","0","0","178","0","0","0","0","0","3","0","0"
"121311000","25","Graham","","0","0","12131000","12131000","14","301","21","0","0","0","0","72","114","10","70","8000","746039","0","0","0","0","0","64","99","0","0","178","0","0","0","0","0","5","0","0"
"121410000","1","Exceptional Graham","","0","0","12131000","12131000","14","301","21","0","0","0","0","74","114","10","70","8000","746039","0","0","0","0","0","64","99","0","0","178","0","0","0","0","0","3","0","0"
"121411000","25","Exceptional Graham","","0","0","12131000","12131000","14","301","21","0","0","0","0","74","114","10","70","8000","746039","0","0","0","0","0","64","99","0","0","178","0","0","0","0","0","5","0","0"
"121510000","22","Skeleton Sword","","0","0","12051000","12151000","0","0","21","0","0","0","0","50","110","10","35","2500","30000","0","0","0","0","0","18","99","0","0","0","0","0","0","0","0","0","0","0"
"125070000","22","Two-Handed Training Sword","Two-handed sword for training warriors","0","0","12571000","12571000","14","301","22","0","3","0","1","83","139","15","80","5000","50","0","0","0","0","0","15","99","0","0","0","0","0","0","0","0","0","0","0"
"125210000","2","Combined Blade","","0","0","12521000","12521000","14","301","22","0","3","0","0","12","139","15","80","5000","495","0","0","0","0","0","8","99","0","0","66","0","0","0","0","201","1","0","119"
"125250000","2","Bastard Sword","","0","0","12525000","12525000","14","301","22","0","3","0","0","12","139","15","80","5000","495","0","0","0","0","0","8","99","0","0","66","0","0","0","0","101","1","0","108"
"125310000","2","Two-Handed Sword","","0","0","12531000","12531000","14","301","22","0","3","0","0","16","139","15","90","5000","1197","0","0","0","0","0","11","99","0","0","72","0","0","0","0","201","1","0","120"
"125350000","2","Twei Hander","","0","0","12541000","12541000","14","301","22","0","3","0","0","16","139","15","90","5000","1197","0","0","0","0","0","11","99","0","0","72","0","0","0","0","101","1","0","109"
"125610000","2","Battle Sword","","0","0","12551000","12551000","14","301","22","0","3","0","0","27","139","15","100","5000","7913","0","0","0","0","0","19","99","0","0","88","0","0","0","0","201","1","0","121"
"125650000","2","War Sword","","0","0","12561000","12561000","14","301","22","0","3","0","0","27","139","15","100","5000","7913","0","0","0","0","0","19","99","0","0","88","0","0","0","0","101","1","0","110"
"125810000","2","Great Sword","","0","0","12571000","12571000","14","301","22","0","3","0","0","39","139","15","100","5000","32662","0","0","0","0","0","28","99","0","0","106","0","0","0","0","201","1","0","122"
"125850000","2","Giant Sword","","0","0","12581000","12581000","14","301","22","0","3","0","0","39","139","15","100","5000","32662","0","0","0","0","0","28","99","0","0","106","0","0","0","0","101","1","0","111"
"125910000","2","Claymore","","0","0","12591000","12591000","14","301","22","0","3","0","0","65","139","15","100","5000","67039","0","0","0","0","0","34","99","0","0","118","0","0","0","0","201","1","0","123"
"126010000","2","Flamberge","","0","0","12601000","12601000","14","301","22","0","3","0","0","77","139","15","100","5000","123107","0","0","0","0","0","40","99","0","0","130","0","0","0","0","201","1","0","124"
"126110000","2","Double Blade","","0","0","12611000","12611000","14","301","22","0","3","0","0","88","139","15","100","5000","208771","0","0","0","0","0","46","99","0","0","142","0","0","0","0","0","2","0","0"
"126112000","2","Double Blade","","1","0","12611000","12611000","14","301","22","0","3","0","0","88","139","15","100","5000","20876","0","0","0","0","0","0","100","0","0","142","0","0","0","0","0","2","0","0"
"126210000","2","Destroyer","","0","0","12621000","12621000","14","301","22","0","3","0","0","102","139","15","100","5000","358854","0","0","0","0","0","53","99","0","0","156","0","0","0","0","0","2","0","0"
"126212000","2","Destroyer","","1","0","12621000","12621000","14","301","22","0","3","0","0","102","139","15","100","5000","35885","0","0","0","0","0","0","100","0","0","156","0","0","0","0","0","2","0","0"
"126310000","2","Durandal","","0","0","12631000","12631000","14","301","22","0","3","0","0","112","139","15","100","5000","508523","0","0","0","0","0","58","99","0","0","166","0","0","0","0","0","3","0","0"
"126311000","26","Durandal","","0","0","12631000","12631000","14","301","22","0","3","0","0","112","139","15","100","5000","508523","0","0","0","0","0","58","99","0","0","166","0","0","0","0","0","5","0","0"
"126312000","2","Durandal","","1","0","12631000","12631000","14","301","22","0","3","0","0","112","139","15","100","5000","50852","0","0","0","0","0","0","100","0","0","166","0","0","0","0","0","3","0","0"
"126322000","26","Durandal","","1","0","12631000","12631000","14","301","22","0","3","0","0","112","139","15","100","5000","50852","0","0","0","0","0","0","100","0","0","166","0","0","0","0","0","5","0","0"
"126410000","2","Mirage","","0","0","12641000","12641000","14","301","22","0","3","0","0","123","139","15","100","5000","746935","0","0","0","0","0","64","99","0","0","178","0","0","0","0","0","3","0","0"
"126411000","26","Mirage","","0","0","12641000","12641000","14","301","22","0","3","0","0","123","139","15","100","5000","746935","0","0","0","0","0","64","99","0","0","178","0","0","0","0","0","5","0","0"
"126610000","2","Exceptional Mirage","","0","0","12641000","12641000","14","301","22","0","3","0","0","125","139","15","100","5000","746935","0","0","0","0","0","64","99","0","0","178","0","0","0","0","0","3","0","0"
"126611000","26","Exceptional Mirage","","0","0","12641000","12641000","14","301","22","0","3","0","0","125","139","15","100","5000","746935","0","0","0","0","0","64","99","0","0","178","0","0","0","0","0","5","0","0"
"129101000","23","Hanguk Sword","Crafted by the artisans of Chosun. Has mysterious powers.","0","0","12151000","12151000","14","301","21","0","0","0","0","67","114","10","80","5000","310158","0","0","0","0","0","40","99","0","0","130","0","0","0","0","0","3","0","0"
"129111000","25","Hanguk Sword","","0","0","12151000","12151000","14","301","21","0","0","0","0","67","114","10","80","5000","310158","0","0","0","0","0","40","99","0","0","130","0","0","0","0","0","5","0","0"
"130110000","22","Stone Axe","","0","0","13011000","13011000","330","341","31","0","0","0","0","10","114","10","30","7000","405","0","0","0","0","0","2","99","0","0","60","0","0","0","0","0","0","0","0"
"130210000","3","Hand Axe","","0","0","13021000","13021000","330","341","31","0","0","0","0","11","114","10","30","7000","2572","0","0","0","0","0","14","99","0","0","78","0","0","0","0","201","1","0","201"
"130250000","3","Wood Cutter","","0","0","13031000","13031000","330","341","31","0","0","0","0","11","114","10","30","7000","2572","0","0","0","0","0","14","99","0","0","78","0","0","0","0","101","1","0","112"
"130410000","3","Double Axe","","0","0","13041000","13041000","330","341","31","0","0","0","0","18","119","10","40","7000","13329","0","0","0","0","0","22","99","0","0","94","0","0","0","0","201","1","0","202"
"130450000","3","Large Axe","","0","0","13081000","13081000","330","341","31","0","0","0","0","18","119","10","40","7000","13329","0","0","0","0","0","22","99","0","0","94","0","0","0","0","101","1","0","113"
"130451000","27","Large Axe","","1","0","13081000","13081000","330","341","31","0","0","0","0","18","119","10","40","9000","13329","0","0","0","0","0","22","99","0","0","94","0","0","0","0","0","5","0","0"
"130610000","3","Bipennis","","0","0","13042000","13042000","330","341","31","0","0","0","0","24","119","10","50","7000","41929","0","0","0","0","0","30","99","0","0","110","0","0","0","0","201","1","0","203"
"130650000","3","Warrior Axe","","0","0","13082000","13082000","330","341","31","0","0","0","0","24","119","10","50","7000","41929","0","0","0","0","0","30","99","0","0","110","0","0","0","0","101","1","0","114"
"130651000","27","Warrior Axe","","1","0","13082000","13082000","330","341","31","0","0","0","0","24","119","10","50","9000","41929","0","0","0","0","0","30","99","0","0","110","0","0","0","0","0","5","0","0"
"130710000","3","Military Pick","","0","0","13021000","13021000","330","341","31","0","0","0","0","44","119","10","50","7000","91644","0","0","0","0","0","37","99","0","0","124","0","0","0","0","201","1","0","204"
"130810000","3","Cleaver Axe","","0","0","13041000","13041000","330","341","31","0","0","0","0","51","119","10","50","7000","161385","0","0","0","0","0","43","99","0","0","136","0","0","0","0","0","2","0","0"
"130910000","3","Wrist Cutter","","0","0","13021000","13021000","330","341","31","0","0","0","0","58","119","10","50","7000","265254","0","0","0","0","0","49","99","0","0","148","0","0","0","0","0","2","0","0"
"131010000","3","Tomahawk","","0","0","13041000","13041000","330","341","31","0","0","0","0","65","119","10","50","7000","413572","0","0","0","0","0","55","99","0","0","160","0","0","0","0","0","3","0","0"
"131011000","27","Tomahawk","","0","0","13041000","13041000","330","341","31","0","0","0","0","65","119","10","50","9000","413572","0","0","0","0","0","55","99","0","0","160","0","0","0","0","0","5","0","0"
"131110000","3","Deep Scar","","0","0","13111000","13111000","330","341","31","0","0","0","0","72","119","10","50","9000","618479","0","0","0","0","12050000","61","99","0","0","172","0","0","0","0","0","3","0","0"
"131111000","27","Deep Scar","","0","0","13111000","13111000","330","341","31","0","0","0","0","72","119","10","50","9000","618479","0","0","0","0","12050000","61","99","0","0","172","0","0","0","0","0","5","0","0"
"131210000","3","Exceptional Deep Scar","","0","0","13111000","13111000","330","341","31","0","0","0","0","74","119","10","50","9000","618479","0","0","0","0","12050000","61","99","0","0","172","0","0","0","0","0","3","0","0"
"131211000","27","Exceptional Deep Scar","","0","0","13111000","13111000","330","341","31","0","0","0","0","74","119","10","50","9000","618479","0","0","0","0","12050000","61","99","0","0","172","0","0","0","0","0","5","0","0"
"131510000","22","Cyclops Giant Arrow","","0","0","13051000","12011000","0","0","21","0","0","0","0","12","110","15","100","5000","20000","0","0","0","0","0","25","99","0","0","0","0","0","0","0","0","0","0","0"
"131610000","22","Attila Axe","","0","0","13061000","13061000","330","341","32","0","3","0","0","64","120","15","90","8000","759000","0","0","0","0","0","1","99","0","0","90","0","0","0","0","0","0","0","0"
"131710000","22","Dreadmare Axe","Monster Weapon","0","0","13171000","13171000","0","0","21","0","0","0","0","1","100","0","0","5000","20000","0","0","0","0","0","0","99","0","0","0","0","0","0","0","0","0","0","0"
"135310000","4","Battle Axe","","0","0","13511000","13511000","330","341","32","0","3","0","0","20","139","15","120","7000","2768","0","0","0","0","0","14","99","0","0","78","0","0","0","0","201","1","0","207"
"135350000","4","War Axe","","0","0","13521000","13521000","330","341","32","0","3","0","0","20","139","15","120","7000","2768","0","0","0","0","0","14","99","0","0","78","0","0","0","0","101","1","0","115"
"135510000","4","Timber Axe","","0","0","13531000","13531000","330","341","32","0","3","0","0","31","139","15","120","7000","13637","0","0","0","0","0","22","99","0","0","94","0","0","0","0","201","1","0","208"
"135550000","4","Lumber Axe","","0","0","13541000","13541000","330","341","32","0","3","0","0","31","139","15","120","7000","13637","0","0","0","0","0","22","99","0","0","94","0","0","0","0","101","1","0","116"
"135620000","22","Chinese Flag","","0","0","13562000","13562000","0","0","97","0","0","0","0","0","109","0","1","20000","10000","0","0","0","0","0","1","99","0","0","0","0","0","0","0","0","0","0","0"
"135621000","22","Gold Trophy","","0","0","13562100","13562100","0","0","97","0","0","0","0","0","32000","0","1","20000","10000","0","0","0","0","0","1","99","0","0","0","0","0","0","0","0","0","0","0"
"135622000","22","Silver Trophy","","0","0","13562200","13562200","0","0","97","0","0","0","0","0","32000","0","1","20000","10000","0","0","0","0","0","1","99","0","0","0","0","0","0","0","0","0","0","0"
"135623000","22","Bronze Trophy","","0","0","13562300","13562300","0","0","97","0","0","0","0","0","32000","0","1","20000","10000","0","0","0","0","0","1","99","0","0","0","0","0","0","0","0","0","0","0"
"135624000","22","Tea Guk Ki","","0","0","13562400","13562400","0","0","95","0","0","0","0","0","109","0","1","20000","10000","0","0","0","0","0","1","99","0","0","0","0","0","0","0","0","0","0","0"
"135710000","4","Twin Axe","","0","0","13551000","13551000","330","341","32","0","3","0","0","42","139","15","120","7000","42349","0","0","0","0","0","30","99","0","0","110","0","0","0","0","201","1","0","209"
"135750000","4","Tabar","","0","0","13561000","13561000","330","341","32","0","3","0","0","42","139","15","120","7000","42349","0","0","0","0","0","30","99","0","0","110","0","0","0","0","101","1","0","117"
"135751000","28","Tabar","","1","0","13561000","13561000","330","341","32","0","3","0","0","42","139","15","120","7000","42349","0","0","0","0","0","30","99","0","0","110","0","0","0","0","0","5","0","0"
"135810000","4","Great Axe","","0","0","13511000","13511000","330","341","32","0","3","0","0","71","139","15","120","7000","92162","0","0","0","0","0","37","99","0","0","124","0","0","0","0","201","1","0","210"
"135812000","4","Great Axe","","1","0","13511000","13511000","330","341","32","0","3","0","0","71","139","15","120","7000","9216","0","0","0","0","0","0","100","0","0","124","0","0","0","0","0","1","0","0"
"135910000","4","Broad Axe","","0","0","13531000","13531000","330","341","32","0","3","0","0","82","139","15","120","7000","161987","0","0","0","0","0","43","99","0","0","136","0","0","0","0","0","2","0","0"
"135912000","4","Broad Axe","","1","0","13531000","13531000","330","341","32","0","3","0","0","82","139","15","120","7000","16198","0","0","0","0","0","0","100","0","0","136","0","0","0","0","0","2","0","0"
"136010000","4","Bone Axe","","0","0","13511000","13511000","330","341","32","0","3","0","0","95","139","15","120","7000","265940","0","0","0","0","0","49","99","0","0","148","0","0","0","0","0","2","0","0"
"136110000","4","Bone Cleaver","","0","0","13531000","13531000","330","341","32","0","3","0","0","106","139","15","120","7000","414342","0","0","0","0","0","55","99","0","0","160","0","0","0","0","0","3","0","0"
"136111000","28","Bone Cleaver","","0","0","13531000","13531000","330","341","32","0","3","0","0","106","139","15","120","7000","414342","0","0","0","0","0","55","99","0","0","160","0","0","0","0","0","5","0","0"
"136112000","4","Bone Cleaver","","1","0","13531000","13531000","330","341","32","0","3","0","0","106","139","15","120","7000","41434","0","0","0","0","0","0","100","0","0","160","0","0","0","0","0","3","0","0"
"136122000","28","Bone Cleaver","","1","0","13531000","13531000","330","341","32","0","3","0","0","106","139","15","120","7000","41434","0","0","0","0","0","0","100","0","0","160","0","0","0","0","0","5","0","0"
"136210000","4","Blade Axe","","0","0","13621000","13621000","330","341","32","0","3","0","0","117","139","15","120","7000","619333","0","0","0","0","12050000","61","99","0","0","172","0","0","0","0","0","3","0","0"
"136211000","28","Blade Axe","","0","0","13621000","13621000","330","341","32","0","3","0","0","117","139","15","120","7000","619333","0","0","0","0","12050000","61","99","0","0","172","0","0","0","0","0","5","0","0"
"136310000","4","Exceptional Blade Axe","","0","0","13621000","13621000","330","341","32","0","3","0","0","127","139","15","120","7000","619333","0","0","0","0","12050000","61","99","0","0","172","0","0","0","0","0","3","0","0"
"136311000","28","Exceptional Blade Axe","","0","0","13621000","13621000","330","341","32","0","3","0","0","127","139","15","120","7000","619333","0","0","0","0","12050000","61","99","0","0","172","0","0","0","0","0","5","0","0"
"139301000","23","Avedon","According to legend, this ax will lead to the destruction of the world.","1","0","13930100","13621000","330","341","32","0","3","0","0","134","139","15","800","7000","619333","0","0","0","0","0","61","99","0","0","188","80","0","0","0","0","3","0","0"
"139311000","28","Avedon","According to legend, this ax will lead to the destruction of the world.","1","0","13930100","13621000","330","341","32","0","3","0","0","134","139","15","800","7000","619333","0","0","0","0","0","61","99","0","0","188","80","0","0","0","0","5","0","0"
"140210000","5","Maul","","0","0","14061000","14061000","330","341","41","0","0","0","0","13","119","10","50","10000","4213","0","0","0","0","0","16","99","0","0","82","0","0","0","0","201","1","0","213"
"140250000","5","Morning Star","","0","0","14041000","14041000","330","341","41","0","0","0","0","13","119","10","50","10000","4213","0","0","0","0","0","16","99","0","0","82","0","0","0","0","101","1","0","118"
"140410000","5","Mace","","0","0","14021000","14021000","330","341","41","0","0","0","0","20","119","10","50","10000","21440","0","0","0","0","0","25","99","0","0","100","0","0","0","0","201","1","0","214"
"140450000","5","Iron Star","","0","0","14042000","14042000","330","341","41","0","0","0","0","20","119","10","50","10000","21440","0","0","0","0","0","25","99","0","0","100","0","0","0","0","101","1","0","119"
"140610000","5","War Hammer","","0","0","14025000","14025000","330","341","41","0","0","0","0","26","119","10","60","10000","53406","0","0","0","0","0","32","99","0","0","114","0","0","0","0","201","1","0","215"
"140650000","5","Spiked Club","","0","0","14011000","14011000","330","341","41","0","0","0","0","26","119","10","60","10000","53406","0","0","0","0","0","32","99","0","0","114","0","0","0","0","101","1","0","120"
"140710000","5","Breaker","","0","0","14061000","14061000","330","341","41","0","0","0","0","46","119","10","60","10000","111803","0","0","0","0","0","39","99","0","0","128","0","0","0","0","201","1","0","216"
"140810000","5","Hacker","","0","0","14021000","14021000","330","341","41","0","0","0","0","53","119","10","60","10000","191899","0","0","0","0","0","45","99","0","0","140","0","0","0","0","0","2","0","0"
"140910000","5","Cracker","","0","0","14061000","14061000","330","341","41","0","0","0","0","61","119","10","60","10000","333324","0","0","0","0","0","52","99","0","0","154","0","0","0","0","0","2","0","0"
"141010000","5","Bone Crasher","","0","0","14021000","14021000","330","341","41","0","0","0","0","67","119","10","60","10000","475131","0","0","0","0","0","57","99","0","0","164","0","0","0","0","0","3","0","0"
"141011000","29","Bone Crasher","","0","0","14021000","14021000","330","341","41","0","0","0","0","67","119","10","60","14000","475131","0","0","0","0","0","57","99","0","0","164","0","0","0","0","0","5","0","0"
"141110000","5","Impact","","0","0","14111000","14111000","330","341","41","0","0","0","0","74","119","10","60","14000","701959","0","0","0","0","12130000","63","99","0","0","176","0","0","0","0","0","3","0","0"
"141111000","29","Impact","","0","0","14111000","14111000","330","341","41","0","0","0","0","74","119","10","60","14000","701959","0","0","0","0","12130000","63","99","0","0","176","0","0","0","0","0","5","0","0"
"141210000","5","Exceptional Impact","","0","0","14111000","14111000","330","341","41","0","0","0","0","76","119","10","60","14000","701959","0","0","0","0","12130000","63","99","0","0","176","0","0","0","0","0","3","0","0"
"141211000","29","Exceptional Impact","","0","0","14111000","14111000","330","341","41","0","0","0","0","76","119","10","60","14000","701959","0","0","0","0","12130000","63","99","0","0","176","0","0","0","0","0","5","0","0"
"142110000","22","monster weapon","","0","0","14211000","14211000","330","341","41","0","0","0","0","74","119","10","60","10000","701959","0","0","0","0","0","63","99","0","0","176","0","0","0","0","0","0","0","0"
"145310000","6","Great Maul","","0","0","14511000","14511000","330","341","42","0","3","0","0","25","149","15","140","10000","4325","0","0","0","0","0","16","99","0","0","82","0","0","0","0","201","1","0","219"
"145350000","6","Giant Maul","","0","0","14521000","14521000","330","341","42","0","3","0","0","25","149","15","140","10000","4325","0","0","0","0","0","16","99","0","0","82","0","0","0","0","101","1","0","121"
"145510000","6","Battle Mace","","0","0","14531000","14531000","330","341","42","0","3","0","0","36","149","15","140","10000","18619","0","0","0","0","0","24","99","0","0","98","0","0","0","0","201","1","0","220"
"145550000","6","War Club","","0","0","14541000","14541000","330","341","42","0","3","0","0","36","149","15","140","10000","18619","0","0","0","0","0","24","99","0","0","98","0","0","0","0","101","1","0","122"
"145710000","6","Great Mace","","0","0","14551000","14551000","330","341","42","0","3","0","0","48","149","15","140","10000","53630","0","0","0","0","0","32","99","0","0","114","0","0","0","0","201","1","0","221"
"145712000","6","Great Mace","","1","0","14551000","14551000","330","341","42","0","3","0","0","48","149","15","140","10000","5363","0","0","0","0","0","0","100","0","0","114","0","0","0","0","0","1","0","0"
"145750000","6","Giant Morning Star","","0","0","14561000","14561000","330","341","42","0","3","0","0","48","149","15","140","10000","53630","0","0","0","0","0","32","99","0","0","114","0","0","0","0","101","1","0","123"
"145810000","6","Weight Hammer","","0","0","14511000","14511000","330","341","42","0","3","0","0","81","149","15","140","10000","112076","0","0","0","0","0","39","99","0","0","128","0","0","0","0","0","1","0","0"
"145812000","6","Weight Hammer","","1","0","14511000","14511000","330","341","42","0","3","0","0","81","149","15","140","10000","11207","0","0","0","0","0","0","100","0","0","128","0","0","0","0","0","1","0","0"
"145910000","6","Large Breaker","","0","0","14531000","14531000","330","341","42","0","3","0","0","93","149","15","140","10000","192214","0","0","0","0","0","45","99","0","0","140","0","0","0","0","0","2","0","0"
"146010000","6","Large Hacker","","0","0","14511000","14511000","330","341","42","0","3","0","0","107","149","15","140","10000","333688","0","0","0","0","0","52","99","0","0","154","0","0","0","0","0","2","0","0"
"146110000","6","Totamic Club","","0","0","14531000","14531000","330","341","42","0","3","0","0","117","149","15","140","10000","475530","0","0","0","0","0","57","99","0","0","164","0","0","0","0","0","3","0","0"
"146111000","30","Totamic Club","","0","0","14531000","14531000","330","341","42","0","3","0","0","117","149","15","140","10000","475530","0","0","0","0","0","57","99","0","0","164","0","0","0","0","0","5","0","0"
"146112000","6","Totamic Club","","1","0","14531000","14531000","330","341","42","0","3","0","0","117","149","15","140","10000","47553","0","0","0","0","0","0","100","0","0","164","0","0","0","0","0","3","0","0"
"146122000","30","Totamic Club","","1","0","14531000","14531000","330","341","42","0","3","0","0","117","149","15","140","10000","47553","0","0","0","0","0","0","100","0","0","164","0","0","0","0","0","5","0","0"
"146210000","6","Iron Impact","","0","0","14621000","14621000","330","341","42","0","3","0","0","130","149","15","140","10000","702400","0","0","0","0","12130000","63","99","0","0","176","0","0","0","0","0","3","0","0"
"146211000","30","Iron Impact","","0","0","14621000","14621000","330","341","42","0","3","0","0","130","149","15","140","10000","702400","0","0","0","0","12130000","63","99","0","0","176","0","0","0","0","0","5","0","0"
"146310000","6","Exceptional Iron Impact","","0","0","14621000","14621000","330","341","42","0","3","0","0","132","149","15","140","10000","702400","0","0","0","0","12130000","63","99","0","0","176","0","0","0","0","0","3","0","0"
"146311000","30","Exceptional Iron Impact","","0","0","14621000","14621000","330","341","42","0","3","0","0","132","149","15","140","10000","702400","0","0","0","0","12130000","63","99","0","0","176","0","0","0","0","0","5","0","0"
"149101000","23","Hell Breaker","Built only in Halskarem, the city of steel. ","0","0","14621000","14621000","341","41","42","0","3","0","0","131","139","15","160","10000","580958","0","0","0","0","0","40","99","0","0","150","0","0","0","0","0","3","0","0"
"149111000","30","Hell Breaker","","0","0","14621000","14621000","341","41","42","0","3","0","0","131","139","15","160","10000","580958","0","0","0","0","0","40","99","0","0","150","0","0","0","0","0","5","0","0"
"150210000","7","Spear","","0","0","15031000","15031000","310","301","51","0","1","0","0","16","129","20","60","4000","6471","0","0","0","0","0","18","99","0","0","86","0","0","0","0","201","1","0","301"
"150250000","7","Spike","","0","0","15035000","15035000","310","301","51","0","1","0","0","16","129","20","60","4000","6471","0","0","0","0","0","18","99","0","0","86","0","0","0","0","101","1","0","124"
"150410000","7","Cross Spear","","0","0","15041000","15041000","310","301","51","0","1","0","0","23","129","20","60","4000","24808","0","0","0","0","0","26","99","0","0","102","0","0","0","0","201","1","0","302"
"150450000","7","Battle Pork","","0","0","15061000","15061000","310","301","51","0","1","0","0","23","129","20","60","4000","24808","0","0","0","0","0","26","99","0","0","102","0","0","0","0","101","1","0","201"
"150610000","7","Spetum","","0","0","15081000","15081000","310","301","51","0","1","0","0","30","129","20","65","4000","66968","0","0","0","0","0","34","99","0","0","118","0","0","0","0","201","1","0","303"
"150650000","7","Spetum","","0","0","15071000","15071000","310","301","51","0","1","0","0","30","129","20","65","4000","66968","0","0","0","0","0","34","99","0","0","118","0","0","0","0","101","1","0","202"
"150710000","7","Long Spear","","0","0","15031000","15031000","310","301","51","0","1","0","0","54","129","20","65","4000","147851","0","0","0","0","0","42","99","0","0","134","1","0","0","0","201","1","0","304"
"150810000","7","Pike","","0","0","15041000","15041000","310","301","51","0","1","0","0","60","129","20","65","4000","226468","0","0","0","0","0","47","99","0","0","144","2","0","0","0","0","1","0","0"
"150812000","7","Pike","","1","0","15041000","15041000","310","301","51","0","1","0","0","60","129","20","65","7000","22646","0","0","0","0","0","0","100","0","0","144","0","0","0","0","0","1","0","0"
"150910000","7","Trident","","0","0","15081000","15081000","310","301","51","0","1","0","0","65","129","20","65","4000","309444","0","0","0","0","0","51","99","0","0","152","3","0","0","0","0","2","0","0"
"150912000","7","Trident","","1","0","15081000","15081000","310","301","51","0","1","0","0","65","129","20","65","7000","30944","0","0","0","0","0","0","100","0","0","152","0","0","0","0","0","2","0","0"
"151010000","7","Philum","","0","0","15031000","15031000","310","301","51","0","1","0","0","72","129","20","65","4000","443711","0","0","0","0","0","56","99","0","0","162","4","0","0","0","0","2","0","0"
"151110000","7","Harpoon","","0","0","15041000","15041000","310","301","51","0","1","0","0","77","129","20","65","4000","580118","0","0","0","0","0","60","99","0","0","170","5","0","0","0","0","3","0","0"
"151111000","31","Harpoon","","0","0","15041000","15041000","310","301","51","0","1","0","0","77","129","20","65","7000","580118","0","0","0","0","0","60","99","0","0","170","0","0","0","0","0","5","0","0"
"151112000","7","Harpoon","","1","0","15041000","15041000","310","301","51","0","1","0","0","77","129","20","65","7000","58011","0","0","0","0","0","0","100","0","0","170","0","0","0","0","0","3","0","0"
"151122000","31","Harpoon","","1","0","15041000","15041000","310","301","51","0","1","0","0","77","129","20","65","7000","58011","0","0","0","0","0","0","100","0","0","170","0","0","0","0","0","5","0","0"
"151210000","7","Totamic Spear","","0","0","15121000","15121000","310","301","51","0","1","0","0","82","129","20","65","7000","746801","0","0","0","0","12070000","64","99","0","0","178","0","0","0","0","0","3","0","0"
"151211000","31","Totamic Spear","","0","0","15121000","15121000","310","301","51","0","1","0","0","82","129","20","65","7000","746801","0","0","0","0","12070000","64","99","0","0","178","0","0","0","0","0","5","0","0"
"151310000","7","Exceptional Totemic Spear","","0","0","15121000","15121000","310","301","51","0","1","0","0","84","129","20","65","7000","746801","0","0","0","0","12070000","64","99","0","0","178","0","0","0","0","0","3","0","0"
"151311000","31","Exceptional Totamic Spear","","0","0","15121000","15121000","310","301","51","0","1","0","0","84","129","20","65","7000","746801","0","0","0","0","12070000","64","99","0","0","178","0","0","0","0","0","5","0","0"
"155310000","8","Pole Axe","","0","0","15511000","15511000","310","301","52","0","3","0","0","30","164","20","150","8000","6723","0","0","0","0","0","18","99","0","0","95","0","0","0","0","201","1","0","307"
"155350000","8","Spear Axe","","0","0","15521000","15521000","310","301","52","0","3","0","0","30","164","20","150","8000","6723","0","0","0","0","0","18","99","0","0","95","0","0","0","0","101","1","0","203"
"155510000","8","Battle Scythe","","0","0","15531000","15531000","310","301","52","0","3","0","0","43","164","20","150","8000","25172","0","0","0","0","0","26","99","0","0","115","0","0","0","0","201","1","0","308"
"155550000","8","War Scythe","","0","0","15541000","15541000","310","301","52","0","3","0","0","43","164","20","150","8000","25172","0","0","0","0","0","26","99","0","0","115","0","0","0","0","101","1","0","204"
"155710000","8","Grim Scythe","","0","0","15551000","15551000","310","301","52","0","3","0","0","56","164","20","150","8000","67444","0","0","0","0","0","34","99","0","0","135","0","0","0","0","201","1","0","309"
"155750000","8","Harsh Scythe","","0","0","15561000","15561000","310","301","52","0","3","0","0","56","164","20","150","8000","67444","0","0","0","0","0","34","99","0","0","135","0","0","0","0","101","1","0","205"
"155810000","8","Bill","","0","0","15511000","15511000","310","301","52","0","3","0","0","95","164","20","150","8000","148439","0","0","0","0","0","42","99","0","0","155","0","0","0","0","0","1","0","0"
"155812000","8","Bill","","1","0","15511000","15511000","310","301","52","0","3","0","0","95","164","20","150","8000","14843","0","0","0","0","0","0","100","0","0","155","0","0","0","0","0","1","0","0"
"155910000","8","Halberd","","0","0","15531000","15531000","310","301","52","0","3","0","0","107","164","20","150","8000","227126","0","0","0","0","0","47","99","0","0","168","0","0","0","0","0","2","0","0"
"155912000","8","Halberd","","1","0","15531000","15531000","310","301","52","0","3","0","0","107","164","20","150","8000","22712","0","0","0","0","0","0","100","0","0","168","0","0","0","0","0","2","0","0"
"156010000","8","Bardish","","0","0","15551000","15551000","310","301","52","0","3","0","0","116","164","20","150","8000","310158","0","0","0","0","0","51","99","0","0","178","0","0","0","0","0","2","0","0"
"156110000","8","Glave","","0","0","15511000","15511000","310","301","52","0","3","0","0","127","164","20","150","8000","444495","0","0","0","0","0","56","99","0","0","190","0","0","0","0","0","3","0","0"
"156111000","32","Glave","","0","0","15511000","15511000","310","301","52","0","3","0","0","127","164","20","150","8000","444495","0","0","0","0","0","56","99","0","0","190","0","0","0","0","0","5","0","0"
"156112000","8","Glave","","1","0","15511000","15511000","310","301","52","0","3","0","0","127","164","20","150","8000","44449","0","0","0","0","0","0","100","0","0","190","0","0","0","0","0","3","0","0"
"156122000","32","Glave","","1","0","15511000","15511000","310","301","52","0","3","0","0","127","164","20","150","8000","44449","0","0","0","0","0","0","100","0","0","190","0","0","0","0","0","5","0","0"
"156210000","8","Raptor","","0","0","15621000","15621000","310","301","52","0","3","0","0","137","164","20","150","8000","580958","0","0","0","0","12070000","60","99","0","0","200","0","0","0","0","0","3","0","0"
"156211000","32","Raptor","","0","0","15621000","15621000","310","301","52","0","3","0","0","137","164","20","150","8000","580958","0","0","0","0","12070000","60","99","0","0","200","0","0","0","0","0","5","0","0"
"156310000","8","Exceptional Raptor","","0","0","15621000","15621000","310","301","52","0","3","0","0","139","164","20","150","8000","580958","0","0","0","0","12070000","60","99","0","0","200","0","0","0","0","0","3","0","0"
"156311000","32","Exceptional Raptor","","0","0","15621000","15621000","310","301","52","0","3","0","0","139","164","20","150","8000","580958","0","0","0","0","12070000","60","99","0","0","200","0","0","0","0","0","5","0","0"
"159301000","23","Lugias","Spear made of bones of the Red Dragon","1","0","15930100","15121000","310","301","51","0","1","0","0","85","129","20","150","7000","453216","0","0","0","0","0","64","99","0","0","178","90","0","0","0","0","3","0","0"
"159302000","7","Sad Swamp Vine","Commemoration spear|Made to remember the tragic event in Islante.","1","0","15930200","15930200","310","301","51","0","1","0","0","85","129","20","150","7000","453216","0","0","0","0","0","1","99","0","0","178","90","0","0","0","0","3","0","0"
"159311000","31","Lugias","Spear made of bones of the Red Dragon","1","0","15930100","15121000","310","301","51","0","1","0","0","85","129","20","150","7000","453216","0","0","0","0","0","64","99","0","0","178","90","0","0","0","0","5","0","0"
"159312000","31","Sad Swamps","Commemoration spear|Made to remember the tragic event in Islante.","1","0","15930200","15930200","310","301","51","0","1","0","0","85","129","20","150","7000","453216","0","0","0","0","0","1","99","0","0","178","90","0","0","0","0","5","0","0"
"160100000","9","Bow","","0","0","16011000","16011000","0","0","70","0","4","0","2","8","150","350","30","5000","146","0","0","0","0","0","3","99","0","0","0","0","56","0","0","201","1","0","107"
"160150000","9","Bow","","0","0","16021000","16021000","0","0","70","0","4","0","2","8","150","350","30","5000","146","0","0","0","0","0","3","99","0","0","0","0","56","0","0","101","1","0","206"
"160190000","9","Bow","Simple bow that can be easily made out of any long branch.|(Quest Item)","1","0","16011000","16011000","0","0","70","0","4","0","2","8","150","350","30","5000","146","0","0","0","0","0","3","99","0","0","0","0","56","0","0","0","1","0","0"
"160210000","9","Short Bow","","0","0","16011000","16011000","0","0","70","0","4","0","2","15","150","350","30","5000","349","0","0","0","0","0","7","99","0","0","0","0","64","0","0","201","1","0","108"
"160250000","9","Bamboo Bow","","0","0","16021000","16021000","0","0","70","0","4","0","2","15","150","350","30","5000","349","0","0","0","0","0","7","99","0","0","0","0","64","0","0","101","1","0","207"
"160410000","9","Rapt Bow","","0","0","16111000","16111000","0","0","70","0","4","0","2","26","150","400","30","5000","1542","0","0","0","0","0","12","99","0","0","0","0","74","0","0","201","1","0","109"
"160450000","9","Hunter’s Bow","","0","0","16121000","16121000","0","0","70","0","4","0","2","26","150","400","30","5000","1542","0","0","0","0","0","12","99","0","0","0","0","74","0","0","101","1","0","208"
"160451000","33","Hunter’s Bow","","1","0","16121000","16121000","0","0","70","0","4","0","2","26","150","400","30","5000","1542","0","0","0","0","0","12","99","0","0","0","0","74","0","0","0","5","0","0"
"160610000","9","Composite Bow","","0","0","16211000","16211000","0","0","70","0","4","0","2","42","150","400","35","5000","9460","0","0","0","0","0","20","99","0","0","0","0","90","0","0","201","1","0","110"
"160650000","9","Horn Bow","","0","0","16221000","16221000","0","0","70","0","4","0","2","42","150","400","35","5000","9460","0","0","0","0","0","20","99","0","0","0","0","90","0","0","101","1","0","209"
"161470000","22","Training Bow","Bow for training rogues","0","0","16211000","16211000","0","0","70","0","4","0","2","38","150","350","30","5000","50","0","0","0","0","0","15","99","0","0","0","0","0","0","0","0","0","0","0"
"168110000","9","Crossbow","","0","0","16811000","16811000","0","0","71","0","3","0","2","63","150","400","45","5000","42034","0","0","0","0","0","30","99","0","0","0","0","110","0","0","201","1","0","111"
"168112000","9","Crossbow","","1","0","16811000","16811000","0","0","71","0","3","0","2","63","150","400","45","5000","4203","0","0","0","0","0","0","100","0","0","0","0","110","0","0","0","1","0","0"
"168150000","9","Crossbow","","0","0","16811000","16811000","0","0","71","0","3","0","2","63","150","400","45","5000","42034","0","0","0","0","0","30","99","0","0","0","0","110","0","0","101","1","0","210"
"168210000","9","Horn Crossbow","","0","0","16821000","16821000","0","0","71","0","3","0","2","74","150","400","45","5000","74560","0","0","0","0","0","35","99","0","0","0","0","120","0","0","201","2","0","112"
"168212000","9","Horn Crossbow","","1","0","16821000","16821000","0","0","71","0","3","0","2","74","150","400","45","5000","7456","0","0","0","0","0","0","100","0","0","0","0","120","0","0","0","2","0","0"
"168250000","9","Horn Crossbow","","0","0","16821000","16821000","0","0","71","0","3","0","2","74","150","400","45","5000","74560","0","0","0","0","0","35","99","0","0","0","0","120","0","0","101","2","0","211"
"168310000","9","Iron Crossbow","","0","0","16011000","16011000","0","0","70","0","4","0","2","84","150","400","40","5000","122967","0","0","0","0","0","40","99","0","0","0","0","130","0","0","0","3","0","0"
"168311000","33","Iron Crossbow","","0","0","16011000","16011000","0","0","70","0","4","0","2","84","150","400","40","5000","122967","0","0","0","0","0","40","99","0","0","0","0","130","0","0","0","5","0","0"
"168312000","9","Iron Crossbow","","1","0","16011000","16011000","0","0","70","0","4","0","2","84","150","400","40","5000","12296","0","0","0","0","0","0","100","0","0","0","0","130","0","0","0","3","0","0"
"168322000","33","Iron Crossbow","","1","0","16011000","16011000","0","0","70","0","4","0","2","84","150","400","40","5000","12296","0","0","0","0","0","0","100","0","0","0","0","130","0","0","0","5","0","0"
"168410000","9","Iron Bow","","0","0","16841000","16841000","0","0","70","0","4","0","2","93","150","400","40","5000","191899","0","0","0","0","12120000","45","99","0","0","0","0","140","0","0","0","3","0","0"
"168411000","33","Iron Bow","","0","0","16841000","16841000","0","0","70","0","4","0","2","93","150","400","40","5000","191899","0","0","0","0","12120000","45","99","0","0","0","0","140","0","0","0","5","0","0"
"168610000","9","Exceptional Iron Bow","","0","0","16841000","16841000","0","0","70","0","4","0","2","95","150","400","40","5000","191899","0","0","0","0","12120000","45","99","0","0","0","0","140","0","0","0","3","0","0"
"168611000","33","Exceptional Iron Bow","","0","0","16841000","16841000","0","0","70","0","4","0","2","95","150","400","40","5000","191899","0","0","0","0","12120000","45","99","0","0","0","0","140","0","0","0","5","0","0"
"169010000","9","Centaur bow","Centaur`s bow","1","0","16901000","16811000","0","0","70","0","4","0","0","0","0","0","0","1","24000","0","0","1","0","0","1","99","0","0","0","0","160","0","0","0","0","0","0"
"169101000","23","Enion Bow","Said to be made from the hair of Elf Enion. ","0","0","16910100","16841000","0","0","70","0","4","0","2","91","150","400","40","5000","580958","0","0","0","0","0","40","99","0","0","0","0","130","0","0","0","3","0","0"
"169111000","33","Enion Bow","","0","0","16910100","16841000","0","0","70","0","4","0","2","91","150","400","40","5000","580958","0","0","0","0","0","40","99","0","0","0","0","130","0","0","0","5","0","0"
"169301000","23","Helenid Cross Bow","Cross bow in the hue of hell's rainbow","1","0","16930100","16821000","0","0","71","0","3","0","2","95","150","400","40","5000","306548","0","0","0","0","0","45","99","0","0","0","80","188","0","0","0","3","0","0"
"169302000","9","Eyes of Rough Mountain Eagle","They say you need sharper eyes than eagle eyes|to fight against the Dragon tribe|who owns the rough mountain range.","1","0","16930200","16930200","0","0","70","0","4","0","2","95","150","400","40","5000","191899","0","0","0","0","0","1","99","0","0","0","0","140","0","0","0","3","0","0"
"169311000","33","Helenid Cross Bow","Cross bow in the hue of hell's rainbow","1","0","16930100","16821000","0","0","71","0","3","0","2","95","150","400","40","5000","306548","0","0","0","0","0","45","99","0","0","0","80","188","0","0","0","5","0","0"
"169312000","33","Eyes of Rough Mountain Eagle","They say you need sharper eyes than eagle eyes|to fight against the Dragon tribe|who owns the rough mountain range.","1","0","16930200","16930200","0","0","70","0","4","0","2","95","150","400","40","5000","191899","0","0","0","0","0","1","99","0","0","0","0","140","0","0","0","5","0","0"
"170110000","12","Small Shield","","0","0","17011000","17011000","0","0","60","0","2","0","0","0","100","20","50","5000","415","0","42","0","0","0","4","99","0","0","57","0","0","0","0","201","1","0","401"
"170150000","12","Wooden Shield","","0","0","17015000","17015000","0","0","60","0","2","0","0","0","100","20","50","5000","415","0","42","0","0","0","4","99","0","0","57","0","0","0","0","101","1","0","218"
"170210000","12","Large Shield","","0","0","17021000","17021000","0","0","60","0","2","0","0","0","100","20","70","6000","2256","0","66","0","0","0","12","99","0","0","71","0","0","0","0","201","1","0","402"
"170211000","36","Large Shield","","1","0","17021000","17021000","0","0","60","0","2","0","0","0","100","20","70","6000","2256","0","66","0","0","0","12","99","0","0","71","0","0","0","0","0","5","0","0"
"170250000","12","Round Shield","","0","0","17025000","17025000","0","0","60","0","2","0","0","0","100","20","70","6000","2256","0","66","0","0","0","12","99","0","0","71","0","0","0","0","101","1","0","219"
"170251000","36","Round Shield","","1","0","17025000","17025000","0","0","60","0","2","0","0","0","100","20","70","6000","2256","0","66","0","0","0","12","99","0","0","71","0","0","0","0","0","5","0","0"
"170310000","12","Kite Shield","","0","0","17031000","17031000","0","0","60","0","2","0","0","0","100","20","100","7000","10650","0","92","0","0","0","20","99","0","0","86","0","0","0","0","201","1","0","403"
"170350000","12","Octagon Shield","","0","0","17041000","17041000","0","0","60","0","2","0","0","0","100","20","100","7000","10650","0","92","0","0","0","20","99","0","0","86","0","0","0","0","101","1","0","220"
"170352000","12","Octagon Shield","","1","0","17041000","17041000","0","0","60","0","2","0","0","0","100","20","100","7000","1065","0","92","0","0","0","0","100","0","0","86","0","0","0","0","0","1","0","0"
"170410000","12","Large Kite Shield","","0","0","17051000","17051000","0","0","60","0","2","0","0","0","100","20","150","8000","34230","0","118","0","0","0","28","99","0","0","100","0","0","0","0","201","2","0","404"
"170412000","12","Large Kite Shield","","1","0","17051000","17051000","0","0","60","0","2","0","0","0","100","20","150","8000","3423","0","118","0","0","0","0","100","0","0","100","0","0","0","0","0","2","0","0"
"170450000","12","Round Kite Shield","","0","0","17061000","17061000","0","0","60","0","2","0","0","0","100","20","150","8000","34230","0","118","0","0","0","28","99","0","0","100","0","0","0","0","101","2","0","221"
"171510000","12","Plate Shield","","0","0","17111000","17111000","0","0","60","0","2","0","0","0","100","20","200","9000","84974","0","144","0","0","0","36","99","0","0","114","0","0","0","0","201","2","0","405"
"171512000","12","Plate Shield","","1","0","17111000","17111000","0","0","60","0","2","0","0","0","100","20","200","9000","8497","0","144","0","0","0","0","100","0","0","114","0","0","0","0","0","2","0","0"
"171550000","12","Hoplon","","0","0","17121000","17121000","0","0","60","0","2","0","0","0","100","20","200","9000","84974","0","144","0","0","0","36","99","0","0","114","0","0","0","0","101","2","0","222"
"179101000","23","Defender of the Lord","Shield of Zignon. Said to have embedded magical powers. ","0","0","17153000","17153000","0","0","60","0","2","0","0","0","100","20","250","10000","84974","0","185","0","0","0","40","99","0","0","90","0","0","0","0","0","3","0","0"
"179102000","12","Jurad Mountain Defense","Holy knights’ Shield|Made to fight evil soldiers of Jurad Mountains.|It seems you could almost hear their breathing.","1","0","17910200","17910200","0","0","60","0","2","0","0","0","100","20","250","10000","84974","0","245","0","0","0","1","99","0","0","90","0","0","0","0","0","3","0","0"
"179111000","36","Defender of the Lord","","0","0","17153000","17153000","0","0","60","0","2","0","0","0","100","20","250","10000","84974","0","185","0","0","0","40","99","0","0","90","0","0","0","0","0","5","0","0"
"179112000","36","Jurad Mountain Defense","Holy knights’ Shield|Made to fight evil soldiers of Jurad Mountains.|It seems you could almost hear their breathing.","1","0","17910200","17910200","0","0","60","0","2","0","0","0","100","20","250","10000","84974","0","245","0","0","0","1","99","0","0","90","0","0","0","0","0","5","0","0"
"179301000","23","Syphioric","Lost shield of the Syphiel Knight Squad","1","0","17121000","17121000","0","0","60","0","2","0","0","20","100","20","500","9000","184974","0","195","0","0","0","36","99","0","0","90","90","0","0","0","0","3","0","0"
"179311000","36","Syphioric","Lost shield of the Syphiel Knight Squad","1","0","17121000","17121000","0","0","60","0","2","0","0","20","100","20","500","9000","184974","0","195","0","0","0","36","99","0","0","90","90","0","0","0","0","5","0","0"
"180010000","22","Wooden Staff","Basic Magician Item","0","0","18011000","18011000","330","341","110","0","3","0","0","6","200","10","30","5000","50","0","0","0","0","0","1","99","0","0","0","0","0","0","0","0","0","0","0"
"180050000","22","Wooden Staff","Basic Magician Item","0","0","18021000","18021000","330","341","110","0","3","0","0","6","200","10","30","5000","50","0","0","0","0","0","1","99","0","0","0","0","0","0","0","0","0","0","0"
"180110000","10","Wood Staff","","0","0","18011000","18011000","330","341","110","0","3","0","0","14","200","10","30","5000","568","0","0","0","0","0","8","99","0","0","0","0","0","46","48","201","1","0","313"
"180111000","34","Wood Staff","","1","0","18011000","18011000","330","341","110","0","3","0","0","14","200","10","30","5000","568","0","0","0","0","0","8","99","0","0","0","0","0","46","48","0","5","0","0"
"180150000","10","Orc Staff","","0","0","18021000","18021000","330","341","110","0","3","0","0","14","200","10","30","5000","568","0","0","0","0","0","8","99","0","0","0","0","0","46","48","101","1","0","212"
"180190000","10","Wood Staff","Simple wooden staff|(Quest Item)","1","0","18011000","18011000","330","341","110","0","3","0","0","14","200","10","30","5000","568","0","0","0","0","0","8","99","0","0","0","0","0","46","48","0","1","0","0"
"180310000","10","Wizard Staff","","0","0","18031000","18031000","330","341","110","0","3","0","0","23","200","10","30","5000","3534","0","0","0","0","0","15","99","0","0","0","0","0","60","55","201","1","0","314"
"180350000","10","Red Eye Staff","","0","0","18041000","18041000","330","341","110","0","3","0","0","23","200","10","30","5000","3534","0","0","0","0","0","15","99","0","0","0","0","0","60","55","101","1","0","213"
"180510000","10","Mythril Staff","","0","0","18051000","18051000","330","341","110","0","3","0","0","40","200","10","30","5000","32917","0","0","0","0","0","28","99","0","0","0","0","0","86","68","201","1","0","315"
"180550000","10","Bone Staff","","0","0","18061000","18061000","330","341","110","0","3","0","0","40","200","10","30","5000","32917","0","0","0","0","0","28","99","0","0","0","0","0","86","68","101","1","0","214"
"180610000","10","Mage Staff","","0","0","18011000","18011000","330","341","110","0","3","0","0","45","200","10","30","5000","67348","0","0","0","0","0","34","99","0","0","0","0","0","98","74","201","1","0","316"
"180710000","10","Alchemy Staff","","0","0","18031000","18031000","330","341","110","0","3","0","0","53","200","10","30","5000","123471","0","0","0","0","0","40","99","0","0","0","0","0","110","80","201","1","0","317"
"180810000","10","Elemental Staff","","0","0","18051000","18051000","330","341","110","0","3","0","0","61","200","10","30","5000","209190","0","0","0","0","0","46","99","0","0","0","0","0","122","86","0","2","0","0"
"180812000","10","Elemental Staff","","1","0","18051000","18051000","330","341","110","0","3","0","0","61","200","10","30","5000","20919","0","0","0","0","0","0","100","0","0","0","0","0","122","86","0","2","0","0"
"180910000","10","Viper Staff","","0","0","18011000","18011000","330","341","110","0","3","0","0","69","200","10","30","5000","333980","0","0","0","0","0","52","99","0","0","0","0","0","134","92","0","2","0","0"
"180912000","10","Viper Staff","","1","0","18011000","18011000","330","341","110","0","3","0","0","69","200","10","30","5000","33398","0","0","0","0","0","0","100","0","0","0","0","0","134","92","0","2","0","0"
"181010000","10","Salamander Staff","","0","0","18031000","18031000","330","341","110","0","3","0","0","77","200","10","30","5000","509051","0","0","0","0","0","58","99","0","0","0","0","0","146","98","0","3","0","0"
"181011000","34","Salamander Staff","","0","0","18031000","18031000","330","341","110","0","3","0","0","77","200","10","30","5000","509051","0","0","0","0","0","58","99","0","0","0","0","0","146","98","0","5","0","0"
"181012000","10","Salamander Staff","","1","0","18031000","18031000","330","341","110","0","3","0","0","77","200","10","30","5000","50905","0","0","0","0","0","0","100","0","0","0","0","0","146","98","0","3","0","0"
"181022000","34","Salamander Staff","","1","0","18031000","18031000","330","341","110","0","3","0","0","77","200","10","30","5000","50905","0","0","0","0","0","0","100","0","0","0","0","0","146","98","0","5","0","0"
"181110000","10","Elixir Staff","","0","0","18111000","18111000","330","341","110","0","3","0","0","85","200","10","30","5000","747517","0","0","0","0","40000000","64","99","0","0","0","0","0","158","104","0","3","0","0"
"181111000","34","Elixir Staff","","0","0","18111000","18111000","330","341","110","0","3","0","0","85","200","10","30","5000","747517","0","0","0","0","40000000","64","99","0","0","0","0","0","158","104","0","5","0","0"
"181210000","10","Exceptional Elixir Staff","","0","0","18111000","18111000","330","341","110","0","3","0","0","87","200","10","30","5000","747517","0","0","0","0","40000000","64","99","0","0","0","0","0","158","104","0","3","0","0"
"181211000","34","Exceptional Elixir Staff","","0","0","18111000","18111000","330","341","110","0","3","0","0","87","200","10","30","5000","747517","0","0","0","0","40000000","64","99","0","0","0","0","0","158","104","0","5","0","0"
"181480000","22","Training Staff","Staff for training magicians","0","0","18011000","18011000","330","341","110","0","3","0","3","52","200","10","30","5000","50","0","0","0","0","0","15","99","0","0","0","0","0","0","0","0","0","0","0"
"181510000","22","Decayed Bone staff","","0","0","18071000","18071000","0","0","41","0","0","0","0","12","110","8","10","5000","40000","0","0","0","0","0","25","99","0","0","0","0","0","150","0","0","0","0","0"
"182110000","22","Deruvish cane","Deruvish cane","0","0","18211000","18011000","102","341","110","0","3","0","0","85","200","10","30","5000","747517","0","0","0","0","0","64","99","0","0","0","0","0","178","114","0","0","0","0"
"189101000","23","Wreath of Erenion","Contains strong flame power. ","0","0","18910100","18111000","330","341","110","0","3","0","0","65","200","10","40","5000","444495","0","0","0","0","0","40","99","0","0","0","0","0","112","86","0","3","0","0"
"189102000","10","Oasis of Scorched Desert","Cane claimed to be once owned by Deruvish|As the owner of the scorched land|the powerful magical beings wander around the Islante Desert.","1","0","18910200","18910200","330","341","110","0","3","0","0","87","200","10","40","5000","444495","0","0","0","0","0","1","99","0","0","0","0","0","112","86","0","3","0","0"
"189111000","34","Wreath of Erenion","","0","0","18910100","18111000","330","341","110","0","3","0","0","65","200","10","40","5000","444495","0","0","0","0","0","40","99","0","0","0","0","0","112","86","0","5","0","0"
"189112000","34","Oasis of Scorched Desert","Cane claimed to be once owned by Deruvish|As the owner of the scorched land|the powerful magical beings wander around the Islante Desert.","1","0","18910200","18910200","330","341","110","0","3","0","0","87","200","10","40","5000","444495","0","0","0","0","0","1","99","0","0","0","0","0","112","86","0","5","0","0"
"189201000","23","Glacier Erenion","Contains strong glacier power. ","0","0","18910100","18111000","330","341","110","0","3","0","0","65","200","10","40","5000","444495","0","0","0","0","0","40","99","0","0","0","0","0","112","86","0","3","0","0"
"189202000","10","Chaos of Scorched Desert","Cane claimed to be once owned by Deruvish|As the owner of the scorched land|the powerful magical beings wander around the Islante Desert.","1","0","18920200","18920200","330","341","110","0","3","0","0","87","200","10","40","5000","444495","0","0","0","0","0","1","99","0","0","0","0","0","112","86","0","3","0","0"
"189211000","34","Glacier Erenion","","0","0","18910100","18111000","330","341","110","0","3","0","0","65","200","10","40","5000","444495","0","0","0","0","0","40","99","0","0","0","0","0","112","86","0","5","0","0"
"189212000","34","Chaos of Scorched Desert","Cane claimed to be once owned by Deruvish|As the owner of the scorched land|the powerful magical beings wander around the Islante Desert.","1","0","18920200","18920200","330","341","110","0","3","0","0","87","200","10","40","5000","444495","0","0","0","0","0","1","99","0","0","0","0","0","112","86","0","5","0","0"
"189301000","23","Lightning Erenion","Contains strong lightning power. ","0","0","18910100","18111000","330","341","110","0","3","0","0","65","200","10","40","5000","444495","0","0","0","0","0","40","99","0","0","0","0","0","112","86","0","3","0","0"
"189302000","10","Thirst of Scorched Desert","Cane claimed to be once owned by Deruvish|As the owner of the scorched land|the powerful magical beings wander around the Islante Desert.","1","0","18930200","18930200","330","341","110","0","3","0","0","87","200","10","40","5000","444495","0","0","0","0","0","1","99","0","0","0","0","0","112","86","0","3","0","0"
"189311000","34","Lightning Erenion","","0","0","18910100","18111000","330","341","110","0","3","0","0","65","200","10","40","5000","444495","0","0","0","0","0","40","99","0","0","0","0","0","112","86","0","5","0","0"
"189312000","34","Thirst of Scorched Desert","Cane claimed to be once owned by Deruvish|As the owner of the scorched land|the powerful magical beings wander around the Islante Desert.","1","0","18930200","18930200","330","341","110","0","3","0","0","87","200","10","40","5000","444495","0","0","0","0","0","1","99","0","0","0","0","0","112","86","0","5","0","0"
"189401000","23","Ron`s Staff","Magician of Brisbia. Said to have been missing since his battle against manticore. ","0","0","18940100","18051000","330","341","110","0","3","0","0","60","200","10","40","5000","444495","0","0","0","0","0","40","99","0","0","0","0","0","112","86","0","3","0","0"
"189411000","34","Ron`s Staff","","0","0","18940100","18051000","330","341","110","0","3","0","0","60","200","10","40","5000","444495","0","0","0","0","0","40","99","0","0","0","0","0","112","86","0","5","0","0"
"189601000","23","Hell Blood","Staff used in ancient blood rituals","1","0","18960100","18111000","330","341","110","0","3","0","0","95","200","10","30","5000","453216","0","0","0","0","0","64","99","0","0","0","0","0","138","114","0","3","0","0"
"189602000","23","Garp","Remnants of  Cypher's will defeats the user's will power.","1","0","18960100","18111000","330","341","110","0","3","0","0","95","200","10","30","5000","453216","0","0","0","0","0","64","99","0","0","0","0","0","138","114","0","3","0","0"
"189603000","23","Elysium","Destructive will","1","0","18960100","18111000","330","341","110","0","3","0","0","95","200","10","30","5000","453216","0","0","0","0","0","64","99","0","0","0","0","0","138","114","0","3","0","0"
"189611000","34","Hell Blood","Staff used in ancient blood rituals","1","0","18960100","18111000","330","341","110","0","3","0","0","95","200","10","30","5000","453216","0","0","0","0","0","64","99","0","0","0","0","0","138","114","0","5","0","0"
"189612000","34","Garp","Remnants of  Cypher's will defeats the user's will power.","1","0","18960100","18111000","330","341","110","0","3","0","0","95","200","10","30","5000","453216","0","0","0","0","0","64","99","0","0","0","0","0","138","114","0","5","0","0"
"189613000","34","Elysium","Destructive will","1","0","18960100","18111000","330","341","110","0","3","0","0","95","200","10","30","5000","453216","0","0","0","0","0","64","99","0","0","0","0","0","138","114","0","5","0","0"
"190010000","22","Priest Mace ","Basic Priest Item","0","0","14061000","14061000","330","341","41","0","0","0","0","4","119","10","50","10000","50","0","0","0","0","0","1","99","0","0","0","0","0","0","0","0","0","0","0"
"190050000","22","Priest Mace ","Basic Priest Item","0","0","14041000","14041000","330","341","41","0","0","0","0","4","119","10","50","10000","50","0","0","0","0","0","1","99","0","0","0","0","0","0","0","0","0","0","0"
"190210000","11","Priest Maul","","0","0","19021000","19021000","330","341","41","0","0","0","0","12","119","10","50","10000","585","0","0","0","0","0","8","99","0","0","58","0","0","66","0","201","1","0","319"
"190250000","11","Priest Morning Star ","","0","0","19025000","19025000","330","341","41","0","0","0","0","12","119","10","50","10000","585","0","0","0","0","0","8","99","0","0","58","0","0","66","0","101","1","0","215"
"190251000","35","Priest Morning Star ","","1","0","19025000","19025000","330","341","41","0","0","0","0","12","119","10","50","10000","585","0","0","0","0","0","8","99","0","0","58","0","0","66","0","0","5","0","0"
"190290000","11","Priest Maul","Maul that’s been reformed conveniently for priests.|(Quest Item)","1","0","19021000","19021000","330","341","41","0","0","0","0","12","119","10","50","10000","585","0","0","0","0","0","8","99","0","0","58","0","0","66","0","0","1","0","0"
"190410000","11","Priest Mace","","0","0","19041000","19041000","330","341","41","0","0","0","0","21","119","10","50","10000","3566","0","0","0","0","0","15","99","0","0","65","0","0","80","0","201","1","0","320"
"190450000","11","Priest Iron Star ","","0","0","19045000","19045000","330","341","41","0","0","0","0","21","119","10","50","10000","3566","0","0","0","0","0","15","99","0","0","65","0","0","80","0","101","1","0","216"
"190610000","11","Priest War Hammer","","0","0","19061000","19061000","330","341","41","0","0","0","0","36","119","10","60","10000","32975","0","0","0","0","0","28","99","0","0","78","0","0","106","0","201","1","0","321"
"190611000","35","Priest War Hammer","","1","0","19061000","19061000","330","341","41","0","0","0","0","36","119","10","60","10000","32975","0","0","0","0","0","28","99","0","0","78","0","0","106","0","0","5","0","0"
"190650000","11","Priest Spike Club ","","0","0","19065000","19065000","330","341","41","0","0","0","0","36","119","10","60","10000","32975","0","0","0","0","0","28","99","0","0","78","0","0","106","0","101","1","0","217"
"190710000","11","Priest Breaker","","0","0","14061000","14061000","330","341","41","0","0","0","0","41","119","10","60","10000","75074","0","0","0","0","0","35","99","0","0","85","0","0","120","0","201","1","0","322"
"190810000","11","Priest Hacker","","0","0","14021000","14021000","330","341","41","0","0","0","0","49","119","10","60","10000","148410","0","0","0","0","0","42","99","0","0","92","0","0","134","0","0","2","0","0"
"190812000","11","Priest Hacker","","1","0","14021000","14021000","330","341","41","0","0","0","0","49","119","10","60","10000","14841","0","0","0","0","0","0","100","0","0","92","0","0","134","0","0","2","0","0"
"190910000","11","Priest Cracker","","0","0","14061000","14061000","330","341","41","0","0","0","0","58","119","10","60","10000","266146","0","0","0","0","0","49","99","0","0","99","0","0","148","0","0","2","0","0"
"190912000","11","Priest Cracker","","1","0","14061000","14061000","330","341","41","0","0","0","0","58","119","10","60","10000","26614","0","0","0","0","0","0","100","0","0","99","0","0","148","0","0","2","0","0"
"191010000","11","Priest Bone crasher","","0","0","14021000","14021000","330","341","41","0","0","0","0","66","119","10","60","10000","444456","0","0","0","0","0","56","99","0","0","106","0","0","162","0","0","3","0","0"
"191011000","35","Priest Bone crasher","","0","0","14021000","14021000","330","341","41","0","0","0","0","66","119","10","60","10000","444456","0","0","0","0","0","56","99","0","0","106","0","0","162","0","0","5","0","0"
"191012000","11","Priest Bone crasher","","1","0","14021000","14021000","330","341","41","0","0","0","0","66","119","10","60","10000","44445","0","0","0","0","0","0","100","0","0","106","0","0","162","0","0","3","0","0"
"191022000","35","Priest Bone crasher","","1","0","14021000","14021000","330","341","41","0","0","0","0","66","119","10","60","10000","44445","0","0","0","0","0","0","100","0","0","106","0","0","162","0","0","5","0","0"
"191110000","11","Priest Impact ","","0","0","14111000","14111000","330","341","41","0","0","0","0","74","119","10","60","10000","702885","0","0","0","0","12130000","63","99","0","0","113","0","0","176","0","0","3","0","0"
"191111000","35","Priest Impact ","","0","0","14111000","14111000","330","341","41","0","0","0","0","74","119","10","60","10000","702885","0","0","0","0","12130000","63","99","0","0","113","0","0","176","0","0","5","0","0"
"191210000","11","Exceptional Priest Impact ","","0","0","14111000","14111000","330","341","41","0","0","0","0","76","119","10","60","10000","702885","0","0","0","0","12130000","63","99","0","0","113","0","0","176","0","0","3","0","0"
"191211000","35","Exceptional Priest Impact ","","0","0","14111000","14111000","330","341","41","0","0","0","0","76","119","10","60","10000","702885","0","0","0","0","12130000","63","99","0","0","113","0","0","176","0","0","5","0","0"
"191470000","22","Training Mace","Mace for training priests","0","0","14061000","14061000","330","341","41","0","0","0","4","58","119","10","50","10000","50","0","0","0","0","0","15","99","0","0","0","0","0","0","0","0","0","0","0"
"199101000","23","Smite Hammer","Crafted by the monk from the Logos Temple. ","0","0","19910100","14111000","341","41","41","0","0","0","0","92","119","10","70","10000","310158","0","0","0","0","0","40","99","0","0","85","0","0","120","0","0","3","0","0"
"199102000","11","Jurad Mountain Attack","Holy knights’ weapon|Made to fight the evil soldiers of Jurad Mountains.|Their souls and remains are left in the mountains.","1","0","19910200","19910200","341","41","41","0","0","0","0","88","119","10","70","10000","310158","0","0","0","0","0","1","99","0","0","85","0","0","120","0","0","3","0","0"
"199111000","35","Smite Hammer","","0","0","19910100","14111000","341","41","41","0","0","0","0","92","119","10","70","10000","310158","0","0","0","0","0","40","99","0","0","85","0","0","120","0","0","5","0","0"
"199112000","35","Jurad Mountain Attack","Holy knights’ weapon|Made to fight the evil soldiers of Jurad Mountains.|Their souls and remains are left in the mountains.","1","0","19910200","19910200","341","41","41","0","0","0","0","88","119","10","70","10000","310158","0","0","0","0","0","1","99","0","0","85","0","0","120","0","0","5","0","0"
"199301000","23","Holy Animor","Holy power","1","0","19930100","14111000","330","341","41","0","0","0","0","75","119","10","60","10000","619333","0","0","0","0","0","63","99","0","0","80","0","0","120","0","0","3","0","0"
"199311000","35","Holy Animor","Holy power","1","0","19930100","14111000","330","341","41","0","0","0","0","75","119","10","60","10000","619333","0","0","0","0","0","63","99","0","0","80","0","0","120","0","0","5","0","0"
"201001000","13","Quilted Pauldron","","0","0","20100100","20010121","0","0","210","0","5","0","1","0","100","0","40","4000","560","0","20","0","0","0","1","99","0","0","62","0","0","0","0","202","1","0","101"
"201002000","14","Leather Pads","","0","0","20100200","20030122","0","0","210","0","6","0","1","0","100","0","32","4000","336","0","16","0","0","0","-1","99","0","0","58","0","0","0","0","202","1","0","102"
"201003000","15","Leather Cap","","0","0","0","20100123","0","0","210","0","7","0","1","0","100","0","24","4000","224","0","12","0","0","0","-3","99","0","0","54","0","0","0","0","202","1","0","103"
"201004000","16","Leather Gloves","","0","0","20100400","20030124","0","0","210","0","8","0","1","0","100","0","16","4000","112","0","8","0","0","0","-7","99","0","0","46","0","0","0","0","202","1","0","104"
"201005000","17","Leather Shoes","","0","0","20100500","20030125","0","0","210","0","9","0","1","0","100","0","16","4000","112","0","8","0","0","0","-5","99","0","0","50","0","0","0","0","202","1","0","105"
"202001000","13","Half Plate Pauldron","","0","0","20200100","20070121","0","0","210","0","5","0","1","0","100","0","80","6000","4500","0","40","0","0","0","20","99","0","0","100","0","0","0","0","202","1","0","201"
"202002000","14","Half Plate Pads","","0","0","20200200","20070122","0","0","210","0","6","0","1","0","100","0","64","6000","2700","0","32","0","0","0","18","99","0","0","96","0","0","0","0","202","1","0","202"
"202003000","15","Half Plate Helmet","","0","0","0","20200123","0","0","210","0","7","0","1","0","100","0","48","6000","1800","0","24","0","0","0","16","99","0","0","92","0","0","0","0","202","1","0","203"
"202004000","16","Half Plate Gauntlet","","0","0","20200400","20070124","0","0","210","0","8","0","1","0","100","0","32","6000","900","0","16","0","0","0","12","99","0","0","84","0","0","0","0","202","1","0","204"
"202005000","17","Half Plate Boots","","0","0","20200500","20070125","0","0","210","0","9","0","1","0","100","0","32","6000","900","0","16","0","0","0","14","99","0","0","88","0","0","0","0","202","1","0","205"
"202013000","15","Helmet of Destruction","Quest item (Warrior)","1","0","0","91002400","0","0","210","0","7","0","1","0","100","0","48","10000","288000","2","130","0","0","0","1","99","0","0","116","0","0","0","0","0","0","0","0"
"203001000","13","Plate Armor Pauldron","","0","0","20300100","20800121","0","0","210","0","5","0","1","0","100","0","120","8000","64000","0","66","0","0","0","32","99","0","0","124","0","0","0","0","202","2","0","301"
"203002000","14","Plate Armor Pads","","0","0","20300200","20800122","0","0","210","0","6","0","1","0","100","0","96","8000","38400","0","52","0","0","0","30","99","0","0","120","0","0","0","0","202","2","0","302"
"203003000","15","Plate Armor Helmet","","0","0","20300300","20800123","0","0","210","0","7","0","1","0","100","0","72","8000","25600","0","39","0","0","0","28","99","0","0","116","0","0","0","0","202","2","0","303"
"203004000","16","Plate Armor Gauntlet","","0","0","20300400","20800124","0","0","210","0","8","0","1","0","100","0","48","8000","12800","0","26","0","0","0","24","99","0","0","108","0","0","0","0","202","2","0","304"
"203005000","17","Plate Armor Boots","","0","0","20300500","20800125","0","0","210","0","9","0","1","0","100","0","48","8000","12800","0","26","0","0","0","26","99","0","0","112","0","0","0","0","202","2","0","305"
"203011000","13","Armor of Destruction","Quest item (Warrior)","1","0","20200100","91001600","0","0","210","0","5","0","1","0","100","0","80","10000","720000","2","183","0","0","0","1","99","0","0","124","0","0","0","0","0","0","0","0"
"203012000","14","Pads of Destruction ","Quest item (Warrior)","1","0","20200200","91003000","0","0","210","0","6","0","1","0","100","0","64","10000","432000","2","149","0","0","0","1","99","0","0","120","0","0","0","0","0","0","0","0"
"203014000","16","Gauntlet of Destruction ","Quest item (Warrior)","1","0","20200400","91002800","0","0","210","0","8","0","1","0","100","0","32","10000","144000","2","90","0","0","0","1","99","0","0","108","0","0","0","0","0","0","0","0"
"203015000","17","Boots of Destruction","Quest item (Warrior)","1","0","20200500","91003200","0","0","210","0","9","0","1","0","100","0","32","10000","144000","2","90","0","0","0","1","99","0","0","112","0","0","0","0","0","0","0","0"
"203021000","13","Talia skin","Quest item (Warrior)","1","0","20400100","20400100","0","0","210","0","5","0","1","0","0","0","1","5000","100000","2","183","0","0","0","1","99","0","0","0","0","0","0","0","0","0","0","0"
"204001000","13","Full Plate Armor Pauldron","","0","0","20400100","20400100","0","0","210","0","5","0","1","0","100","0","180","10000","96000","0","95","0","0","0","42","99","0","0","144","82","0","0","0","0","2","0","0"
"204002000","14","Full Plate Armor Pads","","0","0","20400200","20400200","0","0","210","0","6","0","1","0","100","0","144","10000","57600","0","76","0","0","0","40","99","0","0","140","80","0","0","0","0","2","0","0"
"204003000","15","Full Plate Armor Helmet","","0","0","20400300","20400300","0","0","210","0","7","0","1","0","100","0","108","10000","38400","0","57","0","0","0","38","99","0","0","136","78","0","0","0","0","2","0","0"
"204004000","16","Full Plate Armor Gauntlet","","0","0","20400400","20400400","0","0","210","0","8","0","1","0","100","0","72","10000","19200","0","38","0","0","0","34","99","0","0","128","74","0","0","0","0","2","0","0"
"204005000","17","Full Plate Armor Boots","","0","0","20400500","20400500","0","0","210","0","9","0","1","0","100","0","72","10000","19200","0","38","0","0","0","36","99","0","0","132","76","0","0","0","0","2","0","0"
"205001000","13","Chitin Armor Pauldron","","0","0","20500100","20500100","0","0","210","0","5","0","1","0","100","0","180","12500","144000","0","135","0","0","0","50","99","0","0","160","90","0","0","0","0","3","0","0"
"205002000","14","Chitin Armor Pads","","0","0","20500200","20500200","0","0","210","0","6","0","1","0","100","0","144","12500","86400","0","108","0","0","0","48","99","0","0","156","88","0","0","0","0","3","0","0"
"205003000","15","Chitin Armor Helmet","","0","0","20500300","20500300","0","0","210","0","7","0","1","0","100","0","108","12500","57600","0","81","0","0","0","46","99","0","0","152","86","0","0","0","0","3","0","0"
"205004000","16","Chitin Armor Gauntlet","","0","0","20500400","20500400","0","0","210","0","8","0","1","0","100","0","72","12500","28800","0","54","0","0","0","42","99","0","0","144","82","0","0","0","0","3","0","0"
"205005000","17","Chitin Armor Boots","","0","0","20500500","20500500","0","0","210","0","9","0","1","0","100","0","72","12500","28800","0","54","0","0","0","44","99","0","0","148","84","0","0","0","0","3","0","0"
"206001000","13","Chitin Shell Pauldron","","0","0","20600100","20600100","0","0","210","0","5","0","6","0","100","0","180","15625","216000","0","149","0","0","0","60","99","0","0","176","94","0","0","0","0","3","0","0"
"206002000","14","Chitin Shell Pads","","0","0","20600200","20600200","0","0","210","0","6","0","6","0","100","0","144","15625","129600","0","119","0","0","0","60","99","0","0","172","92","0","0","0","0","3","0","0"
"206003000","15","Chitin Shell Helmet","","0","0","20600300","20600300","0","0","210","0","7","0","6","0","100","0","108","15625","86400","0","89","0","0","0","60","99","0","0","168","90","0","0","0","0","3","0","0"
"206004000","16","Chitin Shell Gauntlet","","0","0","20600400","20600400","0","0","210","0","8","0","6","0","100","0","72","15625","43200","0","60","0","0","0","60","99","0","0","160","86","0","0","0","0","3","0","0"
"206005000","17","Chitin Shell Boots","","0","0","20600500","20600500","0","0","210","0","9","0","6","0","100","0","72","15625","43200","0","60","0","0","0","60","99","0","0","164","88","0","0","0","0","3","0","0"
"214005000","17","Full Plate Boots","Strong iron armor|Made in middle age with enhanced joint protection|(Quest Item)","1","0","20400500","20400500","0","0","210","0","9","0","1","0","100","0","45","6250","852","0","8","0","0","0","36","99","0","0","132","76","0","0","0","0","2","0","0"
"215001000","37","Chitin Armor Pauldron","","0","0","20500100","20500100","0","0","210","0","5","0","1","0","100","0","120","8750","63523","0","135","0","0","0","50","99","0","0","160","90","0","0","0","0","5","0","0"
"215002000","38","Chitin Armor Pads","","0","0","20500200","20500200","0","0","210","0","6","0","1","0","100","0","30","6250","2313","0","108","0","0","0","48","99","0","0","156","88","0","0","0","0","5","0","0"
"215003000","39","Chitin Armor Helmet","","0","0","20500300","20500300","0","0","210","0","7","0","1","0","100","0","50","12500","877","0","81","0","0","0","46","99","0","0","152","86","0","0","0","0","5","0","0"
"215004000","40","Chitin Armor Gauntlet","","0","0","20500400","20500400","0","0","210","0","8","0","1","0","100","0","70","7500","3384","0","54","0","0","0","42","99","0","0","144","82","0","0","0","0","5","0","0"
"215005000","41","Chitin Armor Boots","","0","0","20500500","20500500","0","0","210","0","9","0","1","0","100","0","70","7500","3384","0","54","0","0","0","44","99","0","0","148","84","0","0","0","0","5","0","0"
"216001000","37","Chitin Shell Pauldron","","0","0","20600100","20600100","0","0","210","0","5","0","6","0","100","0","180","15625","216000","0","149","0","0","0","60","99","0","0","176","94","0","0","0","0","5","0","0"
"216002000","38","Chitin Shell Pads","","0","0","20600200","20600200","0","0","210","0","6","0","6","0","100","0","144","15625","129600","0","119","0","0","0","60","99","0","0","172","92","0","0","0","0","5","0","0"
"216003000","39","Chitin Shell Helmet","","0","0","20600300","20600300","0","0","210","0","7","0","6","0","100","0","108","15625","86400","0","89","0","0","0","60","99","0","0","168","90","0","0","0","0","5","0","0"
"216004000","40","Chitin Shell Gauntlet","","0","0","20600400","20600400","0","0","210","0","8","0","6","0","100","0","72","15625","43200","0","60","0","0","0","60","99","0","0","160","86","0","0","0","0","5","0","0"
"216005000","41","Chitin Shell Boots","","0","0","20600500","20600500","0","0","210","0","9","0","6","0","100","0","72","15625","43200","0","60","0","0","0","60","99","0","0","164","88","0","0","0","0","5","0","0"
"241001000","13","Rogue Shirt","","0","0","24100100","20010121","0","0","220","0","5","0","2","0","100","0","28","2800","448","0","14","0","0","0","1","99","0","0","0","0","62","0","0","202","1","0","107"
"241002000","14","Rogue Pads","","0","0","24100200","20030122","0","0","220","0","6","0","2","0","100","0","22","2800","268","0","11","0","0","0","-1","99","0","0","0","0","58","0","0","202","1","0","108"
"241003000","15","Rogue Cap","","0","0","0","24100123","0","0","220","0","7","0","2","0","100","0","16","2800","179","0","8","0","0","0","-3","99","0","0","0","0","54","0","0","202","1","0","109"
"241004000","16","Rogue Gloves","","0","0","24100400","20030124","0","0","220","0","8","0","2","0","100","0","11","2800","89","0","5","0","0","0","-7","99","0","0","0","0","46","0","0","202","1","0","110"
"241005000","17","Rogue Shoes","","0","0","24100500","20030125","0","0","220","0","9","0","2","0","100","0","11","2800","89","0","5","0","0","0","-5","99","0","0","0","0","50","0","0","202","1","0","111"
"242001000","13","Rogue Half Plate Pauldron","","0","0","24200100","20070121","0","0","220","0","5","0","2","0","100","0","56","4200","3600","0","28","0","0","0","20","99","0","0","0","0","100","0","0","202","1","0","207"
"242002000","14","Rogue Half Plate Pads","","0","0","24200200","20070122","0","0","220","0","6","0","2","0","100","0","44","4200","2160","0","22","0","0","0","18","99","0","0","0","0","96","0","0","202","1","0","208"
"242003000","15","Rogue Helmet","","0","0","0","24200123","0","0","220","0","7","0","2","0","100","0","33","4200","1440","0","16","0","0","0","16","99","0","0","0","0","92","0","0","202","1","0","209"
"242004000","16","Rogue Gauntlet","","0","0","24200400","20070124","0","0","220","0","8","0","2","0","100","0","22","4200","720","0","11","0","0","0","12","99","0","0","0","0","84","0","0","202","1","0","210"
"242005000","17","Rogue Boots","","0","0","24200500","20070125","0","0","220","0","9","0","2","0","100","0","22","4200","720","0","11","0","0","0","14","99","0","0","0","0","88","0","0","202","1","0","211"
"242013000","15","Helmet of Destruction","Quest item (Rogue)","1","0","0","91002400","0","0","220","0","7","0","2","0","100","0","33","10000","288000","2","97","0","0","0","1","99","0","0","0","0","116","0","0","0","0","0","0"
"243001000","13","Rogue Plate Armor Pauldron","","0","0","24300100","20800121","0","0","220","0","5","0","2","0","100","0","84","5600","51200","0","46","0","0","0","32","99","0","0","0","0","124","0","0","202","2","0","307"
"243002000","14","Rogue Plate Armor Pads","","0","0","24300200","20800122","0","0","220","0","6","0","2","0","100","0","67","5600","30720","0","36","0","0","0","30","99","0","0","0","0","120","0","0","202","2","0","308"
"243003000","15","Rogue Plate Helmet","","0","0","24300300","20800123","0","0","220","0","7","0","2","0","100","0","50","5600","20480","0","27","0","0","0","28","99","0","0","0","0","116","0","0","202","2","0","309"
"243004000","16","Rogue Plate Gauntlet","","0","0","24300400","20800124","0","0","220","0","8","0","2","0","100","0","33","5600","10240","0","18","0","0","0","24","99","0","0","0","0","108","0","0","202","2","0","310"
"243005000","17","Rogue Plate Boots","","0","0","24300500","20800125","0","0","220","0","9","0","2","0","100","0","33","5600","10240","0","18","0","0","0","26","99","0","0","0","0","112","0","0","202","2","0","311"
"243011000","13","Armor of Destruction","Quest item (Rogue)","1","0","24200100","91001600","0","0","220","0","5","0","2","0","100","0","56","10000","720000","2","132","0","0","0","1","99","0","0","0","0","124","0","0","0","0","0","0"
"243012000","14","Pads of Destruction","Quest item (Rogue)","1","0","24200200","91003000","0","0","220","0","6","0","2","0","100","0","44","10000","432000","2","108","0","0","0","1","99","0","0","0","0","120","0","0","0","0","0","0"
"243014000","16","Gauntlet of Destruction ","Quest item (Rogue)","1","0","24200400","91002800","0","0","220","0","8","0","2","0","100","0","22","10000","144000","2","68","0","0","0","1","99","0","0","0","0","108","0","0","0","0","0","0"
"243015000","17","Boots of Destruction","Quest item (Rogue)","1","0","24200500","91003200","0","0","220","0","9","0","2","0","100","0","22","10000","144000","2","68","0","0","0","1","99","0","0","0","0","112","0","0","0","0","0","0"
"243021000","13","Talia skin","Quest item (Rogue)","1","0","24400100","24400100","0","0","220","0","5","0","2","0","0","0","1","5000","100000","2","132","0","0","0","1","99","0","0","0","0","0","0","0","0","0","0","0"
"244001000","13","Rogue Full Plate Armor Pauldron","","0","0","24400100","24400100","0","0","220","0","5","0","2","0","100","0","126","7000","76800","0","66","0","0","0","42","99","0","0","0","82","144","0","0","0","2","0","0"
"244002000","14","Rogue Full Plate Armor Pads","","0","0","24400200","24400200","0","0","220","0","6","0","2","0","100","0","100","7000","46080","0","52","0","0","0","40","99","0","0","0","80","140","0","0","0","2","0","0"
"244003000","15","Rogue Full Plate Armor Helmet","","0","0","24400300","24400300","0","0","220","0","7","0","2","0","100","0","75","7000","30720","0","39","0","0","0","38","99","0","0","0","78","136","0","0","0","2","0","0"
"244004000","16","Rogue Full Plate Armor Gauntlet","","0","0","24400400","24400400","0","0","220","0","8","0","2","0","100","0","49","7000","15360","0","26","0","0","0","34","99","0","0","0","74","128","0","0","0","2","0","0"
"244005000","17","Rogue Full Plate Armor Boots","","0","0","24400500","24400500","0","0","220","0","9","0","2","0","100","0","49","7000","15360","0","26","0","0","0","36","99","0","0","0","76","132","0","0","0","2","0","0"
"245001000","13","Rogue Chitin Armor Pauldron","","0","0","24500100","24500100","0","0","220","0","5","0","2","0","100","0","126","8750","115200","0","94","0","0","0","50","99","0","0","0","90","160","0","0","0","3","0","0"
"245002000","14","Rogue Chitin Armor Pads","","0","0","24500200","24500200","0","0","220","0","6","0","2","0","100","0","100","8750","69120","0","75","0","0","0","48","99","0","0","0","88","156","0","0","0","3","0","0"
"245003000","15","Rogue Chitin Armor Helmet","","0","0","24500300","24500300","0","0","220","0","7","0","2","0","100","0","75","8750","46080","0","56","0","0","0","46","99","0","0","0","86","152","0","0","0","3","0","0"
"245004000","16","Rogue Chitin Armor Gauntlet","","0","0","24500400","24500400","0","0","220","0","8","0","2","0","100","0","49","8750","23040","0","37","0","0","0","42","99","0","0","0","82","144","0","0","0","3","0","0"
"245005000","17","Rogue Chitin Armor Boots","","0","0","24500500","24500500","0","0","220","0","9","0","2","0","100","0","49","8750","23040","0","37","0","0","0","44","99","0","0","0","84","148","0","0","0","3","0","0"
"246001000","13","Rogue Chitin Shell Pauldron","","0","0","24600100","24600100","0","0","220","0","5","0","8","0","100","0","126","10938","172800","0","104","0","0","0","60","99","0","0","0","94","176","0","0","0","3","0","0"
"246002000","14","Rogue Chitin Shell Pads","","0","0","24600200","24600200","0","0","220","0","6","0","8","0","100","0","100","10938","103680","0","83","0","0","0","60","99","0","0","0","92","172","0","0","0","3","0","0"
"246003000","15","Rogue Chitin Shell Helmet","","0","0","24600300","24600300","0","0","220","0","7","0","8","0","100","0","75","10938","69120","0","63","0","0","0","60","99","0","0","0","90","168","0","0","0","3","0","0"
"246004000","16","Rogue Chitin Shell Gauntlet","","0","0","24600400","24600400","0","0","220","0","8","0","8","0","100","0","49","10938","34560","0","42","0","0","0","60","99","0","0","0","86","160","0","0","0","3","0","0"
"246005000","17","Rogue Chitin Shell Boots","","0","0","24600500","24600500","0","0","220","0","9","0","8","0","100","0","49","10938","34560","0","42","0","0","0","60","99","0","0","0","88","164","0","0","0","3","0","0"
"254005000","17","Rogue Full Plate Boots","Strong iron armor|Made in middle age|Has additional joint protection|(Quest Item)","1","0","24400500","24400500","0","0","220","0","9","0","2","0","100","0","67","7812","1278","0","16","0","0","0","36","99","0","0","0","76","132","0","0","0","2","0","0"
"255001000","37","Rogue Chitin Armor Pauldron","","0","0","24500100","24500100","0","0","220","0","5","0","2","0","100","0","126","8750","115200","0","94","0","0","0","50","99","0","0","0","90","160","0","0","0","5","0","0"
"255002000","38","Rogue Chitin Armor Pads","","0","0","24500200","24500200","0","0","220","0","6","0","2","0","100","0","100","8750","69120","0","75","0","0","0","48","99","0","0","0","88","156","0","0","0","5","0","0"
"255003000","39","Rogue Chitin Armor Helmet","","0","0","24500300","24500300","0","0","220","0","7","0","2","0","100","0","75","8750","46080","0","56","0","0","0","46","99","0","0","0","86","152","0","0","0","5","0","0"
"255004000","40","Rogue Chitin Armor Gauntlet","","0","0","24500400","24500400","0","0","220","0","8","0","2","0","100","0","49","8750","23040","0","37","0","0","0","42","99","0","0","0","82","144","0","0","0","5","0","0"
"255005000","41","Rogue Chitin Armor Boots","","0","0","24500500","24500500","0","0","220","0","9","0","2","0","100","0","49","8750","23040","0","37","0","0","0","44","99","0","0","0","84","148","0","0","0","5","0","0"
"256001000","37","Rogue Chitin Shell Pauldron","","0","0","24600100","24600100","0","0","220","0","5","0","8","0","100","0","126","10938","172800","0","104","0","0","0","60","99","0","0","0","94","176","0","0","0","5","0","0"
"256002000","38","Rogue Chitin Shell Pads","","0","0","24600200","24600200","0","0","220","0","6","0","8","0","100","0","100","10938","103680","0","83","0","0","0","60","99","0","0","0","92","172","0","0","0","5","0","0"
"256003000","39","Rogue Chitin Shell Helmet","","0","0","24600300","24600300","0","0","220","0","7","0","8","0","100","0","75","10938","69120","0","63","0","0","0","60","99","0","0","0","90","168","0","0","0","5","0","0"
"256004000","40","Rogue Chitin Shell Gauntlet","","0","0","24600400","24600400","0","0","220","0","8","0","8","0","100","0","49","10938","34560","0","42","0","0","0","60","99","0","0","0","86","160","0","0","0","5","0","0"
"256005000","41","Rogue Chitin Shell Boots","","0","0","24600500","24600500","0","0","220","0","9","0","8","0","100","0","49","10938","34560","0","42","0","0","0","60","99","0","0","0","88","164","0","0","0","5","0","0"
"261001000","13","Mage Cotton Robe","","0","0","26100100","26100121","0","0","230","1","5","0","3","0","100","0","20","2000","504","0","12","0","0","0","1","99","0","0","0","0","0","62","51","202","1","0","113"
"261002000","14","Mage Cloth Pants","","0","0","26100200","20810122","0","0","230","0","6","0","3","0","100","0","16","2000","302","0","9","0","0","0","-1","99","0","0","0","0","0","58","49","202","1","0","114"
"261003000","15","Mage Hat","","0","0","0","26100123","0","0","230","0","7","0","3","0","100","0","12","2000","201","0","7","0","0","0","-3","99","0","0","0","0","0","54","47","202","1","0","115"
"261004000","16","Mage Gloves","","0","0","26100400","26100124","0","0","230","0","8","0","3","0","100","0","8","2000","100","0","4","0","0","0","-7","99","0","0","0","0","0","46","43","202","1","0","116"
"261005000","17","Mage Shoes","","0","0","26100500","26100125","0","0","230","0","9","0","3","0","100","0","8","2000","100","0","4","0","0","0","-5","99","0","0","0","0","0","50","45","202","1","0","117"
"262001000","13","Mage Linen Robe","","0","0","26200100","26200121","0","0","230","1","5","0","3","0","100","0","40","3000","4050","0","24","0","0","0","20","99","0","0","0","0","0","100","70","202","1","0","213"
"262002000","14","Mage Linen Pants","","0","0","26200200","20820122","0","0","230","0","6","0","3","0","100","0","32","3000","2430","0","19","0","0","0","18","99","0","0","0","0","0","96","68","202","1","0","214"
"262003000","15","Mage Linen Cap","","0","0","0","26200123","0","0","230","0","7","0","3","0","100","0","24","3000","1620","0","14","0","0","0","16","99","0","0","0","0","0","92","66","202","1","0","215"
"262004000","16","Mage Leather Gloves","","0","0","26200400","26200124","0","0","230","0","8","0","3","0","100","0","16","3000","810","0","9","0","0","0","12","99","0","0","0","0","0","84","62","202","1","0","216"
"262005000","17","Mage Leather Boots","","0","0","26200500","26200125","0","0","230","0","9","0","3","0","100","0","16","3000","810","0","9","0","0","0","14","99","0","0","0","0","0","88","64","202","1","0","217"
"262013000","15","Helmet of Destruction","Quest item (Magician)","1","0","0","91002400","0","0","230","0","7","0","3","0","100","0","24","10000","288000","2","87","0","0","0","1","99","0","0","0","0","0","116","0","0","0","0","0"
"263001000","13","Mage Silk Robe","","0","0","26300100","26300121","0","0","230","1","5","0","3","0","100","0","60","4000","57600","0","39","0","0","0","32","99","0","0","0","0","0","124","82","202","2","0","313"
"263002000","14","Mage Silk Pants","","0","0","26300200","28300122","0","0","230","0","6","0","3","0","100","0","48","4000","34560","0","31","0","0","0","30","99","0","0","0","0","0","120","80","202","2","0","314"
"263003000","15","Mage Helmet","","0","0","26300300","26300123","0","0","230","0","7","0","3","0","100","0","36","4000","23040","0","23","0","0","0","28","99","0","0","0","0","0","116","78","202","2","0","315"
"263004000","16","Mage Hard Leather Gloves","","0","0","26300400","26300124","0","0","230","0","8","0","3","0","100","0","24","4000","11520","0","15","0","0","0","24","99","0","0","0","0","0","108","74","202","2","0","316"
"263005000","17","Mage Hard Leather Boots","","0","0","26300500","26300125","0","0","230","0","9","0","3","0","100","0","24","4000","11520","0","15","0","0","0","26","99","0","0","0","0","0","112","76","202","2","0","317"
"263011000","13","Armor of Destruction","Quest item (Magician)","1","0","26200100","91001600","0","0","230","1","5","0","3","0","100","0","40","10000","720000","2","116","0","0","0","1","99","0","0","0","0","0","124","0","0","0","0","0"
"263012000","14","Pads of Destruction","Quest item (Magician)","1","0","26200200","91003000","0","0","230","0","6","0","3","0","100","0","32","10000","432000","2","95","0","0","0","1","99","0","0","0","0","0","120","0","0","0","0","0"
"263014000","16","Gauntlet of Destruction ","Quest item (Magician)","1","0","26200400","91002800","0","0","230","0","8","0","3","0","100","0","16","10000","144000","2","61","0","0","0","1","99","0","0","0","0","0","108","0","0","0","0","0"
"263015000","17","Boots of Destruction","Quest item (Magician)","1","0","26200500","91003200","0","0","230","0","9","0","3","0","100","0","16","10000","144000","2","61","0","0","0","1","99","0","0","0","0","0","112","0","0","0","0","0"
"263021000","13","Talia skin","Quest item (Magician)","1","0","26400100","26400100","0","0","230","0","5","0","3","0","0","0","1","5000","100000","2","116","0","0","0","1","99","0","0","0","0","0","0","0","0","0","0","0"
"264001000","13","Crystal Robe","","0","0","26400100","26400100","0","0","230","1","5","0","3","0","100","0","90","5000","86400","0","57","0","0","0","42","99","0","0","0","0","0","144","87","0","2","0","0"
"264002000","14","Crystal Pants","","0","0","26400200","26400200","0","0","230","0","6","0","3","0","100","0","72","5000","51840","0","45","0","0","0","40","99","0","0","0","0","0","140","85","0","2","0","0"
"264003000","15","Crystal Helmet","","0","0","26400300","26400300","0","0","230","0","7","0","3","0","100","0","54","5000","34560","0","34","0","0","0","38","99","0","0","0","0","0","136","83","0","2","0","0"
"264004000","16","Crystal Gloves","","0","0","26400400","26400400","0","0","230","0","8","0","3","0","100","0","36","5000","17280","0","22","0","0","0","34","99","0","0","0","0","0","128","79","0","2","0","0"
"264005000","17","Crystal Boots","","0","0","26400500","26400500","0","0","230","0","9","0","3","0","100","0","36","5000","17280","0","22","0","0","0","36","99","0","0","0","0","0","132","81","0","2","0","0"
"265001000","13","Crimson Robe","","0","0","26500100","26500100","0","0","230","1","5","0","3","0","100","0","90","6250","129600","0","81","0","0","0","50","99","0","0","0","0","0","160","90","0","3","0","0"
"265002000","14","Crimson Pants","","0","0","26500200","26500200","0","0","230","0","6","0","3","0","100","0","72","6250","77760","0","64","0","0","0","48","99","0","0","0","0","0","156","88","0","3","0","0"
"265003000","15","Crimson Helmet","","0","0","26500300","26500300","0","0","230","0","7","0","3","0","100","0","54","6250","51840","0","48","0","0","0","46","99","0","0","0","0","0","152","86","0","3","0","0"
"265004000","16","Crimson Gloves","","0","0","26500400","26500400","0","0","230","0","8","0","3","0","100","0","36","6250","25920","0","32","0","0","0","42","99","0","0","0","0","0","144","82","0","3","0","0"
"265005000","17","Crimson Boots","","0","0","26500500","26500500","0","0","230","0","9","0","3","0","100","0","36","6250","25920","0","32","0","0","0","44","99","0","0","0","0","0","148","84","0","3","0","0"
"266001000","13","Complete Robe","","0","0","26600100","26600100","0","0","230","1","5","0","10","0","100","0","90","7813","194400","0","89","0","0","0","60","99","0","0","0","0","0","160","106","0","3","0","0"
"266002000","14","Complete Pants","","0","0","26600200","26600200","0","0","230","0","6","0","10","0","100","0","72","7813","116640","0","72","0","0","0","60","99","0","0","0","0","0","156","104","0","3","0","0"
"266003000","15","Complete Helmet","","0","0","26600300","26600300","0","0","230","0","7","0","10","0","100","0","54","7813","77760","0","54","0","0","0","60","99","0","0","0","0","0","152","102","0","3","0","0"
"266004000","16","Complete Glove","","0","0","26600400","26600400","0","0","230","0","8","0","10","0","100","0","36","7813","38880","0","36","0","0","0","60","99","0","0","0","0","0","144","98","0","3","0","0"
"266005000","17","Complete Boots","","0","0","26600500","26600500","0","0","230","0","9","0","10","0","100","0","36","7813","38880","0","36","0","0","0","60","99","0","0","0","0","0","148","100","0","3","0","0"
"274005000","17","Crystal Boots","Boots that boosts the spirit.|(Quest Item)","1","0","26400500","26400500","0","0","230","0","9","0","3","0","100","0","100","9765","1917","0","26","0","0","0","36","99","0","0","0","0","0","132","81","0","2","0","0"
"275001000","37","Crimson Robe","","0","0","26500100","26500100","0","0","230","1","5","0","3","0","100","0","90","6250","129600","0","81","0","0","0","50","99","0","0","0","0","0","160","90","0","5","0","0"
"275002000","38","Crimson Pants","","0","0","26500200","26500200","0","0","230","0","6","0","3","0","100","0","72","6250","77760","0","64","0","0","0","48","99","0","0","0","0","0","156","88","0","5","0","0"
"275003000","39","Crimson Helmet","","0","0","26500300","26500300","0","0","230","0","7","0","3","0","100","0","54","6250","51840","0","48","0","0","0","46","99","0","0","0","0","0","152","86","0","5","0","0"
"275004000","40","Crimson Gloves","","0","0","26500400","26500400","0","0","230","0","8","0","3","0","100","0","36","6250","25920","0","32","0","0","0","42","99","0","0","0","0","0","144","82","0","5","0","0"
"275005000","41","Crimson Boots","","0","0","26500500","26500500","0","0","230","0","9","0","3","0","100","0","36","6250","25920","0","32","0","0","0","44","99","0","0","0","0","0","148","84","0","5","0","0"
"276001000","37","Complete Robe","","0","0","26600100","26600100","0","0","230","1","5","0","10","0","100","0","90","7813","194400","0","89","0","0","0","60","99","0","0","0","0","0","160","106","0","5","0","0"
"276002000","38","Complete Pants","","0","0","26600200","26600200","0","0","230","0","6","0","10","0","100","0","72","7813","116640","0","72","0","0","0","60","99","0","0","0","0","0","156","104","0","5","0","0"
"276003000","39","Complete Helmet","","0","0","26600300","26600300","0","0","230","0","7","0","10","0","100","0","54","7813","77760","0","54","0","0","0","60","99","0","0","0","0","0","152","102","0","5","0","0"
"276004000","40","Complete Glove","","0","0","26600400","26600400","0","0","230","0","8","0","10","0","100","0","36","7813","38880","0","36","0","0","0","60","99","0","0","0","0","0","144","98","0","5","0","0"
"276005000","41","Complete Boots","","0","0","26600500","26600500","0","0","230","0","9","0","10","0","100","0","36","7813","38880","0","36","0","0","0","60","99","0","0","0","0","0","148","100","0","5","0","0"
"281001000","13","Fabric Coat","","0","0","28100100","20810121","0","0","240","0","5","0","4","0","100","0","28","2800","392","0","16","0","0","0","1","99","0","0","51","0","0","62","0","202","1","0","119"
"281002000","14","Fabric Pants","","0","0","28100200","20810122","0","0","240","0","6","0","4","0","100","0","22","2800","235","0","12","0","0","0","-1","99","0","0","49","0","0","58","0","202","1","0","120"
"281003000","15","Priest Cap ","","0","0","0","28100123","0","0","240","0","7","0","4","0","100","0","16","2800","156","0","9","0","0","0","-3","99","0","0","47","0","0","54","0","202","1","0","121"
"281004000","16","Priest Gloves ","","0","0","28100400","20810124","0","0","240","0","8","0","4","0","100","0","11","2800","78","0","6","0","0","0","-7","99","0","0","43","0","0","46","0","202","1","0","122"
"281005000","17","Priest Shoes ","","0","0","28100500","20810125","0","0","240","0","9","0","4","0","100","0","11","2800","78","0","6","0","0","0","-5","99","0","0","45","0","0","50","0","202","1","0","123"
"282001000","13","Silk Coat","","0","0","28200100","20820121","0","0","240","0","5","0","4","0","100","0","56","4200","3150","0","32","0","0","0","20","99","0","0","70","0","0","100","0","202","1","0","219"
"282002000","14","Silk Pants","","0","0","28200200","20820122","0","0","240","0","6","0","4","0","100","0","44","4200","1890","0","25","0","0","0","18","99","0","0","68","0","0","96","0","202","1","0","220"
"282003000","15","Priest Helmet ","","0","0","0","28200123","0","0","240","0","7","0","4","0","100","0","33","4200","1260","0","19","0","0","0","16","99","0","0","66","0","0","92","0","202","1","0","221"
"282004000","16","Priest Gauntlet","","0","0","28200400","20820124","0","0","240","0","8","0","4","0","100","0","22","4200","630","0","12","0","0","0","12","99","0","0","62","0","0","84","0","202","1","0","222"
"282005000","17","Priest Boots","","0","0","28200500","20820125","0","0","240","0","9","0","4","0","100","0","22","4200","630","0","12","0","0","0","14","99","0","0","64","0","0","88","0","202","1","0","223"
"282013000","15","Helmet of Destruction","Quest item (Priest)","1","0","0","91002400","0","0","240","0","7","0","4","0","100","0","33","10000","288000","2","108","0","0","0","1","99","0","0","0","0","0","116","0","0","0","0","0"
"283001000","13","Priest Plate Pauldron","","0","0","28300100","28300121","0","0","240","0","5","0","4","0","100","0","84","5600","44800","0","52","0","0","0","32","99","0","0","82","0","0","124","0","202","2","0","319"
"283002000","14","Priest Plate Pads","","0","0","28300200","28300122","0","0","240","0","6","0","4","0","100","0","67","5600","26880","0","41","0","0","0","30","99","0","0","80","0","0","120","0","202","2","0","320"
"283003000","15","Priest Plate Helmet","","0","0","28300300","28300123","0","0","240","0","7","0","4","0","100","0","50","5600","17920","0","31","0","0","0","28","99","0","0","78","0","0","116","0","202","2","0","321"
"283004000","16","Priest Plate Gauntlet ","","0","0","28300400","28300124","0","0","240","0","8","0","4","0","100","0","33","5600","8960","0","20","0","0","0","24","99","0","0","74","0","0","108","0","202","2","0","322"
"283005000","17","Priest Plate Boots","","0","0","28300500","28300125","0","0","240","0","9","0","4","0","100","0","33","5600","8960","0","20","0","0","0","26","99","0","0","76","0","0","112","0","202","2","0","323"
"283011000","13","Armor of Destruction","Quest item (Priest)","1","0","28200100","91001600","0","0","240","0","5","0","4","0","100","0","56","10000","720000","2","149","0","0","0","1","99","0","0","0","0","0","124","0","0","0","0","0"
"283012000","14","Pads of Destruction","Quest item (Priest)","1","0","28200200","91003000","0","0","240","0","6","0","4","0","100","0","44","10000","432000","2","121","0","0","0","1","99","0","0","0","0","0","120","0","0","0","0","0"
"283014000","16","Gauntlet of Destruction ","Quest item (Priest)","1","0","28200400","91002800","0","0","240","0","8","0","4","0","100","0","22","10000","144000","2","75","0","0","0","1","99","0","0","0","0","0","108","0","0","0","0","0"
"283015000","17","Boots of Destruction","Quest item (Priest)","1","0","28200500","91003200","0","0","240","0","9","0","4","0","100","0","22","10000","144000","2","75","0","0","0","1","99","0","0","0","0","0","112","0","0","0","0","0"
"283021000","13","Talia skin","Quest item (Priest)","1","0","28400100","28400100","0","0","240","0","5","0","4","0","0","0","1","5000","100000","2","149","0","0","0","1","99","0","0","0","0","0","0","0","0","0","0","0"
"284001000","13","Priest Full Plate Armor Pauldron","","0","0","28400100","28400100","0","0","240","0","5","0","4","0","100","0","126","7000","67200","0","76","0","0","0","42","99","0","0","87","0","0","144","0","0","2","0","0"
"284002000","14","Priest Full Plate Armor Pads","","0","0","28400200","28400200","0","0","240","0","6","0","4","0","100","0","100","7000","40320","0","60","0","0","0","40","99","0","0","85","0","0","140","0","0","2","0","0"
"284003000","15","Priest Full Plate Armor Helmet","","0","0","28400300","28400300","0","0","240","0","7","0","4","0","100","0","75","7000","26880","0","45","0","0","0","38","99","0","0","83","0","0","136","0","0","2","0","0"
"284004000","16","Priest Full Plate Armor Gauntlet","","0","0","28400400","28400400","0","0","240","0","8","0","4","0","100","0","49","7000","13440","0","30","0","0","0","34","99","0","0","79","0","0","128","0","0","2","0","0"
"284005000","17","Priest Full Plate Armor Boots","","0","0","28400500","28400500","0","0","240","0","9","0","4","0","100","0","49","7000","13440","0","30","0","0","0","36","99","0","0","81","0","0","132","0","0","2","0","0"
"285001000","13","Priest Chitin Armor Pauldron","","0","0","28500100","28500100","0","0","240","0","5","0","4","0","100","0","126","8750","100800","0","108","0","0","0","50","99","0","0","90","0","0","160","0","0","3","0","0"
"285002000","14","Priest Chitin Armor Pads","","0","0","28500200","28500200","0","0","240","0","6","0","4","0","100","0","100","8750","60480","0","86","0","0","0","48","99","0","0","88","0","0","156","0","0","3","0","0"
"285003000","15","Priest Chitin Armor Helmet","","0","0","28500300","28500300","0","0","240","0","7","0","4","0","100","0","75","8750","40320","0","64","0","0","0","46","99","0","0","86","0","0","152","0","0","3","0","0"
"285004000","16","Priest Chitin Armor Gauntlet","","0","0","28500400","28500400","0","0","240","0","8","0","4","0","100","0","49","8750","20160","0","43","0","0","0","42","99","0","0","82","0","0","144","0","0","3","0","0"
"285005000","17","Priest Chitin Armor Boots","","0","0","28500500","28500500","0","0","240","0","9","0","4","0","100","0","49","8750","20160","0","43","0","0","0","44","99","0","0","84","0","0","148","0","0","3","0","0"
"286001000","13","Priest Chitin Shell Pauldron","","0","0","28600100","28600100","0","0","240","0","5","0","12","0","100","0","126","10938","151200","0","119","0","0","0","60","99","0","0","94","0","0","176","0","0","3","0","0"
"286002000","14","Priest Chitin Shell Pads","","0","0","28600200","28600200","0","0","240","0","6","0","12","0","100","0","100","10938","90720","0","95","0","0","0","60","99","0","0","92","0","0","172","0","0","3","0","0"
"286003000","15","Priest Chitin Shell Helmet","","0","0","28600300","28600300","0","0","240","0","7","0","12","0","100","0","75","10938","60480","0","72","0","0","0","60","99","0","0","90","0","0","168","0","0","3","0","0"
"286004000","16","Priest Chitin Shell Gauntlet","","0","0","28600400","28600400","0","0","240","0","8","0","12","0","100","0","49","10938","30240","0","48","0","0","0","60","99","0","0","86","0","0","160","0","0","3","0","0"
"286005000","17","Priest Chitin Shell Boots","","0","0","28600500","28600500","0","0","240","0","9","0","12","0","100","0","49","10938","30240","0","48","0","0","0","60","99","0","0","88","0","0","164","0","0","3","0","0"
"294005000","17","Priest Full Plate Boots","Strong iron armor|Made in middle age|Has additional joint protection.|(Quest Item)","1","0","28400500","28400500","0","0","240","0","9","0","4","0","100","0","150","12206","2875","0","38","0","0","0","36","99","0","0","81","0","0","132","0","0","2","0","0"
"295001000","37","Priest Chitin Armor Pauldron","","0","0","28500100","28500100","0","0","240","0","5","0","4","0","100","0","126","8750","100800","0","108","0","0","0","50","99","0","0","90","0","0","160","0","0","5","0","0"
"295002000","38","Priest Chitin Armor Pads","","0","0","28500200","28500200","0","0","240","0","6","0","4","0","100","0","100","8750","60480","0","86","0","0","0","48","99","0","0","88","0","0","156","0","0","5","0","0"
"295003000","39","Priest Chitin Armor Helmet","","0","0","28500300","28500300","0","0","240","0","7","0","4","0","100","0","75","8750","40320","0","64","0","0","0","46","99","0","0","86","0","0","152","0","0","5","0","0"
"295004000","40","Priest Chitin Armor Gauntlet","","0","0","28500400","28500400","0","0","240","0","8","0","4","0","100","0","49","8750","20160","0","43","0","0","0","42","99","0","0","82","0","0","144","0","0","5","0","0"
"295005000","41","Priest Chitin Armor Boots","","0","0","28500500","28500500","0","0","240","0","9","0","4","0","100","0","49","8750","20160","0","43","0","0","0","44","99","0","0","84","0","0","148","0","0","5","0","0"
"296001000","37","Priest Chitin Shell Pauldron","","0","0","28600100","28600100","0","0","240","0","5","0","12","0","100","0","126","10938","151200","0","119","0","0","0","60","99","0","0","94","0","0","176","0","0","5","0","0"
"296002000","38","Priest Chitin Shell Pads","","0","0","28600200","28600200","0","0","240","0","6","0","12","0","100","0","100","10938","90720","0","95","0","0","0","60","99","0","0","92","0","0","172","0","0","5","0","0"
"296003000","39","Priest Chitin Shell Helmet","","0","0","28600300","28600300","0","0","240","0","7","0","12","0","100","0","75","10938","60480","0","72","0","0","0","60","99","0","0","90","0","0","168","0","0","5","0","0"
"296004000","40","Priest Chitin Shell Gauntlet","","0","0","28600400","28600400","0","0","240","0","8","0","12","0","100","0","49","10938","30240","0","48","0","0","0","60","99","0","0","86","0","0","160","0","0","5","0","0"
"296005000","41","Priest Chitin Shell Boots","","0","0","28600500","28600500","0","0","240","0","9","0","12","0","100","0","49","10938","30240","0","48","0","0","0","60","99","0","0","88","0","0","164","0","0","5","0","0"
"300176000","19","Prasia`s Heart","","1","0","30017600","30017600","0","0","92","0","11","20","0","0","0","0","3","2000","0","0","0","0","0","0","1","99","0","0","0","0","0","0","0","0","0","0","0"
"300177000","19","Choco-Necklace","love +25|hate -10","1","0","30017700","30017700","0","0","0","0","11","20","0","0","0","0","3","2000","0","0","0","0","0","0","1","99","0","0","0","0","0","0","0","0","0","0","0"
"300178000","22","Prasia`s Kiss","Exp reward will be added after event (Feb 20)","0","0","91001400","91001400","0","0","0","0","15","20","0","0","0","0","3","2000","0","0","0","0","0","0","1","99","0","0","0","0","0","0","0","0","0","0","0"
"300179000","22","Love Chocolate","Exp reward will be added after event (Feb 20)","0","0","30018000","30018000","0","0","0","0","15","20","0","0","0","0","3","2000","0","0","0","0","0","0","1","99","0","0","0","0","0","0","0","0","0","0","0"
"300180000","22","Chocolate","","0","0","30018000","30018000","0","0","0","0","15","20","0","0","0","0","3","2000","0","0","0","1","0","0","1","99","0","0","0","0","0","0","0","0","0","0","0"
"310110000","18","Ruby Earring","","0","0","31011000","31011000","0","0","91","0","10","0","0","0","100","0","0","1","640","0","0","0","0","0","1","99","0","0","0","0","0","0","0","203","0","0","101"
"310150000","18","Pearl Earring","","0","0","31021000","31021000","0","0","91","0","10","0","0","0","100","0","0","1","640","0","0","0","0","0","1","99","0","0","0","0","0","0","0","103","0","0","101"
"310310000","23","Rare Accessories","","0","0","31031000","31031000","0","0","91","0","10","0","0","0","100","0","0","1","640","0","0","0","0","0","1","99","0","0","0","0","0","0","0","0","0","0","0"
"310410000","18","Rare Accessories","","0","0","31041000","31041000","0","0","91","0","10","0","0","0","100","0","0","1","640","0","0","0","0","0","1","99","0","0","0","0","0","0","0","0","0","0","0"
"310510000","18","Rare Accessories","","0","0","31051000","31051000","0","0","91","0","10","0","0","0","100","0","0","1","640","0","0","0","0","0","1","99","0","0","0","0","0","0","0","0","0","0","0"
"310511000","18","Minotaur’s Earrings","Earrings once worn by Minotaur|Gives the owner tremendous strength.","1","0","31051000","31051000","0","0","91","0","10","0","6","0","100","0","0","1","640","0","0","0","0","0","60","99","0","0","0","0","0","0","0","0","0","0","0"
"310512000","18","Cockatrice’s Earrings","Earrings once worn on|the beak of nimble Cockatrice.","1","0","31051000","31051000","0","0","91","0","10","0","8","0","100","0","0","1","640","0","15","0","0","0","60","99","0","0","0","0","0","0","0","0","0","0","0"
"310513000","18","Leech King’s Earrings","Ring once pierced on Leech King’s skinny finger.|Not a ring normally worn on the finger.","1","0","31051000","31051000","0","0","91","0","10","0","10","0","100","0","0","1","640","0","10","0","0","0","60","99","0","0","0","0","0","0","0","0","0","0","0"
"310514000","18","Lillime’s Earrings","Earrings of charming Lillime.|No one can resist her charm.","1","0","31051000","31051000","0","0","91","0","10","0","12","0","100","0","0","1","640","0","15","0","0","0","60","99","0","0","0","0","0","0","0","0","0","0","0"
"310610000","18","Rare Accessories","","0","0","31061000","31061000","0","0","91","0","10","0","0","0","100","0","0","1","640","0","0","0","0","0","1","99","0","0","0","0","0","0","0","0","0","0","0"
"320110000","19","Golden Pendant","","0","0","32011000","32011000","0","0","92","0","11","0","0","0","100","0","0","1","640","0","0","0","0","0","1","99","0","0","0","0","0","0","0","203","0","0","102"
"320120000","19","Necklace of Life","Increase the maximum HP by 800. ","1","0","32011000","32011000","0","0","92","0","11","0","0","0","100","0","0","1","640","0","0","0","0","0","60","99","0","0","0","0","0","0","0","0","0","0","0"
"320150000","19","Topaz Pendant","","0","0","32021000","32021000","0","0","92","0","11","0","0","0","100","0","0","1","640","0","0","0","0","0","1","99","0","0","0","0","0","0","0","103","0","0","102"
"320310000","19","Rare Accessories","","0","0","32031000","32031000","0","0","92","0","11","0","0","0","100","0","0","1","640","0","0","0","0","0","1","99","0","0","0","0","0","0","0","0","0","0","0"
"320410000","23","Rare Accessories","","0","0","32041000","32041000","0","0","92","0","11","0","0","0","100","0","0","1","640","0","0","0","0","0","1","99","0","0","0","0","0","0","0","0","0","0","0"
"320510000","19","Rare Accessories","","0","0","32051000","32051000","0","0","92","0","11","0","0","0","100","0","0","1","640","0","0","0","0","0","1","99","0","0","0","0","0","0","0","0","0","0","0"
"320610000","19","Rare Accessories","","0","0","32061000","32061000","0","0","92","0","11","0","0","0","100","0","0","1","640","0","0","0","0","0","1","99","0","0","0","0","0","0","0","0","0","0","0"
"330110000","20","Sapphire Ring ","","0","0","33011000","33011000","0","0","93","0","12","0","0","0","100","0","0","1","640","0","0","0","0","0","1","99","0","0","0","0","0","0","0","203","0","0","103"
"330111000","20","Ring of Light’s Courage","Blessed Ring of Light’s Courage","1","0","33011000","33011000","0","0","93","0","12","0","21","0","100","0","0","1","640","0","0","0","0","0","1","99","0","0","0","0","0","0","0","0","0","0","0"
"330112000","19","잃어버린 자의 목걸이","(봉인 됨)","1","0","33011200","33011200","0","0","92","0","11","0","0","0","100","0","0","1","640","0","0","0","0","0","0","100","0","0","0","0","0","0","0","0","0","0","0"
"330150000","20","Red Pearl Ring","","0","0","33021000","33021000","0","0","93","0","12","0","0","0","100","0","0","1","640","0","0","0","0","0","1","99","0","0","0","0","0","0","0","103","0","0","103"
"330151000","20","Ring of Light’s Life","Blessed Ring of Light’s Life","1","0","33021000","33021000","0","0","93","0","12","0","21","0","100","0","0","1","640","0","0","0","0","0","1","99","0","0","0","0","0","0","0","0","0","0","0"
"330310000","23","Rare Accessories","","0","0","33031000","33031000","0","0","93","0","12","0","0","0","100","0","0","1","640","0","0","0","0","0","1","99","0","0","0","0","0","0","0","0","0","0","0"
"330410000","20","Rare Accessories","","0","0","33041000","33041000","0","0","93","0","12","0","0","0","100","0","0","1","640","0","0","0","0","0","1","99","0","0","0","0","0","0","0","0","0","0","0"
"330510000","20","Rare Accessories","","0","0","33051000","33051000","0","0","93","0","12","0","0","0","100","0","0","1","640","0","0","0","0","0","1","99","0","0","0","0","0","0","0","0","0","0","0"
"330610000","20","Rare Accessories","","0","0","33061000","33061000","0","0","93","0","12","0","0","0","100","0","0","1","640","0","0","0","0","0","1","99","0","0","0","0","0","0","0","0","0","0","0"
"330620000","20","Ring of the Felankor","Ring infused with the power of the Red Dragon `Felankor`","1","0","33062000","33062000","0","0","93","0","12","0","0","0","100","0","0","1","640","0","0","0","0","0","1","99","0","0","0","0","0","0","0","0","0","0","0"
"330910000","23","Flame Ring","Instilled with spirit of fire, strengthens mage's fire magic","1","0","33051000","33051000","0","0","93","0","12","0","0","0","100","0","3","1","640","0","0","0","0","0","60","99","0","0","0","0","0","0","0","0","0","0","0"
"330920000","23","Shio Tears","Tears of the elf Shio, strengthens mage's ice magic","1","0","33041000","33041000","0","0","93","0","12","0","0","0","100","0","3","1","640","0","0","0","0","0","60","99","0","0","0","0","0","0","0","0","0","0","0"
"330930000","23","Imir Ring","Said to reveal the future, strengthens mage's combat magic","1","0","33061000","33061000","0","0","93","0","12","0","0","0","100","0","3","1","640","0","0","0","0","0","60","99","0","0","0","0","0","0","0","0","0","0","0"
"330940000","23","Foverin","Infused with spirit of the Evil King; lethal to organisms","1","0","33031000","33031000","0","0","93","0","12","0","0","0","100","0","3","1","640","0","0","0","0","0","60","99","0","0","0","0","0","0","0","0","0","0","0"
"339910000","23","Tester Ring","Souvenir for Closed Beta Testers","0","0","33991000","33991000","0","0","93","0","12","0","0","0","100","0","0","1","20","0","0","0","0","0","1","99","0","0","0","0","0","0","0","0","0","0","0"
"340110000","21","Linen Belt","","0","0","34011000","34011000","0","0","94","0","14","0","0","0","100","0","0","1","640","0","0","0","0","0","1","99","0","0","0","0","0","0","0","203","0","0","104"
"340150000","21","Low Fur Belt","","0","0","34021000","34021000","0","0","94","0","14","0","0","0","100","0","0","1","640","0","0","0","0","0","1","99","0","0","0","0","0","0","0","103","0","0","104"
"340310000","21","Rare Accessories","","0","0","34031000","34031000","0","0","94","0","14","0","0","0","100","0","0","1","640","0","0","0","0","0","1","99","0","0","0","0","0","0","0","0","0","0","0"
"340410000","21","Rare Accessories","","0","0","34041000","34041000","0","0","94","0","14","0","0","0","100","0","0","1","640","0","0","0","0","0","1","99","0","0","0","0","0","0","0","0","0","0","0"
"340510000","21","Rare Accessories","","0","0","34051000","34051000","0","0","94","0","14","0","0","0","100","0","0","1","640","0","0","0","0","0","1","99","0","0","0","0","0","0","0","0","0","0","0"
"340610000","21","Rare Accessories","","0","0","34061000","34061000","0","0","94","0","14","0","0","0","100","0","0","1","640","0","0","0","0","0","1","99","0","0","0","0","0","0","0","0","0","0","0"
"340620000","21","Holy Ghost Belt","","0","0","34062000","34062000","0","0","94","0","14","0","0","0","100","0","0","1","60000","0","0","0","0","0","1","99","0","0","0","0","0","0","0","0","0","0","0"
"370001000","22","Spell of Fire Blast","Spell for Level 35 Flame Magician","0","0","37000100","37000100","0","0","95","0","15","0","0","0","0","0","1","1","75000","0","0","0","0","0","1","99","0","0","0","0","0","0","0","0","0","0","0"
"370002000","22","Spell of Glacier Blast","Spell for Level 35 Glacier Magician","0","0","37000100","37000100","0","0","95","0","15","0","0","0","0","0","1","1","75000","0","0","0","0","0","1","99","0","0","0","0","0","0","0","0","0","0","0"
"370003000","22","Spell of Thunder Blast","Spell for Level 35 Lightning Magician","0","0","37000100","37000100","0","0","95","0","15","0","0","0","0","0","1","1","75000","0","0","0","0","0","1","99","0","0","0","0","0","0","0","0","0","0","0"
"370004000","22","Blood of wolf","Magic Rogue Item","0","0","37000400","37000400","0","0","95","0","17","0","0","0","0","0","5","1","480","0","0","1","0","0","1","99","0","0","0","0","0","0","0","255","0","0","108"
"370005000","22","Blessing Potion","Priest`s Potion for lifting a curse","0","0","37000500","37000500","0","0","95","0","17","0","0","0","0","0","150","1","480","0","0","1","0","0","1","99","0","0","0","0","0","0","0","255","0","0","109"
"370006000","22","Cure Potion","Healing Potion for Priest","0","0","37000600","37000600","0","0","95","0","17","0","0","0","0","0","150","1","480","0","0","1","0","0","1","99","0","0","0","0","0","0","0","255","0","0","110"
"379001000","22","Prayer of life","Ingredient for Water of Life","0","0","37900100","37900100","0","0","97","0","17","0","0","0","0","0","1","1","30","0","0","1","0","0","1","99","0","0","0","0","0","0","0","255","0","0","103"
"379002000","22","Prayer of love","Ingredient for Water of Love","0","0","37900200","37900200","0","0","97","0","17","0","0","0","0","0","1","1","300","0","0","1","0","0","1","99","0","0","0","0","0","0","0","255","0","0","104"
"379003000","22","Prayer of grace","Ingredient for Water of Grace","0","0","37900300","37900300","0","0","97","0","17","0","0","0","0","0","1","1","700","0","0","1","0","0","1","99","0","0","0","0","0","0","0","255","0","0","105"
"379004000","22","Prayer of favors","Ingredient for Water of Favors","0","0","37900400","37900400","0","0","97","0","17","0","0","0","0","0","1","1","2200","0","0","1","0","0","1","99","0","0","0","0","0","0","0","255","0","0","106"
"379005000","22","Prayer of bless","Ingredient for Water of Bless","0","0","37900500","37900500","0","0","97","0","17","0","0","0","0","0","1","1","800","0","0","1","0","0","1","99","0","0","0","0","0","0","0","0","0","0","0"
"379006000","22","Stone of life","Ingredient for resurrection magic","0","0","37900600","37900600","0","0","97","0","17","0","0","0","0","0","1","1","20000","0","0","1","0","0","1","99","0","0","0","0","0","0","0","255","0","0","107"
"379007000","22","Tooth of Smilodon","Quest item","0","0","37000700","37000700","0","0","97","0","17","0","0","0","0","0","1","1","60000","0","0","1","0","0","1","99","0","0","0","0","0","0","0","0","0","0","0"
"379008000","22","Claw of Stegodon","Quest item","0","0","37000800","37000800","0","0","97","0","17","0","0","0","0","0","1","1","60000","0","0","1","0","0","1","99","0","0","0","0","0","0","0","0","0","0","0"
"379009000","22","Heart of Haunga","Quest item","0","0","37000900","37000900","0","0","97","0","17","0","0","0","0","0","1","1","60000","0","0","1","0","0","1","99","0","0","0","0","0","0","0","0","0","0","0"
"379010000","22","Gavolt scales","Quest item","0","0","37001000","37001000","0","0","97","0","17","0","0","0","0","0","1","1","60000","0","0","1","0","0","1","99","0","0","0","0","0","0","0","0","0","0","0"
"379011000","22","Bone of Dragon tooth","Quest item","0","0","37001100","37001100","0","0","97","0","17","0","0","0","0","0","1","1","60000","0","0","1","0","0","1","99","0","0","0","0","0","0","0","0","0","0","0"
"379012000","22","Blood of dark mage","Quest item","0","0","37001200","37001200","0","0","97","0","17","0","0","0","0","0","1","1","60000","0","0","1","0","0","1","99","0","0","0","0","0","0","0","0","0","0","0"
"379013000","22","Mythril vessel","Quest item","0","0","37001300","37001300","0","0","97","0","17","0","0","0","0","0","1","1","30000","0","0","1","0","0","1","99","0","0","0","0","0","0","0","0","0","0","0"
"379014000","22","Blood of Glyptodont","Quest item","0","0","37001400","37001400","0","0","97","0","17","0","0","0","0","0","1","1","150000","0","0","1","0","0","1","99","0","0","0","0","0","0","0","0","0","0","0"
"379015000","22","Bezoar of Glyptodont","Quest item","0","0","37001500","37001500","0","0","97","0","17","0","0","0","0","0","1","1","180000","0","0","1","0","0","1","99","0","0","0","0","0","0","0","0","0","0","0"
"379016000","22","Upgrade Scroll (High Class Item)","Upgrades your item's grade up to +5 (High Class item and below)","0","0","37922000","37922000","0","0","98","0","17","0","0","0","0","0","0","1","240000","0","0","1","0","255","1","99","0","0","0","0","0","0","0","254","0","0","102"
"379017000","22","Enchant Scroll(STR) (High Class Item)","Add Strength Bonus to your item (High Class item and below)","0","0","37922100","37922100","0","0","98","0","17","0","0","0","0","0","0","1","240000","0","0","1","0","255","1","99","0","0","0","0","0","0","0","254","0","0","201"
"379018000","22","Immune Scroll (High Class Item)","Add Resistance Bonus to your item (High Class item  and below)","0","0","37922600","37922600","0","0","98","0","17","0","0","0","0","0","0","1","240000","0","0","1","0","255","1","99","0","0","0","0","0","0","0","254","0","0","104"
"379019000","22","Reduce Scroll (High Class Item)","Decreases the skill point requirement for items (Cannot be used with Elemental Scroll, Immune Scroll, or Enchant Scroll) (High Class item  and below)","0","0","37922700","37922700","0","0","98","0","17","0","0","0","0","0","0","1","240000","0","0","1","0","255","1","99","0","0","0","0","0","0","0","254","0","0","105"
"379020000","22","Elemental Scroll (High Class Item)","Gives an item additional damage capabilities ","0","0","37922800","37922800","0","0","98","0","17","0","0","0","0","0","0","1","240000","0","0","1","0","255","1","99","0","0","0","0","0","0","0","254","0","0","103"
"379021000","22","Blessed Upgrade Scroll (High Class Item)","Upgrades your item's grade(Higher Success Rate) (High Class item and below)","0","0","37902100","37902100","0","0","98","0","17","0","0","0","0","0","0","1","2400000","0","0","1","0","255","1","99","0","0","0","0","0","0","0","254","0","0","120"
"379022000","22","Blessed Enchant Scroll(STR) (High Class Item)","Add Strength Bonus to your item(Higher Success Rate) (High Class item and below)","0","0","37902200","37902200","0","0","98","0","17","0","0","0","0","0","0","1","1200000","0","0","1","0","255","1","99","0","0","0","0","0","0","0","254","0","0","219"
"379023000","22","Blessed Immune Scroll (High Class Item)","Add Resistance Bonus to your item(Higher Success Rate) (High Class item and below)","0","0","37902300","37902300","0","0","98","0","17","0","0","0","0","0","0","1","1200000","0","0","1","0","255","1","99","0","0","0","0","0","0","0","254","0","0","122"
"379024000","22","Blessed Reduce Scroll (High Class Item)","Decreases the skill point requirement for items (Cannot be used with Elemental Scroll, Immune Scroll, or Enchant Scroll) (High Class item and below)","0","0","37902400","37902400","0","0","98","0","17","0","0","0","0","0","0","1","1200000","0","0","1","0","255","1","99","0","0","0","0","0","0","0","254","0","0","123"
"379025000","22","Blessed Elemental Scroll (High Class Item)","Gives an item additional damage capabilities(Higher Success Rate)","0","0","37902500","37902500","0","0","98","0","17","0","0","0","0","0","0","1","3600000","0","0","1","0","255","1","99","0","0","0","0","0","0","0","254","0","0","121"
"379026000","22","Enchant Scroll(HP) (High Class Item)","Add HP bonus to the item (High Class item and below)","0","0","37922100","37922100","0","0","98","0","17","0","0","0","0","0","0","1","240000","0","0","1","0","255","1","99","0","0","0","0","0","0","0","254","0","0","202"
"379027000","22","Enchant Scroll(DEX) (High Class Item)","Add Dexterity bonus to the item (High Class item and below)","0","0","37922100","37922100","0","0","98","0","17","0","0","0","0","0","0","1","240000","0","0","1","0","255","1","99","0","0","0","0","0","0","0","254","0","0","203"
"379028000","22","Enchant Scroll(INT) (High Class Item)","Add Intelligence bonus to the item (Higher success rate)","0","0","37922100","37922100","0","0","98","0","17","0","0","0","0","0","0","1","240000","0","0","1","0","255","1","99","0","0","0","0","0","0","0","254","0","0","204"
"379029000","22","Enchant Scroll(MAGIC) (High Class Item)","Add Magic Power bonus to the item (Higher success rate)","0","0","37922100","37922100","0","0","98","0","17","0","0","0","0","0","0","1","240000","0","0","1","0","255","1","99","0","0","0","0","0","0","0","254","0","0","205"
"379030000","22","Blessed Enchant Scroll(HP) (High Class Item)","Add HP bonus to the item (Higher success rate) (High Class item and below)","0","0","37902200","37902200","0","0","98","0","17","0","0","0","0","0","0","1","1200000","0","0","1","0","255","1","99","0","0","0","0","0","0","0","254","0","0","220"
"379031000","22","Blessed Enchant Scroll(Dex) (High Class Item)","Add Dexterity bonus to the item (Higher success rate) (High Class item and below)","0","0","37902200","37902200","0","0","98","0","17","0","0","0","0","0","0","1","1200000","0","0","1","0","255","1","99","0","0","0","0","0","0","0","254","0","0","221"
"379032000","22","Blessed Enchant Scroll(INT) (High Class Item)","Add Intelligence bonus to the item (Higher success rate) (High Class item and below)","0","0","37902200","37902200","0","0","98","0","17","0","0","0","0","0","0","1","1200000","0","0","1","0","255","1","99","0","0","0","0","0","0","0","254","0","0","222"
"379033000","22","Blessed Enchant Scroll(MAGIC) (High Class Item)","Add Magic Power bonus to the item (Higher success rate) (High Class item and below)","0","0","37902200","37902200","0","0","98","0","17","0","0","0","0","0","0","1","1200000","0","0","1","0","255","1","99","0","0","0","0","0","0","0","254","0","0","223"
"379034000","22","Dispell Scroll(Fire) (High Class Item)","Transform an upgraded Lightning Staff to a Flame Staff. (High Class item and below)","0","0","37921500","37921500","0","0","98","0","17","0","0","0","0","0","0","1","240000","0","0","1","0","255","1","99","0","0","0","0","0","0","0","254","0","0","319"
"379035000","22","Dispell Scroll(Glacier) (High Class Item)","Transform an upgraded Lightning Staff to an Glacier Staff (High Class item and below)","0","0","37921500","37921500","0","0","98","0","17","0","0","0","0","0","0","1","240000","0","0","1","0","255","1","99","0","0","0","0","0","0","0","254","0","0","320"
"379040000","22","Tail of Shaula","","0","0","37904000","37904000","0","0","97","0","17","0","0","0","0","0","0","1","30000","0","0","1","0","0","1","99","0","0","0","0","0","0","0","0","0","0","0"
"379041000","22","Tail of Lesath","","0","0","37904100","37904100","0","0","97","0","17","0","0","0","0","0","0","1","30000","0","0","1","0","0","1","99","0","0","0","0","0","0","0","0","0","0","0"
"379042000","22","Fang of Bakirra","","0","0","37904200","37904200","0","0","97","0","17","0","0","0","0","0","0","1","30000","0","0","1","0","0","1","99","0","0","0","0","0","0","0","0","0","0","0"
"379043000","22","Gavolt wing","","0","0","37904300","37904300","0","0","97","0","17","0","0","0","0","0","0","1","30000","0","0","1","0","0","1","99","0","0","0","0","0","0","0","0","0","0","0"
"379044000","22","Zombie Eye","","0","0","37904400","37904400","0","0","97","0","17","0","0","0","0","0","0","1","30000","0","0","1","0","0","1","99","0","0","0","0","0","0","0","0","0","0","0"
"379045000","22","Cursed Bone","","0","0","37904500","37904500","0","0","97","0","17","0","0","0","0","0","0","1","30000","0","0","1","0","0","1","99","0","0","0","0","0","0","0","0","0","0","0"
"379046000","22","Feather of Harpy Queen","","0","0","37904600","37904600","0","0","97","0","17","0","0","0","0","0","0","1","30000","0","0","1","0","0","1","99","0","0","0","0","0","0","0","0","0","0","0"
"379047000","22","Holy water of Temple","","0","0","37904700","37904700","0","0","97","0","17","0","0","0","0","0","0","1","30000","0","0","1","0","0","1","99","0","0","0","0","0","0","0","0","0","0","0"
"379048000","22","Silk bundle","","0","0","37904800","37904800","0","0","97","0","17","0","0","0","0","0","0","1","80","0","0","1","0","0","1","99","0","0","0","0","0","0","0","0","0","0","0"
"379049000","22","Goblin Pauldron","Quest item","0","0","37904900","37904900","0","0","97","0","17","0","0","0","0","0","50","1","6000","0","0","1","0","0","1","99","0","0","0","0","0","0","0","0","0","0","0"
"379050000","22","Goblin Pads","Quest item","0","0","37905000","37905000","0","0","97","0","17","0","0","0","0","0","50","1","6000","0","0","1","0","0","1","99","0","0","0","0","0","0","0","0","0","0","0"
"379051000","22","Goblin Helmet","Quest item","0","0","37905100","37905100","0","0","97","0","17","0","0","0","0","0","50","1","6000","0","0","1","0","0","1","99","0","0","0","0","0","0","0","0","0","0","0"
"379052000","22","Goblin Gauntlet ","Quest item","0","0","37905200","37905200","0","0","97","0","17","0","0","0","0","0","50","1","6000","0","0","1","0","0","1","99","0","0","0","0","0","0","0","0","0","0","0"
"379053000","22","Goblin Boots","Quest item","0","0","37905300","37905300","0","0","97","0","17","0","0","0","0","0","50","1","6000","0","0","1","0","0","1","99","0","0","0","0","0","0","0","0","0","0","0"
"379054000","22","Mythril Pauldron","Quest item","0","0","37905400","37905400","0","0","97","0","17","0","0","0","0","0","50","1","60000","0","0","1","0","0","1","99","0","0","0","0","0","0","0","0","0","0","0"
"379055000","22","Mythril Pads","Quest item","0","0","37905500","37905500","0","0","97","0","17","0","0","0","0","0","50","1","60000","0","0","1","0","0","1","99","0","0","0","0","0","0","0","0","0","0","0"
"379056000","22","Mythril Helmet","Quest item","0","0","37905600","37905600","0","0","97","0","17","0","0","0","0","0","50","1","60000","0","0","1","0","0","1","99","0","0","0","0","0","0","0","0","0","0","0"
"379057000","22","Mythril Gauntlet ","Quest item","0","0","37905700","37905700","0","0","97","0","17","0","0","0","0","0","50","1","60000","0","0","1","0","0","1","99","0","0","0","0","0","0","0","0","0","0","0"
"379058000","22","Mythril Boots","Quest item","0","0","37905800","37905800","0","0","97","0","17","0","0","0","0","0","50","1","60000","0","0","1","0","0","1","99","0","0","0","0","0","0","0","0","0","0","0"
"379059000","22","Stone of Warrior","Consumed item for Warrior`s master skill ","0","0","37905900","37905900","0","0","97","0","17","0","0","0","0","0","0","1","520","0","0","1","0","0","1","99","0","0","0","0","0","0","0","255","0","0","119"
"379060000","22","Stone of Rogue","Consumed item for Rogue`s master skill ","0","0","37906000","37906000","0","0","97","0","17","0","0","0","0","0","0","1","520","0","0","1","0","0","1","99","0","0","0","0","0","0","0","255","0","0","120"
"379061000","22","Stone of Mage","Consumed item for Magician`s master skill ","0","0","37906100","37906100","0","0","97","0","17","0","0","0","0","0","0","1","520","0","0","1","0","0","1","99","0","0","0","0","0","0","0","255","0","0","121"
"379062000","22","Stone of Priest","Consumed item for Priest`s master skill ","0","0","37906200","37906200","0","0","97","0","17","0","0","0","0","0","0","1","520","0","0","1","0","0","1","99","0","0","0","0","0","0","0","255","0","0","122"
"379063000","22","Scream Scroll","Skill scroll for Level 62 Warrior","0","0","37906300","37906300","0","0","95","0","15","0","0","0","0","0","1","1","75000","0","0","0","0","0","1","99","0","0","0","0","0","0","0","0","0","0","0"
"379064000","22","Magic Shield Scroll","Skill Scroll for Level 62 Rogue","0","0","37906400","37906400","0","0","95","0","15","0","0","0","0","0","1","1","75000","0","0","0","0","0","1","99","0","0","0","0","0","0","0","0","0","0","0"
"379065000","22","Absolute Power Scroll","Skill Scroll for Level 62 Magician","0","0","37906500","37906500","0","0","95","0","15","0","0","0","0","0","1","1","75000","0","0","0","0","0","1","99","0","0","0","0","0","0","0","0","0","0","0"
"379066000","22","Judgment Scroll","Skill Scroll for Level 62 Priest","0","0","37906600","37906600","0","0","95","0","15","0","0","0","0","0","1","1","75000","0","0","0","0","0","1","99","0","0","0","0","0","0","0","0","0","0","0"
"379067000","22","Silver bar","","0","0","37906700","37906700","0","0","95","0","17","0","0","0","0","0","10","1","10000000","1","0","0","0","0","1","99","0","0","0","0","0","0","0","255","0","0","123"
"379068000","22","Gold bar","","0","0","37906800","37906800","0","0","95","0","17","0","0","0","0","0","10","1","100000000","1","0","0","0","0","1","99","0","0","0","0","0","0","0","0","0","0","124"
"379069000","22","Spell of thorn","Skill Scroll for Level 54 Magician","0","0","37906900","37906900","0","0","95","0","15","0","3","0","0","0","1","1","75000","0","0","0","0","0","1","99","0","0","0","0","0","0","0","0","0","0","0"
"379070000","22","Spell of impact","Skill Scroll for Level 57 Magician","0","0","37907000","37907000","0","0","95","0","15","0","3","0","0","0","1","1","75000","0","0","0","0","0","1","99","0","0","0","0","0","0","0","0","0","0","0"
"379071000","22","Talisman of Destruction","Building material for Armor of Destruction","0","0","91005800","91005800","0","0","95","0","15","0","0","0","0","0","1","1","10000","0","0","1","0","0","1","99","0","0","0","0","0","0","0","0","0","0","0"
"379072000","22","Talisman of Talia","Building material for Talia Skin","0","0","91005900","91005900","0","0","95","0","15","0","0","0","0","0","1","1","10000","0","0","1","0","0","1","99","0","0","0","0","0","0","0","0","0","0","0"
"379073000","22","Talisman of Talia","Building material for Talia Skin","0","0","91006000","91006000","0","0","95","0","15","0","0","0","0","0","1","1","10000","0","0","1","0","0","1","99","0","0","0","0","0","0","0","0","0","0","0"
"379074000","22","Talisman of Talia","Building material for Talia Skin","0","0","91006100","91006100","0","0","95","0","15","0","0","0","0","0","1","1","10000","0","0","1","0","0","1","99","0","0","0","0","0","0","0","0","0","0","0"
"379076000","22","Iron bar","Building material for Armor of Destruction","0","0","91006300","91006300","0","0","95","0","15","0","0","0","0","0","1","1","600","0","0","1","0","0","1","99","0","0","0","0","0","0","0","0","0","0","0"
"379077000","22","Silan Bone","Quest Item","0","0","37907700","37907700","0","0","95","0","15","0","0","0","0","0","1","1","6000","0","0","1","0","0","1","99","0","0","0","0","0","0","0","0","0","0","0"
"379078000","22","Teeth of Bandicoot","Quest Item","0","0","37907800","37907800","0","0","95","0","15","0","0","0","0","0","1","1","10","0","0","1","0","0","1","99","0","0","0","0","0","0","0","0","0","0","0"
"379080000","22","Dungeon Key","Dungeon Key","0","0","37908000","37908000","0","0","95","0","15","0","0","0","0","0","1","1","1700","0","0","1","0","0","1","99","0","0","0","0","0","0","0","0","0","0","0"
"379081000","22","Desperation Abyss 10th floor key","Item for moving to the 10th floor","0","0","37908100","37908100","0","0","97","0","15","0","0","0","0","0","1","1","3500","0","0","1","0","0","1","99","0","0","0","0","0","0","0","0","0","0","0"
"379082000","22","Desperation Abyss 20th floor key","Item for moving to the 20th floor","0","0","37908200","37908200","0","0","97","0","15","0","0","0","0","0","1","1","5000","0","0","1","0","0","1","99","0","0","0","0","0","0","0","0","0","0","0"
"379083000","22","Hell Abyss 8th floor key","Item for moving to the 8th floor","0","0","37908300","37908300","0","0","97","0","15","0","0","0","0","0","1","1","50","0","0","1","0","0","1","99","0","0","0","0","0","0","0","0","0","0","0"
"379084000","22","Hell Abyss 16th floor key","Item for moving to the 16th floor","0","0","37908400","37908400","0","0","97","0","15","0","0","0","0","0","1","1","50","0","0","1","0","0","1","99","0","0","0","0","0","0","0","0","0","0","0"
"379085000","22","Key to 50th floor dungeon","Item for moving to 50th floor of the dungeon","0","0","37908100","37908100","0","0","97","0","15","0","0","0","0","0","1","1","50","0","0","1","0","0","1","99","0","0","0","0","0","0","0","0","0","0","0"
"379086000","22","Key to 60th floor dungeon","Item for moving to 60th floor of the dungeon","0","0","37908100","37908100","0","0","97","0","15","0","0","0","0","0","1","1","50","0","0","1","0","0","1","99","0","0","0","0","0","0","0","0","0","0","0"
"379087000","22","Key to 70th floor dungeon","Item for moving to 70th floor of the dungeon","0","0","37908100","37908100","0","0","97","0","15","0","0","0","0","0","1","1","50","0","0","1","0","0","1","99","0","0","0","0","0","0","0","0","0","0","0"
"379088000","22","Key to 80th floor dungeon","Item for moving to 80th floor of the dungeon","0","0","37908100","37908100","0","0","97","0","15","0","0","0","0","0","1","1","50","0","0","1","0","0","1","99","0","0","0","0","0","0","0","0","0","0","0"
"379089000","22","Key to 90th floor dungeon","Item for moving to 90th floor of the dungeon","0","0","37908100","37908100","0","0","97","0","15","0","0","0","0","0","1","1","50","0","0","1","0","0","1","99","0","0","0","0","0","0","0","0","0","0","0"
"379090000","22","Transformation Totem","Shows you the list of Transformation Totem","0","0","37909000","37909000","0","0","93","0","12","0","0","0","100","0","1","1","20000","0","0","0","470001","0","1","99","0","0","0","0","0","0","0","0","0","0","0"
"379091000","22","Transformation Gem","","0","0","37909100","37909100","0","0","97","0","15","0","0","0","0","0","1","1","10000","0","0","1","0","0","1","99","0","0","0","0","0","0","0","255","0","0","202"
"379092000","22","Firecracker","Thanksgiving event item","0","0","37909200","37909200","0","0","97","0","15","0","0","0","0","0","1","1","240","0","0","1","490085","0","1","99","0","0","0","0","0","0","0","0","0","0","0"
"379093000","22","Transformation Totem","Shows you the list of Transformation Totem","0","0","37909000","37909000","0","0","93","0","12","0","0","0","100","0","1","1","20000","0","0","0","471001","0","1","99","0","0","0","0","0","0","0","0","0","0","0"
"379094000","22","Firecracker","","0","0","37909200","37909200","0","0","97","0","15","0","0","0","0","0","1","1","240","0","0","1","490086","0","1","99","0","0","0","0","0","0","0","255","0","0","0"
"379095000","22","Lotto","Lottery Event","0","0","37909500","37909500","0","0","97","0","15","0","0","0","0","0","1","1","50","0","0","1","0","0","1","99","0","0","0","0","0","0","0","0","0","0","0"
"379096000","22","Firecracker","Holiday Event item","0","0","37909200","37909200","0","0","97","0","15","0","0","0","0","0","1","1","240","0","0","1","490087","0","1","99","0","0","0","0","0","0","0","0","0","0","0"
"379097000","22","Treasure Chest","Holiday Event item","0","0","91001200","91001200","0","0","97","0","17","0","0","0","0","0","10","1","240","0","0","1","0","0","1","99","0","0","0","0","0","0","0","0","0","0","0"
"379098000","22","Sweeping Potion","Increase Magic Attack Power by 30% for 30 seconds","0","0","37909800","37909800","0","0","97","0","15","0","0","0","0","0","1","1","2500","0","0","1","490201","0","1","99","0","0","0","0","0","0","0","0","0","0","0"
"379099000","22","Magic Hammer","Repairs the items that you are wearing","0","0","37909900","37909900","0","0","97","0","15","0","0","0","0","0","1","1","1000","0","0","1","490202","0","1","99","0","0","0","0","0","0","0","0","0","0","0"
"379100000","22","Wolf`s Heart","Increase the HP&MP recovery speed by 50% ","0","0","37910000","37910000","0","0","97","0","15","0","0","0","0","0","1","1","700","0","0","1","490203","0","1","99","0","0","0","0","0","0","0","0","0","0","0"
"379101000","22","Abyss Holy Water(S)","Recover 20% of total HP","0","0","37910100","37910100","0","0","97","0","15","0","0","0","0","0","30","1","300","0","0","1","490204","0","1","99","0","0","0","0","0","0","0","0","0","0","0"
"379102000","22","Abyss Holy Water(M)","Recover 35% of total HP","0","0","37910200","37910200","0","0","97","0","15","0","0","0","0","0","40","1","450","0","0","1","490205","0","1","99","0","0","0","0","0","0","0","0","0","0","0"
"379103000","22","Abyss Holy Water(L)","Recover 50% of total HP","0","0","37910300","37910300","0","0","97","0","15","0","0","0","0","0","50","1","800","0","0","1","490206","0","1","99","0","0","0","0","0","0","0","0","0","0","0"
"379104000","22","Abyss Blessing","Recover 3,600 HP & 3,000HP recovery for 60 seconds","0","0","37910400","37910400","0","0","97","0","15","0","0","0","0","0","50","1","950","0","0","1","490207","0","1","99","0","0","0","0","0","0","0","0","0","0","0"
"379105000","22","Abyss Fire","Decreases the monster`s HP by 10%","0","0","37910500","37910500","0","0","97","0","15","0","0","0","0","0","1","1","1500","0","0","1","490214","0","1","99","0","0","0","0","0","0","0","0","0","0","0"
"379106000","22","Abyss Gem","Quest Item","0","0","37910600","37910600","0","0","97","0","15","0","0","0","0","0","1","1","100000","0","0","1","0","0","1","99","0","0","0","0","0","0","0","0","0","0","0"
"379107000","22","Gold Coin","Can be exchanged for 1,000,000 Noahs","0","0","37910700","37910700","0","0","95","0","17","0","0","0","0","0","10","1","1000000","1","0","0","0","0","1","99","0","0","0","0","0","0","0","255","0","0","203"
"379108000","22","Green Pearl","750HP Recovery for 30 seconds","0","0","37910800","37910800","0","0","97","0","15","0","0","0","0","0","1","1","400","0","0","1","490210","0","1","99","0","0","0","0","0","0","0","0","0","0","0"
"379109000","22","Silver Coin","Can be exchanged for 100,000 Noahs","0","0","37910900","37910900","0","0","95","0","17","0","0","0","0","0","10","1","100000","1","0","0","0","0","1","99","0","0","0","0","0","0","0","255","0","0","204"
"379110000","22","Bronze Coin","Can be exchanged for 10,000 Noahs","0","0","37911000","37911000","0","0","95","0","17","0","0","0","0","0","10","1","10000","1","0","0","0","0","1","99","0","0","0","0","0","0","0","255","0","0","205"
"379111000","22","Key of Hell","Allows you to enter the secret room ","0","0","37911100","37911100","0","0","97","0","15","0","0","0","0","0","1","1","50","0","0","1","0","0","1","99","0","0","0","0","0","0","0","0","0","0","0"
"379112000","22","Abyss Eye","Allows you to view your invisible enemies for 30 seconds","0","0","37911200","37911200","0","0","97","0","15","0","0","0","0","0","1","1","2500","0","0","1","490211","0","1","99","0","0","0","0","0","0","0","0","0","0","0"
"379113000","22","Abyss Wing","Increases dodging rate by 20%","0","0","37911300","37911300","0","0","97","0","15","0","0","0","0","0","1","1","1500","0","0","1","490212","0","1","99","0","0","0","0","0","0","0","0","0","0","0"
"379114000","22","Abyss Lullaby","Puts the designated monster to sleep for 20 seconds","0","0","37911400","37911400","0","0","97","0","15","0","0","0","0","0","1","1","1500","0","0","1","490213","0","1","99","0","0","0","0","0","0","0","0","0","0","0"
"379115000","22","Practice Cannon Ball","A practice cannon ball that does not inflict any damage. ","0","0","37911500","37911500","0","0","97","0","15","0","0","0","0","0","30","1","1000","0","0","1","490111","0","1","99","0","0","0","0","0","0","0","251","0","0","120"
"379130000","22","Event Firecracker","Firecracker for celebration","0","0","37913000","37913000","0","0","97","0","15","0","0","0","0","0","1","1","1000","0","0","1","490089","0","1","99","0","0","0","0","0","0","0","255","0","0","0"
"379131000","22","Red Envelope","Exp reward will be added after event (Feb 20)","0","0","37913100","37913100","0","0","95","0","15","0","0","0","0","0","1","1","88888","1","0","0","0","0","1","99","0","0","0","0","0","0","0","0","0","0","0"
"379132000","22","Christmas Present","Christmas Event","0","0","91001200","91001200","0","0","97","0","15","0","0","0","0","0","1","1","240","0","0","1","0","0","1","99","0","0","0","0","0","0","0","0","0","0","0"
"379133000","22","Snowman","Christmas Event","0","0","37913300","37913300","0","0","97","0","15","0","0","0","0","0","1","1","50","0","0","1","0","0","1","99","0","0","0","0","0","0","0","0","0","0","0"
"379134000","22","Snowman(El Morad)","Christmas Event","0","0","37913400","37913400","0","0","97","0","15","0","0","0","0","0","1","1","120000","0","0","1","478001","0","1","99","0","0","0","0","0","0","0","0","0","0","0"
"379135000","22","Snowman(Karus)","Christmas Event","0","0","37913500","37913500","0","0","97","0","15","0","0","0","0","0","1","1","120000","0","0","1","478002","0","1","99","0","0","0","0","0","0","0","0","0","0","0"
"379137000","22","Flower Firecracker","Firecracker with powdered flower","0","0","37913700","37913700","0","0","97","0","15","0","0","0","0","0","1","1","1000","0","0","1","490092","0","1","99","0","0","0","0","0","0","0","255","0","0","0"
"379138000","22","Dispell Scroll(Light) (High Class Item)","Transform an upgraded Fire Staff to a Lighting Staff. (High Class item and below)","0","0","37921700","37921700","0","0","98","0","17","0","0","0","0","0","0","1","240000","0","0","1","0","255","1","99","0","0","0","0","0","0","0","254","0","0","321"
"379139000","22","Dispell Scroll(Glacier) (High Class Item)","Transform an upgraded Fire Staff to a Glacier Staff. (High Class item and below)","0","0","37921700","37921700","0","0","98","0","17","0","0","0","0","0","0","1","240000","0","0","1","0","255","1","99","0","0","0","0","0","0","0","254","0","0","322"
"379140000","22","Dispell Scroll(Fire) (High Class Item)","Transform an upgraded Glacier Staff to a Fire Staff. (High Class item and below)","0","0","37921900","37921900","0","0","98","0","17","0","0","0","0","0","0","1","240000","0","0","1","0","255","1","99","0","0","0","0","0","0","0","254","0","0","323"
"379141000","22","Dispell Scroll(Light) (High Class Item)","Transform an upgraded Glacier Staff to a Lighting Staff. (High Class item and below)","0","0","37921900","37921900","0","0","98","0","17","0","0","0","0","0","0","1","240000","0","0","1","0","255","1","99","0","0","0","0","0","0","0","254","0","0","324"
"379142000","22","New Year Lottery ","Lottery for year 2004","0","0","37909500","37909500","0","0","95","0","15","0","0","0","0","0","1","1","50","0","0","1","0","0","1","99","0","0","0","0","0","0","0","0","0","0","0"
"379143000","22","Flour","Quest Item","0","0","37914300","37914300","0","0","95","0","15","0","0","0","0","0","1","1","50","0","0","1","0","0","1","99","0","0","0","0","0","0","0","0","0","0","0"
"379144000","22","Vegetable","Quest Item","0","0","37914400","37914400","0","0","95","0","15","0","0","0","0","0","1","1","50","0","0","1","0","0","1","99","0","0","0","0","0","0","0","0","0","0","0"
"379145000","22","Meat","Quest Item","0","0","37914500","37914500","0","0","95","0","15","0","0","0","0","0","1","1","50","0","0","1","0","0","1","99","0","0","0","0","0","0","0","0","0","0","0"
"379146000","22","Fish","Quest Item","0","0","37914600","37914600","0","0","95","0","15","0","0","0","0","0","1","1","50","0","0","1","0","0","1","99","0","0","0","0","0","0","0","0","0","0","0"
"379147000","20","Wedding Ring","For my loved one","1","0","91002900","91002900","0","0","93","0","12","0","0","0","0","0","1","1","10000","0","0","0","0","0","1","99","0","0","0","0","0","0","0","0","0","0","0"
"379151000","22","Fortune Pouch","New Year event item","0","0","37915100","37915100","0","0","95","0","15","0","0","0","0","0","1","1","50","0","0","1","0","0","1","99","0","0","0","0","0","0","0","0","0","0","0"
"379153000","22","Rental Scroll","","0","0","37915300","37915300","0","0","95","0","15","0","0","0","0","0","1","1","100000","0","0","1","0","254","1","99","0","0","0","0","0","0","0","0","0","0","0"
"379154000","22","Red Treasure Chest","Believed to contain valuable items. 3rd grade treasure chest. ","0","0","37915400","37915400","0","0","95","0","15","0","0","0","0","0","1","1","100000","0","0","0","0","0","1","99","0","0","0","0","0","0","0","0","0","0","0"
"379155000","22","Green Treasure Chest","Believed to contain valuable items. 2nd grade treasure chest. ","0","0","37915500","37915500","0","0","95","0","15","0","0","0","0","0","1","1","500000","0","0","0","0","0","1","99","0","0","0","0","0","0","0","0","0","0","0"
"379156000","22","Blue Treasure Chest","Believed to contain valuable items. 1st grade treasure chest. ","0","0","37915600","37915600","0","0","95","0","15","0","0","0","0","0","1","1","1000000","0","0","0","0","0","1","99","0","0","0","0","0","0","0","0","0","0","0"
"379157000","22","basic","","0","0","91002300","91002300","0","0","95","0","15","0","0","0","0","0","1","1","0","0","0","1","0","0","1","99","0","0","0","0","0","0","0","0","0","0","0"
"379158000","22","Unique Item Lotto Ticket","Can be traded in for an unique item ","0","0","37915800","37915800","0","0","97","0","15","0","0","0","0","0","1","1","50","0","0","1","0","0","1","99","0","0","0","0","0","0","0","0","0","0","0"
"379159000","22","Accessory Compound Scroll ","Compounds Accessories","0","0","37915900","37915900","0","0","98","0","17","0","0","0","0","0","0","1","50000","0","0","1","0","253","1","99","0","0","0","0","0","0","0","254","0","0","224"
"379160000","22","Accessory Enchant Scroll(STR)","Compound +10 Accessories and adds bonus stat","0","0","37916000","37916000","0","0","98","0","17","0","0","0","0","0","0","1","240000","0","0","1","0","253","1","99","0","0","0","0","0","0","0","254","0","0","301"
"379161000","22","Accessory Enchant Scroll(HP)","Compound +10 Accessories and adds bonus stat","0","0","37916100","37916100","0","0","98","0","17","0","0","0","0","0","0","1","240000","0","0","1","0","253","1","99","0","0","0","0","0","0","0","254","0","0","302"
"379162000","22","Accessory Enchant Scroll(DEX)","Compound +10 Accessories and adds bonus stat","0","0","37916200","37916200","0","0","98","0","17","0","0","0","0","0","0","1","240000","0","0","1","0","253","1","99","0","0","0","0","0","0","0","254","0","0","303"
"379163000","22","Accessory Enchant Scroll(INT)","Compound +10 Accessories and adds bonus stat","0","0","37916300","37916300","0","0","98","0","17","0","0","0","0","0","0","1","240000","0","0","1","0","253","1","99","0","0","0","0","0","0","0","254","0","0","304"
"379164000","22","Accessory Enchant Scroll(MP)","Compound +10 Accessories and adds bonus stat","0","0","37916400","37916400","0","0","98","0","17","0","0","0","0","0","0","1","240000","0","0","1","0","253","1","99","0","0","0","0","0","0","0","254","0","0","305"
"379174000","22","El Morad groom","","0","0","37917400","37917400","0","0","255","0","15","0","0","0","0","0","1","1","10000","0","0","0","478003","0","1","99","0","0","0","0","0","0","0","255","0","0","0"
"379175000","22","El Morad bride","","0","0","37917400","37917400","0","0","255","0","15","0","0","0","0","0","1","1","10000","0","0","0","478004","0","1","99","0","0","0","0","0","0","0","255","0","0","0"
"379176000","22","Karus groom","","0","0","37917400","37917400","0","0","255","0","15","0","0","0","0","0","1","1","10000","0","0","0","478005","0","1","99","0","0","0","0","0","0","0","255","0","0","0"
"379177000","22","Karus bride","","0","0","37917400","37917400","0","0","255","0","15","0","0","0","0","0","1","1","10000","0","0","0","478006","0","1","99","0","0","0","0","0","0","0","255","0","0","0"
"379180000","22","Large Snow Ball","X-Mas Event","0","0","37918000","37918000","0","0","97","0","15","0","0","0","0","0","1","1","50","0","0","1","0","0","1","99","0","0","0","0","0","0","0","0","0","0","0"
"379181000","22","Small Snow Ball","X-Mas Event","0","0","37918100","37918100","0","0","97","0","15","0","0","0","0","0","1","1","50","0","0","1","0","0","1","99","0","0","0","0","0","0","0","0","0","0","0"
"379182000","22","Poroom`s Muffler","X-Mas Event","0","0","37918200","37918200","0","0","97","0","15","0","0","0","0","0","1","1","50","0","0","1","0","0","1","99","0","0","0","0","0","0","0","0","0","0","0"
"379183000","22","Poroom`s Glove","X-Mas Event","0","0","37918300","37918300","0","0","97","0","15","0","0","0","0","0","1","1","50","0","0","1","0","0","1","99","0","0","0","0","0","0","0","0","0","0","0"
"379184000","22","Poroom`s Hat","X-Mas Event","0","0","37918400","37918400","0","0","97","0","15","0","0","0","0","0","1","1","50","0","0","1","0","0","1","99","0","0","0","0","0","0","0","0","0","0","0"
"379185000","22","Teeti`s Muffler","X-Mas Event","0","0","37918500","37918500","0","0","97","0","15","0","0","0","0","0","1","1","50","0","0","1","0","0","1","99","0","0","0","0","0","0","0","0","0","0","0"
"379186000","22","Teeti`s Glove","X-Mas Event","0","0","37918600","37918600","0","0","97","0","15","0","0","0","0","0","1","1","50","0","0","1","0","0","1","99","0","0","0","0","0","0","0","0","0","0","0"
"379187000","22","Teeti`s Hat","X-Mas Event","0","0","37918700","37918700","0","0","97","0","15","0","0","0","0","0","1","1","50","0","0","1","0","0","1","99","0","0","0","0","0","0","0","0","0","0","0"
"379188000","22","Theo`s Muffler","X-Mas Event","0","0","37918800","37918800","0","0","97","0","15","0","0","0","0","0","1","1","50","0","0","1","0","0","1","99","0","0","0","0","0","0","0","0","0","0","0"
"379189000","22","Theo`s Glove","X-Mas Event","0","0","37918900","37918900","0","0","97","0","15","0","0","0","0","0","1","1","50","0","0","1","0","0","1","99","0","0","0","0","0","0","0","0","0","0","0"
"379190000","22","Theo`s Hat","X-Mas Event","0","0","37919000","37919000","0","0","97","0","15","0","0","0","0","0","1","1","50","0","0","1","0","0","1","99","0","0","0","0","0","0","0","0","0","0","0"
"379191000","22","Nunu`s Muffler","X-Mas Event","0","0","37919100","37919100","0","0","97","0","15","0","0","0","0","0","1","1","50","0","0","1","0","0","1","99","0","0","0","0","0","0","0","0","0","0","0"
"379192000","22","Nunu`s Glove","X-Mas Event","0","0","37919200","37919200","0","0","97","0","15","0","0","0","0","0","1","1","50","0","0","1","0","0","1","99","0","0","0","0","0","0","0","0","0","0","0"
"379193000","22","Nunu`s Hat","X-Mas Event","0","0","37919300","37919300","0","0","97","0","15","0","0","0","0","0","1","1","50","0","0","1","0","0","1","99","0","0","0","0","0","0","0","0","0","0","0"
"379194000","22","Snowman Poroom~","Change into Poroom","0","0","37919400","37919400","0","0","97","0","15","0","0","0","0","0","1","1","2400","0","0","1","478007","0","1","99","0","0","0","0","0","0","0","0","0","0","0"
"379195000","22","Snowman Teeti","Change into Teeti~","0","0","37919500","37919500","0","0","97","0","15","0","0","0","0","0","1","1","2400","0","0","1","478008","0","1","99","0","0","0","0","0","0","0","0","0","0","0"
"379196000","22","Snowman Theo","Change into Theo~","0","0","37919600","37919600","0","0","97","0","15","0","0","0","0","0","1","1","2400","0","0","1","478009","0","1","99","0","0","0","0","0","0","0","0","0","0","0"
"379197000","22","Snowman Nunu","Change into Nunu~","0","0","37919700","37919700","0","0","97","0","15","0","0","0","0","0","1","1","2400","0","0","1","478010","0","1","99","0","0","0","0","0","0","0","0","0","0","0"
"379198000","22","X-Mas Candy Cane","12/25/2004 Merry X-Mas!","0","0","37919800","37919800","330","341","41","0","1","20","0","20","150","10","50","4000","10000","0","0","0","0","0","1","99","0","0","0","0","0","0","0","0","0","0","0"
"379199000","5","Lantern","","1","0","37919900","37919900","330","341","41","0","1","0","0","10","150","10","50","4000","10000","0","0","0","0","0","1","99","0","0","0","0","0","0","0","0","0","0","0"
"379200000","22","Fountain Fireworks","","0","0","37920000","37920000","0","0","97","0","15","0","0","0","0","0","1","1","500","0","0","1","490403","0","1","99","0","0","0","0","0","0","0","255","0","0","0"
"379201000","22","Tentacle","Quest item","0","0","37920100","37920100","0","0","97","0","17","0","0","0","0","0","1","1","3000","0","0","1","0","0","1","99","0","0","0","0","0","0","0","0","0","0","0"
"379202000","22","Poison Sack","Quest item","0","0","37920200","37920200","0","0","97","0","17","0","0","0","0","0","1","1","3000","0","0","1","0","0","1","99","0","0","0","0","0","0","0","0","0","0","0"
"379203000","22","Bee Sting","Quest item","0","0","37920300","37920300","0","0","97","0","17","0","0","0","0","0","1","1","3000","0","0","1","0","0","1","99","0","0","0","0","0","0","0","0","0","0","0"
"379204000","22","Tyon Meat","Quest item","0","0","37920400","37920400","0","0","97","0","17","0","0","0","0","0","10","1","3000","0","0","1","490095","0","1","99","0","0","0","0","0","0","0","0","0","0","0"
"379205000","22","Upgrade Scroll (Middle Class item)","Upgrades your item's grade(Higher Success Rate) (Middle Class item and below)","0","0","37920500","37920500","0","0","98","0","17","0","0","0","0","0","0","1","100000","0","0","1","0","255","1","99","0","0","0","0","0","0","0","254","0","0","114"
"379206000","22","Enchant Scroll(STR) (Middle Class item)","Add Strength Bonus to your item(Higher Success Rate) (Middle Class item and below)","0","0","37920600","37920600","0","0","98","0","17","0","0","0","0","0","0","1","100000","0","0","1","0","255","1","99","0","0","0","0","0","0","0","254","0","0","213"
"379208000","22","Enchant Scroll(HP) (Middle Class item)","Add HP bonus to the item (Higher success rate) (Middle Class item and below)","0","0","37920600","37920600","0","0","98","0","17","0","0","0","0","0","0","1","100000","0","0","1","0","255","1","99","0","0","0","0","0","0","0","254","0","0","214"
"379209000","22","Enchant Scroll(DEX) (Middle Class item)","Add Dexterity bonus to the item (Higher success rate) (Middle Class item and below)","0","0","37920600","37920600","0","0","98","0","17","0","0","0","0","0","0","1","100000","0","0","1","0","255","1","99","0","0","0","0","0","0","0","254","0","0","215"
"379210000","22","Enchant Scroll(INT) (Middle Class item)","Add Intelligence bonus to the item (Higher success rate) (Middle Class item and below)","0","0","37920600","37920600","0","0","98","0","17","0","0","0","0","0","0","1","100000","0","0","1","0","255","1","99","0","0","0","0","0","0","0","254","0","0","216"
"379211000","22","Enchant Scroll(MAGIC) (Middle Class item)","Add Magic Power bonus to the item (Higher success rate) (Middle Class item and below)","0","0","37920600","37920600","0","0","98","0","17","0","0","0","0","0","0","1","100000","0","0","1","0","255","1","99","0","0","0","0","0","0","0","254","0","0","217"
"379212000","22","Immune Scroll (Middle Class item)","Add Resistance Bonus to your item(Higher Success Rate) (Middle Class item and below)","0","0","37921100","37921100","0","0","98","0","17","0","0","0","0","0","0","1","100000","0","0","1","0","255","1","99","0","0","0","0","0","0","0","254","0","0","116"
"379213000","22","Reduce Scroll (Middle Class item)","Decreases the skill point requirement for items (Cannot be used with Elemental Scroll, Immune Scroll, or Enchant Scroll) (Middle Class item and below)","0","0","37921200","37921200","0","0","98","0","17","0","0","0","0","0","0","1","100000","0","0","1","0","255","1","99","0","0","0","0","0","0","0","254","0","0","117"
"379214000","22","Elemental Scroll (Middle Class item)","Gives an item additional damage capabilities ","0","0","37921300","37921300","0","0","98","0","17","0","0","0","0","0","0","1","150000","0","0","1","0","255","1","99","0","0","0","0","0","0","0","254","0","0","115"
"379215000","22","Dispell Scroll(Fire) (Middle Class item)","Transform an upgraded Lightning Staff to a Flame Staff. (Middle Class item and below)","0","0","37921400","37921400","0","0","98","0","17","0","0","0","0","0","0","1","100000","0","0","1","0","255","1","99","0","0","0","0","0","0","0","254","0","0","313"
"379216000","22","Dispell Scroll(Glacier) (Middle Class item)","Transform an upgraded Lightning Staff to an Glacier Staff (Middle Class item and below)","0","0","37921400","37921400","0","0","98","0","17","0","0","0","0","0","0","1","100000","0","0","1","0","255","1","99","0","0","0","0","0","0","0","254","0","0","314"
"379217000","22","Dispell Scroll(Light) (Middle Class item)","Transform an upgraded Fire Staff to a Lighting Staff. (Middle Class item)","0","0","37921600","37921600","0","0","98","0","17","0","0","0","0","0","0","1","100000","0","0","1","0","255","1","99","0","0","0","0","0","0","0","254","0","0","315"
"379218000","22","Dispell Scroll(Glacier) (Middle Class item)","Transform an upgraded Fire Staff to a Glacier Staff. (Middle Class item)","0","0","37921600","37921600","0","0","98","0","17","0","0","0","0","0","0","1","100000","0","0","1","0","255","1","99","0","0","0","0","0","0","0","254","0","0","316"
"379219000","22","Dispell Scroll(Fire) (Middle Class item)","Transform an upgraded Glacier Staff to a Fire Staff. (Middle Class item)","0","0","37921800","37921800","0","0","98","0","17","0","0","0","0","0","0","1","100000","0","0","1","0","255","1","99","0","0","0","0","0","0","0","254","0","0","317"
"379220000","22","Dispell Scroll(Light) (Middle Class item)","Transform an upgraded Glacier Staff to a Lighting Staff. (Middle Class item)","0","0","37921800","37921800","0","0","98","0","17","0","0","0","0","0","0","1","100000","0","0","1","0","255","1","99","0","0","0","0","0","0","0","254","0","0","318"
"379221000","22","Upgrade Scroll (Low Class item)","Upgrades your item's grade(Higher Success Rate) (Low Class item)","0","0","37901600","37901600","0","0","98","0","17","0","0","0","0","0","0","1","10000","0","0","1","0","255","1","99","0","0","0","0","0","0","0","254","0","0","108"
"379222000","22","Enchant Scroll(STR) (Low Class item)","Add Strength Bonus to your item(Higher Success Rate) (Low Class item)","0","0","37901700","37901700","0","0","98","0","17","0","0","0","0","0","0","1","10000","0","0","1","0","255","1","99","0","0","0","0","0","0","0","254","0","0","207"
"379223000","22","Enchant Scroll(HP) (Low Class item)","Add HP bonus to the item (Higher success rate) (Low Class item)","0","0","37901700","37901700","0","0","98","0","17","0","0","0","0","0","0","1","10000","0","0","1","0","255","1","99","0","0","0","0","0","0","0","254","0","0","208"
"379224000","22","Enchant Scroll(DEX) (Low Class item)","Add Dexterity bonus to the item (Higher success rate) (Low Class item)","0","0","37901700","37901700","0","0","98","0","17","0","0","0","0","0","0","1","10000","0","0","1","0","255","1","99","0","0","0","0","0","0","0","254","0","0","209"
"379225000","22","Enchant Scroll(INT) (Low Class item)","Add Intelligence bonus to the item (Higher success rate) (Low Class item)","0","0","37901700","37901700","0","0","98","0","17","0","0","0","0","0","0","1","10000","0","0","1","0","255","1","99","0","0","0","0","0","0","0","254","0","0","210"
"379226000","22","Enchant Scroll(MAGIC) (Low Class item)","Add Magic Power bonus to the item (Higher success rate) (Low Class item)","0","0","37901700","37901700","0","0","98","0","17","0","0","0","0","0","0","1","10000","0","0","1","0","255","1","99","0","0","0","0","0","0","0","254","0","0","211"
"379227000","22","Immune Scroll (Low Class item)","Add Resistance Bonus to your item(Higher Success Rate) (Low Class item)","0","0","37901800","37901800","0","0","98","0","17","0","0","0","0","0","0","1","10000","0","0","1","0","255","1","99","0","0","0","0","0","0","0","254","0","0","110"
"379228000","22","Reduce Scroll (Low Class item)","Decreases the skill point requirement for items (Cannot be used with Elemental Scroll, Immune Scroll, or Enchant Scroll) (Low Class item)","0","0","37901900","37901900","0","0","98","0","17","0","0","0","0","0","0","1","10000","0","0","1","0","255","1","99","0","0","0","0","0","0","0","254","0","0","111"
"379229000","22","Elemental Scroll (Low Class item)","Gives an item additional damage capabilities (Low Class item)","0","0","37902000","37902000","0","0","98","0","17","0","0","0","0","0","0","1","15000","0","0","1","0","255","1","99","0","0","0","0","0","0","0","254","0","0","109"
"379230000","22","Dispell Scroll(Fire) (Low Class item)","Transform an upgraded Lightning Staff to a Flame Staff. (Low Class item)","0","0","38902300","38902300","0","0","98","0","17","0","0","0","0","0","0","1","10000","0","0","1","0","255","1","99","0","0","0","0","0","0","0","254","0","0","307"
"379231000","22","Dispell Scroll(Glacier) (Low Class item)","Transform an upgraded Lightning Staff to an Glacier Staff (Low Class item)","0","0","38902300","38902300","0","0","98","0","17","0","0","0","0","0","0","1","10000","0","0","1","0","255","1","99","0","0","0","0","0","0","0","254","0","0","308"
"379232000","22","Dispell Scroll(Light) (Low Class item)","Transform an upgraded Fire Staff to a Lighting Staff. (Low Class item)","0","0","37913800","37913800","0","0","98","0","17","0","0","0","0","0","0","1","10000","0","0","1","0","255","1","99","0","0","0","0","0","0","0","254","0","0","309"
"379233000","22","Dispell Scroll(Glacier) (Low Class item)","Transform an upgraded Fire Staff to a Glacier Staff. (Low Class item)","0","0","37913800","37913800","0","0","98","0","17","0","0","0","0","0","0","1","10000","0","0","1","0","255","1","99","0","0","0","0","0","0","0","254","0","0","310"
"379234000","22","Dispell Scroll(Fire) (Low Class item)","Transform an upgraded Glacier Staff to a Fire Staff. (Low Class item)","0","0","37914000","37914000","0","0","98","0","17","0","0","0","0","0","0","1","10000","0","0","1","0","255","1","99","0","0","0","0","0","0","0","254","0","0","311"
"379235000","22","Dispell Scroll(Light) (Low Class item)","Transform an upgraded Glacier Staff to a Lighting Staff. (Low Class item)","0","0","37914000","37914000","0","0","98","0","17","0","0","0","0","0","0","1","10000","0","0","1","0","255","1","99","0","0","0","0","0","0","0","254","0","0","312"
"379236000","22","Magic Jewel Powder","","0","0","37923600","37923600","0","0","95","0","15","0","0","0","0","0","0","1","30000","0","0","1","0","0","1","99","0","0","0","0","0","0","0","0","0","0","0"
"379237000","22","Goblin Armor Formalwear","","0","0","37923700","37923700","0","0","95","0","17","0","0","0","0","0","0","1","30000","0","0","0","0","0","1","99","0","0","0","0","0","0","0","0","0","0","0"
"379238000","22","Complete Goblin Armor ","","0","0","37923800","37923800","0","0","95","0","17","0","0","0","0","0","0","1","30000","0","0","0","0","0","1","99","0","0","0","0","0","0","0","0","0","0","0"
"379239000","22","Proof of Spirit","","0","0","37923900","37923900","0","0","95","0","17","0","0","0","0","0","0","1","30000","0","0","0","0","0","1","99","0","0","0","0","0","0","0","0","0","0","0"
"379240000","22","Proof of Body","","0","0","37924000","37924000","0","0","95","0","17","0","0","0","0","0","0","1","30000","0","0","0","0","0","1","99","0","0","0","0","0","0","0","0","0","0","0"
"379241000","22","Holy Water of Poison","","0","0","37924100","37924100","0","0","95","0","17","0","0","0","0","0","0","1","30000","0","0","0","0","0","1","99","0","0","0","0","0","0","0","0","0","0","0"
"379242000","22","Armband of Magic Power","","0","0","37924200","37924200","0","0","95","0","17","0","0","0","0","0","0","1","30000","0","0","0","0","0","1","99","0","0","0","0","0","0","0","0","0","0","0"
"379243000","22","Stamp of Strength","","0","0","37924300","37924300","0","0","95","0","17","0","0","0","0","0","0","1","30000","0","0","0","0","0","1","99","0","0","0","0","0","0","0","0","0","0","0"
"379244000","22","Nostrum of Constitution","","0","0","37924400","37924400","0","0","95","0","17","0","0","0","0","0","0","1","30000","0","0","0","0","0","1","99","0","0","0","0","0","0","0","0","0","0","0"
"379245000","22","Nostrum of Speed","","0","0","37924500","37924500","0","0","95","0","17","0","0","0","0","0","0","1","30000","0","0","0","0","0","1","99","0","0","0","0","0","0","0","0","0","0","0"
"379246000","22","Stamp of Dexterity","","0","0","37924600","37924600","0","0","95","0","17","0","0","0","0","0","0","1","30000","0","0","0","0","0","1","99","0","0","0","0","0","0","0","0","0","0","0"
"379247000","22","Nostrum of Magic","","0","0","37924700","37924700","0","0","95","0","17","0","0","0","0","0","0","1","30000","0","0","0","0","0","1","99","0","0","0","0","0","0","0","0","0","0","0"
"379248000","22","Stamp of Magic Power","","0","0","37924800","37924800","0","0","95","0","17","0","0","0","0","0","0","1","30000","0","0","0","0","0","1","99","0","0","0","0","0","0","0","0","0","0","0"
"379249000","22","Nostrum of Wisdom","","0","0","37924900","37924900","0","0","95","0","17","0","0","0","0","0","0","1","30000","0","0","0","0","0","1","99","0","0","0","0","0","0","0","0","0","0","0"
"379250000","22","Stamp of Intelligence","","0","0","37925000","37925000","0","0","95","0","17","0","0","0","0","0","0","1","30000","0","0","0","0","0","1","99","0","0","0","0","0","0","0","0","0","0","0"
"379251000","22","Kekoon gallbladder","","0","0","37925100","37925100","0","0","95","0","17","0","0","0","0","0","0","1","3000","0","0","1","0","0","1","99","0","0","0","0","0","0","0","0","0","0","0"
"379252000","22","Black silk spool","","0","0","37925200","37925200","0","0","95","0","17","0","0","0","0","0","0","1","3000","0","0","1","0","0","1","99","0","0","0","0","0","0","0","0","0","0","0"
"379253000","22","Skeleton","Quest item","0","0","37001100","37001100","0","0","95","0","15","0","0","0","0","0","1","1","3000","0","0","1","0","0","1","99","0","0","0","0","0","0","0","0","0","0","0"
"379254000","22","Wolf Hide","Quest item","0","0","37925400","37925400","0","0","95","0","15","0","0","0","0","0","1","1","3000","0","0","1","0","0","1","99","0","0","0","0","0","0","0","0","0","0","0"
"379255000","22","Practice Upgrade Scroll","Scroll for undertaking upgrade quests","0","0","37901600","37901600","0","0","98","0","15","0","0","0","0","0","0","1","100","0","0","1","0","255","1","99","0","0","0","0","0","0","0","0","0","0","0"
"379256000","22","Rebirth Scroll","Transforms high-level, unique items to rebirth items.","0","0","37925600","37925600","0","0","98","0","15","0","0","0","0","0","0","1","2400000","0","0","1","0","255","1","99","0","0","0","0","0","0","0","254","0","0","206"
"379257000","22","Rebirth Item Strengthen Scroll","Upgrades level of rebirth items.","0","0","37925700","37925700","0","0","98","0","15","0","0","0","0","0","0","1","1200000","0","0","1","0","255","1","99","0","0","0","0","0","0","0","254","0","0","212"
"379258000","22","Tears of Karivdis","Increases success rate of Rebirth Strengthen Scroll.","0","0","37925800","37925800","0","0","255","0","15","19","0","0","0","0","0","1","5000000","0","0","0","0","255","1","99","0","0","0","0","0","0","0","0","0","0","0"
"379263000","19","Christmas Cross","25-Dec-05","1","0","37913600","37913600","0","0","92","0","11","20","0","0","0","0","1","1","2500","0","0","0","0","0","1","99","0","0","0","0","0","0","0","0","0","0","0"
"379270000","22","Smirdon Meat","Quest item","0","0","37920400","37920400","0","0","95","0","15","0","0","0","0","0","1","1","3000","0","0","1","0","0","1","99","0","0","0","0","0","0","0","0","0","0","0"
"379271000","22","Smirdon Hide","Quest item","0","0","50080001","50080001","0","0","95","0","15","0","0","0","0","0","1","1","3000","0","0","1","0","0","1","99","0","0","0","0","0","0","0","0","0","0","0"
"379272000","22","Silver Feather","Quest item","0","0","37925400","37925400","0","0","95","0","15","0","0","0","0","0","1","1","3000","0","0","1","0","0","1","99","0","0","0","0","0","0","0","0","0","0","0"
"379273000","22","Animal Blood","Quest item","0","0","37920100","37920100","0","0","95","0","15","0","0","0","0","0","1","1","3000","0","0","1","0","0","1","99","0","0","0","0","0","0","0","0","0","0","0"
"379274000","22","Rotten Eye","Quest item","0","0","38920000","38920000","0","0","95","0","15","0","0","0","0","0","1","1","3000","0","0","1","0","0","1","99","0","0","0","0","0","0","0","0","0","0","0"
"379275000","22","Coarse Ground Bone","Quest item","0","0","38903600","38903600","0","0","95","0","15","0","0","0","0","0","1","1","3000","0","0","1","0","0","1","99","0","0","0","0","0","0","0","0","0","0","0"
"379276000","22","Oath of Darkness","Quest item","0","0","91001800","91001800","0","0","95","0","15","0","0","0","0","0","1","1","3000","0","0","1","0","0","1","99","0","0","0","0","0","0","0","0","0","0","0"
"379277000","22","Ork Talisman","Quest Item","0","0","91002100","91002100","0","0","95","0","15","0","0","0","0","0","1","1","50","0","0","1","0","0","1","99","0","0","0","0","0","0","0","0","0","0","0"
"379294000","22","Snowman Poroom~","Change into Poroom~","0","0","37919400","37919400","0","0","97","0","15","0","0","0","0","0","1","1","2400","0","0","1","478011","0","1","99","0","0","0","0","0","0","0","0","0","0","0"
"379295000","22","Snowman Teeti","Change into Teeti~","0","0","37919500","37919500","0","0","97","0","15","0","0","0","0","0","1","1","2400","0","0","1","478012","0","1","99","0","0","0","0","0","0","0","0","0","0","0"
"379296000","22","Snowman Theo","Change into Theo~","0","0","37919600","37919600","0","0","97","0","15","0","0","0","0","0","1","1","2400","0","0","1","478013","0","1","99","0","0","0","0","0","0","0","0","0","0","0"
"379297000","22","Snowman Nunu","Change into Nunu~","0","0","37919700","37919700","0","0","97","0","15","0","0","0","0","0","1","1","2400","0","0","1","478014","0","1","99","0","0","0","0","0","0","0","0","0","0","0"
"379334000","22","Snowman(El Morad)","Change into Snowman","0","0","37913400","37913400","0","0","97","0","15","0","0","0","0","0","1","1","2400","0","0","1","478015","0","1","99","0","0","0","0","0","0","0","0","0","0","0"
"379335000","22","Snowman(Karus)","Change into Snowman","0","0","37913500","37913500","0","0","97","0","15","0","0","0","0","0","1","1","2400","0","0","1","478016","0","1","99","0","0","0","0","0","0","0","0","0","0","0"
"381001000","22","Transformation Scroll ","Scroll of Evil`s power","0","0","38100100","38100100","0","0","97","0","15","0","0","0","0","0","0","1","400000","0","0","1","472001","0","1","99","0","0","0","0","0","0","0","255","0","0","118"
"381002000","22","Transformation Scroll 2","Transformation Scroll ","0","0","38100100","38100100","0","0","97","0","17","0","0","0","0","0","0","1","6000","0","0","1","0","2","15","99","0","0","0","0","0","0","0","0","0","0","0"
"381003000","22","Transformation Scroll 3","Transformation Scroll ","0","0","38100100","38100100","0","0","97","0","17","0","0","0","0","0","0","1","12000","0","0","1","0","3","30","99","0","0","0","0","0","0","0","0","0","0","0"
"381004000","22","Transformation Scroll 4","Transformation Scroll ","0","0","38100100","38100100","0","0","97","0","17","0","0","0","0","0","0","1","24000","0","0","1","0","4","45","99","0","0","0","0","0","0","0","0","0","0","0"
"389001000","22","Pink Rice Cake (small)","60HP Recovery","0","0","38900100","38900100","0","0","97","0","17","0","0","0","0","0","0","1","500","0","0","1","490001","0","1","99","0","0","0","0","0","0","0","0","0","0","0"
"389002000","22","Pink Rice Cake (middle)","120HP Recovery","0","0","38900200","38900200","0","0","97","0","17","0","0","0","0","0","0","1","500","0","0","1","490002","0","1","99","0","0","0","0","0","0","0","0","0","0","0"
"389003000","22","Pink Rice Cake (large)","240HP Recovery","0","0","38900300","38900300","0","0","97","0","17","0","0","0","0","0","0","1","500","0","0","1","490003","0","1","99","0","0","0","0","0","0","0","0","0","0","0"
"389004000","22","Green  Rice Cake (small)","60MP Recovery","0","0","38900400","38900400","0","0","97","0","17","0","0","0","0","0","0","1","500","0","0","1","490004","0","1","99","0","0","0","0","0","0","0","0","0","0","0"
"389005000","22","Green  Rice Cake (middle)","120MP Recovery","0","0","38900500","38900500","0","0","97","0","17","0","0","0","0","0","0","1","500","0","0","1","490005","0","1","99","0","0","0","0","0","0","0","0","0","0","0"
"389006000","22","Green  Rice Cake (large)","240MP Recovery","0","0","38900600","38900600","0","0","97","0","17","0","0","0","0","0","0","1","500","0","0","1","490006","0","1","99","0","0","0","0","0","0","0","0","0","0","0"
"389007000","22","White Rice Cake (Increase Running Speed)","","0","0","38900700","38900700","0","0","97","0","17","0","0","0","0","0","0","1","500","0","0","1","490007","0","1","99","0","0","0","0","0","0","0","0","0","0","0"
"389008000","22","White Rice Cake (Increase Defense)","","0","0","38900800","38900800","0","0","97","0","17","0","0","0","0","0","0","1","500","0","0","1","490008","0","1","99","0","0","0","0","0","0","0","0","0","0","0"
"389009000","22","White Rice Cake (Increase HP)","","0","0","38900900","38900900","0","0","97","0","17","0","0","0","0","0","0","1","500","0","0","1","490009","0","1","99","0","0","0","0","0","0","0","0","0","0","0"
"389010000","22","Holy water","HP Recovery Potion","0","0","38901000","38901000","0","0","97","0","17","0","0","0","0","0","50","1","70","0","0","1","490010","0","1","99","0","0","0","0","0","0","0","253","0","0","101"
"389011000","22","Water of life","90HP Recovery Potion","0","0","38901100","38901100","0","0","97","0","17","0","0","0","0","0","60","1","160","0","0","1","490011","0","1","99","0","0","0","0","0","0","0","253","0","0","102"
"389012000","22","Water of love","180HP Recovery Potion","0","0","38901200","38901200","0","0","97","0","17","0","0","0","0","0","70","1","600","0","0","1","490012","0","1","99","0","0","0","0","0","0","0","253","0","0","103"
"389013000","22","Water of grace","360HP Recovery Potion","0","0","38901300","38901300","0","0","97","0","17","0","0","0","0","0","80","1","2000","0","0","1","490013","0","1","99","0","0","0","0","0","0","0","253","0","0","104"
"389014000","22","Water of favors","720HP Recovery Potion","0","0","38901400","38901400","0","0","97","0","17","0","0","0","0","0","90","1","7000","0","0","1","490014","0","1","99","0","0","0","0","0","0","0","253","0","0","105"
"389015000","22","Water of bless","1440HP Recovery Potion","0","0","38901500","38901500","0","0","97","0","17","0","0","0","0","0","100","1","10000","0","0","1","490015","0","1","99","0","0","0","0","0","0","0","0","0","0","0"
"389016000","22","Potion of spirit","120MP Recovery","0","0","38901600","38901600","0","0","97","0","17","0","0","0","0","0","22","1","160","0","0","1","490016","0","1","99","0","0","0","0","0","0","0","253","0","0","107"
"389017000","22","Potion of intelligence","240MP Recovery","0","0","38901700","38901700","0","0","97","0","17","0","0","0","0","0","24","1","600","0","0","1","490017","0","1","99","0","0","0","0","0","0","0","253","0","0","108"
"389018000","22","Potion of sagacity","480MP Recovery","0","0","38901800","38901800","0","0","97","0","17","0","0","0","0","0","26","1","2000","0","0","1","490018","0","1","99","0","0","0","0","0","0","0","253","0","0","109"
"389019000","22","Potion of wisdom","960MP Recovery","0","0","38901900","38901900","0","0","97","0","17","0","0","0","0","0","28","1","7000","0","0","1","490019","0","1","99","0","0","0","0","0","0","0","253","0","0","110"
"389020000","22","Potion of soul","1920MP Recovery","0","0","38902000","38902000","0","0","97","0","17","0","0","0","0","0","30","1","15000","0","0","1","490020","0","1","99","0","0","0","0","0","0","0","253","0","0","111"
"389021000","22","Spell of flame","Close-range attack","0","0","38900000","38900000","0","0","97","0","17","0","3","0","0","0","50","1","60","0","0","1","490021","0","40","99","0","0","0","0","0","0","0","0","0","0","0"
"389022000","22","Spell of fire ball","Fire Ball","0","0","38900000","38900000","0","0","97","0","17","0","0","0","0","0","200","1","60","0","0","1","490022","0","1","99","0","0","0","0","0","0","0","0","0","0","0"
"389023000","22","Spell of life","480HP ","0","0","38902300","38902300","0","0","97","0","17","0","3","0","0","0","100","1","3600","0","0","1","490023","0","45","99","0","0","0","0","0","120","0","255","0","0","102"
"389024000","22","Explosive arrow","Explosive Arrow","0","0","39102000","39102000","0","0","97","0","17","0","2","0","0","0","300","1","60","0","0","1","490024","0","35","99","0","0","0","0","0","0","0","0","0","0","0"
"389025000","22","Net","Rogue`s Magic","0","0","38902500","38902500","0","0","95","0","17","0","2","0","0","0","300","1","360","0","0","1","490025","0","30","99","0","0","0","0","0","0","0","0","0","0","0"
"389026000","22","Prayer of god`s power","","0","0","38902600","38902600","0","0","97","0","17","0","4","0","0","0","150","1","2400","0","0","1","490026","0","45","99","0","0","85","0","0","0","0","255","0","0","111"
"389027000","22","Prayer of wind","","0","0","38902700","38902700","0","0","97","0","17","0","4","0","0","0","150","1","2500","0","0","1","490027","0","46","99","0","0","0","0","0","0","0","0","0","0","0"
"389028000","22","Prayer of hell fire","","0","0","38902800","38902800","0","0","97","0","17","0","4","0","0","0","150","1","3000","0","0","1","490028","0","47","99","0","0","0","0","0","0","0","0","0","0","0"
"389029000","22","Prayer of earth","","0","0","38902900","38902900","0","0","97","0","17","0","4","0","0","0","150","1","3500","0","0","1","490029","0","48","99","0","0","0","0","0","0","0","0","0","0","0"
"389030000","22","Prayer of the laying on of hands","","0","0","38903000","38903000","0","0","97","0","17","0","4","0","0","0","150","1","4000","0","0","1","490030","0","49","99","0","0","0","0","0","0","0","0","0","0","0"
"389031000","22","Prayer of holy Armor","","0","0","38903100","38903100","0","0","97","0","17","0","4","0","0","0","150","1","4500","0","0","1","490031","0","50","99","0","0","0","0","0","0","0","0","0","0","0"
"389032000","22","Prayer of anger","","0","0","38903200","38903200","0","0","97","0","17","0","4","0","0","0","150","1","5000","0","0","1","490032","0","51","99","0","0","0","0","0","0","0","0","0","0","0"
"389033000","22","Styx","","0","0","38903300","38903300","0","0","97","0","17","0","2","0","0","0","250","1","8000","0","0","1","490033","0","45","99","0","0","0","0","136","0","0","255","0","0","112"
"389034000","22","Bezoar ","Event Item","0","0","38903400","38903400","0","0","97","0","17","0","0","0","0","0","1","1","1000","0","0","1","490034","0","1","99","0","0","0","0","0","0","0","0","0","0","0"
"389035000","22","glutinous Rice Cake","Event Item","0","0","38903500","38903500","0","0","97","0","17","0","0","0","0","0","1","1","1000","0","0","1","490035","0","1","99","0","0","0","0","0","0","0","0","0","0","0"
"389036000","22","Wheat gluten","Event Item","0","0","38903600","38903600","0","0","97","0","17","0","0","0","0","0","1","1","200","0","0","1","490036","0","1","99","0","0","0","0","0","0","0","0","0","0","0"
"389037000","22","Talisman","Event Item","0","0","38903700","38903700","0","0","97","0","17","0","0","0","0","0","1","1","1000","0","0","1","490037","0","1","99","0","0","0","0","0","0","0","0","0","0","0"
"389038000","22","Flame Resistance Potion","Increase resistance to flame attacks","0","0","38903800","38903800","0","0","97","0","17","0","1","0","0","0","200","1","2500","0","0","1","490038","0","45","99","0","0","136","0","0","0","0","255","0","0","113"
"389039000","22","Glacier Resistance Potion","Increase resistance to Glacier attacks","0","0","38903900","38903900","0","0","97","0","17","0","1","0","0","0","200","1","2500","0","0","1","490039","0","46","99","0","0","138","0","0","0","0","255","0","0","114"
"389040000","22","Lightning Resistnace Potion","Increase resistance to Lightning attacks","0","0","38904000","38904000","0","0","97","0","17","0","1","0","0","0","200","1","2500","0","0","1","490040","0","47","99","0","0","140","0","0","0","0","255","0","0","115"
"389041000","22","Spell of Lion`s Strength","Clan`s Offline Item","0","0","38902300","38902300","0","0","97","0","17","0","0","0","0","0","10","1","2500","0","0","1","490041","0","1","99","0","0","0","0","0","0","0","0","0","0","0"
"389042000","22","Retrieving Clan Member","Used to retrieve a clan member","0","0","38902300","38902300","0","0","97","0","17","0","0","0","0","0","1","1","120","0","0","1","490042","0","1","99","0","1","0","0","0","0","0","0","0","0","0"
"389043000","22","Rock","A rock for throwing ","0","0","38904300","38904300","0","0","97","0","17","0","0","0","0","0","1","1","100","0","0","1","490043","0","1","99","0","0","0","0","0","0","0","255","0","0","116"
"389045000","22","Reserve Life","Disables enemies HP blessing","0","0","38905100","38905100","0","0","97","0","17","0","0","0","0","0","0","1","5400","0","0","1","490045","0","46","99","0","0","0","0","0","0","0","0","0","0","0"
"389047000","22","Shrinking Potion","Shrinks the character size in half","0","0","38904700","38904700","0","0","97","0","17","0","0","0","0","0","1","1","1000","0","0","1","490035","0","1","99","0","0","0","0","0","0","0","0","0","0","0"
"389047500","22","Enlarging Potion","Doubles the character size","0","0","38904750","38904750","0","0","97","0","17","0","0","0","0","0","0","1","100","0","0","1","490034","0","1","99","0","0","0","0","0","0","0","0","0","0","0"
"389048000","22","Suicide Bbomb","War Item","0","0","38904800","38904800","0","0","97","0","17","0","0","0","0","0","1","1","100","0","0","1","490044","0","46","99","0","0","0","0","0","0","0","0","0","0","0"
"389050000","22","Calling Friend Scroll ","Scroll for retrieving party members","0","0","38905000","38905000","0","0","97","0","17","0","3","0","0","0","0","1","12000","0","0","1","490050","0","20","99","0","0","0","0","0","0","0","255","0","0","117"
"389052000","22","Speed up liquid medicine","Increase attack speed","0","0","38905200","38905200","0","0","97","0","17","0","0","0","0","0","0","1","3600","0","0","1","490052","0","30","99","0","128","0","0","0","0","0","0","0","0","0"
"389053000","22","Attack up liquid medicine","Increase attack power","0","0","38905300","38905300","0","0","97","0","17","0","0","0","0","0","0","1","3600","0","0","1","490053","0","30","99","0","128","0","0","0","0","0","0","0","0","0"
"389054000","22","Alacrity potion","Increase success rate of attacks","0","0","38905400","38905400","0","0","97","0","17","0","0","0","0","0","0","1","2400","0","0","1","490054","0","30","99","0","128","0","0","0","0","0","0","0","0","0"
"389055000","22","Scroll of shell","Scroll for defensive shield","0","0","38905500","38905500","0","0","97","0","17","0","3","0","0","0","0","1","4200","0","0","1","490055","0","30","99","0","128","0","0","0","0","0","0","0","0","0"
"389056000","22","Potion of intelligence","Potion for increasing intelligence","0","0","38905600","38905600","0","0","97","0","17","0","0","0","0","0","0","1","5400","0","0","1","490056","0","30","99","0","128","0","0","0","0","0","0","0","0","0"
"389057000","22","Poison arrow of harpy","Poison arrow of harpy","0","0","38905700","38905700","0","0","97","0","17","0","2","0","0","0","0","1","3600","0","0","1","490057","0","30","99","0","128","0","0","150","0","0","0","0","0","0"
"389058000","22","Prayer of rage","Prayer of rage","0","0","38905800","38905800","0","0","97","0","17","0","4","0","0","0","0","1","2400","0","0","1","490058","0","30","99","0","128","0","0","0","0","0","0","0","0","0"
"389059000","22","Potion of recovery","HP Recovery Potion","0","0","38905900","38905900","0","0","97","0","17","0","0","0","0","0","0","1","24000","0","0","1","490059","0","15","99","0","128","0","0","0","0","0","0","0","0","0"
"389060000","22","Water of life(Store)","90 HP Recovery","0","0","38901100","38901100","0","0","97","0","17","0","0","0","0","0","60","1","160","0","0","1","490060","0","1","99","0","0","0","0","0","0","0","0","0","0","0"
"389061000","22","Water of love(Store)","180 HP Recovery","0","0","38901200","38901200","0","0","97","0","17","0","0","0","0","0","70","1","600","0","0","1","490061","0","1","99","0","0","0","0","0","0","0","0","0","0","0"
"389062000","22","Water of grace(Store)","360 HP Recovery","0","0","38901300","38901300","0","0","97","0","17","0","0","0","0","0","80","1","2000","0","0","1","490062","0","1","99","0","0","0","0","0","0","0","0","0","0","0"
"389063000","22","Water of favors(Store)","720 HP Recovery","0","0","38901400","38901400","0","0","97","0","17","0","0","0","0","0","90","1","7000","0","0","1","490063","0","1","99","0","0","0","0","0","0","0","0","0","0","0"
"389064000","22","Water of bless(Store)","1440 HP Recovery","0","0","38901500","38901500","0","0","97","0","17","0","0","0","0","0","100","1","10000","0","0","1","490064","0","1","99","0","0","0","0","0","0","0","0","0","0","0"
"389065000","22","Low quality jewel","Quest item","0","0","37903600","37903600","0","0","95","0","17","0","0","0","0","0","0","1","30000","0","0","1","0","0","1","99","0","0","0","0","0","0","0","0","0","0","0"
"389074000","22","Crude Sapphire","","0","0","38907400","38907400","0","0","97","0","17","0","0","0","0","0","0","1","900000","0","0","1","0","0","1","99","0","0","0","0","0","0","0","0","0","0","0"
"389075000","22","Crystal","","0","0","38907500","38907500","0","0","97","0","17","0","0","0","0","0","0","1","300000","0","0","1","0","0","1","99","0","0","0","0","0","0","0","0","0","0","0"
"389076000","22","Opal","","0","0","38907600","38907600","0","0","97","0","17","0","0","0","0","0","0","1","600000","0","0","1","0","0","1","99","0","0","0","0","0","0","0","0","0","0","0"
"389077000","22","Snow ball","","0","0","38907700","38907700","0","0","97","0","17","0","0","0","0","0","1","1","10","0","0","1","490077","0","1","99","0","0","0","0","0","0","0","255","0","0","0"
"389078000","22","Potion of spirit","120 MP Recovery","0","0","38901600","38901600","0","0","97","0","17","0","0","0","0","0","22","1","160","0","0","1","490078","0","1","99","0","0","0","0","0","0","0","0","0","0","0"
"389079000","22","Potion of intelligence","240 MP Recovery","0","0","38901700","38901700","0","0","97","0","17","0","0","0","0","0","24","1","600","0","0","1","490079","0","1","99","0","0","0","0","0","0","0","0","0","0","0"
"389080000","22","Potion of sagacity","480 MP Recovery","0","0","38901800","38901800","0","0","97","0","17","0","0","0","0","0","26","1","2000","0","0","1","490080","0","1","99","0","0","0","0","0","0","0","0","0","0","0"
"389081000","22","Potion of wisdom","960 MP Recovery","0","0","38901900","38901900","0","0","97","0","17","0","0","0","0","0","28","1","7000","0","0","1","490081","0","1","99","0","0","0","0","0","0","0","0","0","0","0"
"389082000","22","Potion of soul","1920 MP Recovery","0","0","38902000","38902000","0","0","97","0","17","0","0","0","0","0","30","1","15000","0","0","1","490082","0","1","99","0","0","0","0","0","0","0","0","0","0","0"
"389083000","22","Acid potion","A potion that can be thrown to decrease the durability of an Armor by 2,000. ","0","0","38908300","38908300","0","0","95","0","15","0","0","0","0","0","1","1","120000","0","0","1","490083","0","1","99","0","0","0","0","0","0","0","255","0","0","201"
"389084000","22","MP Shell","Decreases 50% of MP from enemies standing within 10 meters from you","0","0","38908400","38908400","0","0","97","0","15","0","0","0","0","0","30","1","12500","0","0","1","490101","0","1","99","0","0","0","0","0","0","0","251","0","0","101"
"389085000","22","Super MP Shell","Decreases 20% of MP from enemies standing within 20 meters from you","0","0","38908500","38908500","0","0","97","0","15","0","0","0","0","0","30","1","20000","0","0","1","490102","0","1","99","0","0","0","0","0","0","0","251","0","0","102"
"389086000","22","Hyper MP Shell","Decreases 80% of MP from enemies standing within 5 meters from you","0","0","38908600","38908600","0","0","97","0","15","0","0","0","0","0","30","1","100000","0","0","1","490103","0","1","99","0","0","0","0","0","0","0","0","0","0","0"
"389087000","22","durability Shell","Decreases 50% of durability from enemies standing within 10 meters from you","0","0","38908700","38908700","0","0","97","0","15","0","0","0","0","0","30","1","12500","0","0","1","490104","0","1","99","0","0","0","0","0","0","0","251","0","0","103"
"389088000","22","Super durability Shell","Decreases 20% of durability from enemies standing within 20 meters from you","0","0","38908800","38908800","0","0","97","0","15","0","0","0","0","0","30","1","20000","0","0","1","490105","0","1","99","0","0","0","0","0","0","0","251","0","0","104"
"389089000","22","Hyper durability Shell","Decreases 80% of durability from enemies standing within 5 meters from you","0","0","38908900","38908900","0","0","97","0","15","0","0","0","0","0","30","1","100000","0","0","1","490106","0","1","99","0","0","0","0","0","0","0","0","0","0","0"
"389090000","22","HP Shell","Decreases 50% of HP from enemies standing within 10 meters from you","0","0","38909000","38909000","0","0","97","0","15","0","0","0","0","0","30","1","12500","0","0","1","490107","0","1","99","0","0","0","0","0","0","0","251","0","0","105"
"389091000","22","Super HP Shell","Decreases 20% of HP from enemies standing within 20 meters from you","0","0","38909100","38909100","0","0","97","0","15","0","0","0","0","0","30","1","20000","0","0","1","490108","0","1","99","0","0","0","0","0","0","0","251","0","0","106"
"389092000","22","Hyper HP Shell","Decreases 80% of HP from enemies standing within 5 meters from you","0","0","38909200","38909200","0","0","97","0","15","0","0","0","0","0","30","1","100000","0","0","1","490109","0","1","99","0","0","0","0","0","0","0","0","0","0","0"
"389093000","22","HP Scroll ","Recover 2000HP for the Knights that are standing within 30 meters from you","0","0","38909300","38909300","0","0","97","0","15","0","0","0","0","0","1","1","25000","0","0","1","490131","0","1","99","0","0","0","0","0","0","0","251","0","0","107"
"389094000","22","Defense Scroll ","Increase Defense by 500 for 45 seconds for the Knights that are standing within 30 meters from you","0","0","38909400","38909400","0","0","97","0","15","0","0","0","0","0","1","1","20000","0","0","1","490133","0","1","99","0","0","0","0","0","0","0","251","0","0","108"
"389095000","22","Resistance Scroll ","Increase Resistance by 500 for 45 seconds for the Knights that are standing within 30 meters from you","0","0","38909500","38909500","0","0","97","0","15","0","0","0","0","0","1","1","20000","0","0","1","490134","0","1","99","0","0","0","0","0","0","0","251","0","0","109"
"389096000","22","Attack Speed Scroll ","Increase attack speed by 30% for 45 seconds for the Knights that are standing within 30 meters from you","0","0","38909600","38909600","0","0","97","0","15","0","0","0","0","0","1","1","20000","0","0","1","490135","0","1","99","0","0","0","0","0","0","0","251","0","0","110"
"389097000","22","Persistent HP Scroll ","Recover 4500HP for 30 seconds for the Knights that are standing within 30 meters from you","0","0","38909700","38909700","0","0","97","0","15","0","0","0","0","0","1","1","20000","0","0","1","490132","0","1","99","0","0","0","0","0","0","0","251","0","0","111"
"389098000","22","Magic Attack Scroll ","Increase Magic Attack Power by 30% for 45 seconds for the Knights that are standing within 30 meters from you","0","0","38909800","38909800","0","0","97","0","15","0","0","0","0","0","1","1","20000","0","0","1","490136","0","1","99","0","0","0","0","0","0","0","251","0","0","112"
"389099000","22","Physical Attack Scroll ","Increase Physical Attack Power by 30% for 45 seconds for the Knights that are standing within 30 meters from you","0","0","38909900","38909900","0","0","97","0","15","0","0","0","0","0","1","1","20000","0","0","1","490137","0","1","99","0","0","0","0","0","0","0","251","0","0","113"
"389100000","22","Defense Scroll for Ladder Truck","Increase Defense by 250 for 60 seconds for the Knights that are standing within 30 meters from you","0","0","38910000","38910000","0","0","97","0","15","0","0","0","0","0","1","1","20000","0","0","1","490121","0","1","99","0","0","0","0","0","0","0","251","0","0","114"
"389101000","22","Catapult Key","Catapult Key","0","0","38910100","38910100","0","0","97","0","15","0","0","0","0","0","1","1","1250000","0","0","1","450001","0","1","99","0","0","0","0","0","0","0","251","0","0","115"
"389102000","22","Ram Key","Ram Key","0","0","38910200","38910200","0","0","97","0","15","0","0","0","0","0","1","1","1250000","0","0","1","450002","0","1","99","0","0","0","0","0","0","0","251","0","0","116"
"389103000","22","Ladder Truck Key","Ladder Truck Key","0","0","38910300","38910300","0","0","97","0","15","0","0","0","0","0","1","1","2500000","0","0","1","450003","0","1","99","0","0","0","0","0","0","0","251","0","0","117"
"389104000","22","Leader Car Key","Leader Car Key","0","0","38910400","38910400","0","0","97","0","15","0","0","0","0","0","1","1","1250000","0","0","1","450004","0","1","99","0","1","0","0","0","0","0","251","0","0","118"
"389105000","22","Nova Shell","Inflict damage to the enemies that are standing within 10 meters from this shell`s explosion","0","0","38910500","38910500","0","0","97","0","15","0","0","0","0","0","30","1","25000","0","0","1","490110","0","1","99","0","0","0","0","0","0","0","251","0","0","119"
"389110000","22","Teleport Item","Move the NPC that are in the castle ","0","0","38911000","38911000","0","0","97","0","15","0","0","0","0","0","1","1","1000000","0","0","1","490201","0","1","99","0","0","0","0","0","0","0","252","0","0","101"
"389111000","22","Stage1 Guard Tower","Guard Tower","0","0","38911100","38911100","0","0","97","0","15","0","0","0","0","0","1","1","1000000","0","0","1","490202","0","1","99","0","0","0","0","0","0","0","252","0","0","102"
"389112000","22","Stage2 Guard Tower","Guard Tower","0","0","38911200","38911200","0","0","97","0","15","0","0","0","0","0","1","1","1000000","0","0","1","490202","0","1","99","0","0","0","0","0","0","0","252","0","0","103"
"389113000","22","Stage3 Guard Tower","Guard Tower","0","0","38911300","38911300","0","0","97","0","15","0","0","0","0","0","1","1","1000000","0","0","1","490202","0","1","99","0","0","0","0","0","0","0","252","0","0","104"
"389114000","22","Stage1 Sentry","Sentry","0","0","38911400","38911400","0","0","98","0","15","0","0","0","0","0","1","1","1000000","0","0","1","490202","0","1","99","0","0","0","0","0","0","0","252","0","0","105"
"389115000","22","Stage2 Sentry","Sentry","0","0","38911500","38911500","0","0","98","0","15","0","0","0","0","0","1","1","1000000","0","0","1","490202","0","1","99","0","0","0","0","0","0","0","252","0","0","106"
"389116000","22","Stage3 Sentry","Sentry","0","0","38911600","38911600","0","0","98","0","15","0","0","0","0","0","1","1","1000000","0","0","1","490202","0","1","99","0","0","0","0","0","0","0","252","0","0","107"
"389151000","22","Catapult Key","Event Item","0","0","38910100","38910100","0","0","97","0","15","0","0","0","0","0","1","1","0","0","0","1","450011","0","1","99","0","0","0","0","0","0","0","0","0","0","0"
"389152000","22","Ram Key","Event Item","0","0","38910200","38910200","0","0","97","0","15","0","0","0","0","0","1","1","0","0","0","1","450012","0","1","99","0","0","0","0","0","0","0","0","0","0","0"
"389153000","22","Ladder Truck Key","Event Item","0","0","38910300","38910300","0","0","97","0","15","0","0","0","0","0","1","1","0","0","0","1","450013","0","1","99","0","0","0","0","0","0","0","0","0","0","0"
"389154000","22","Leader Car Key","Event Item","0","0","38910400","38910400","0","0","97","0","15","0","0","0","0","0","1","1","0","0","0","1","450014","0","1","99","0","1","0","0","0","0","0","0","0","0","0"
"389155000","22","Weapon Enchant Scroll","Increass weapons damage rate","0","0","80006100","80006100","0","0","97","0","15","0","0","0","0","0","30","1","700000","0","0","1","500049","0","1","99","0","0","0","0","0","0","0","255","0","0","0"
"389156000","22","Armor Enchant Scroll","Increases armor defense rate","0","0","80006200","80006200","0","0","97","0","15","0","0","0","0","0","30","1","300000","0","0","1","500050","0","1","99","0","0","0","0","0","0","0","255","0","0","0"
"389158000","22","Energy Rock","Quest item","0","0","13562300","13562300","0","0","95","0","0","0","0","0","0","0","1","1","50","0","0","0","0","0","1","99","0","0","0","0","0","0","0","0","0","0","0"
"389160000","22","Fragment of Arrogance","","0","0","38916000","38916000","0","0","97","0","17","0","0","0","0","0","1","1","100000","0","0","0","0","251","1","99","0","0","0","0","0","0","0","0","0","0","0"
"389161000","22","Fragment of Gluttony","","0","0","38916100","38916100","0","0","97","0","17","0","0","0","0","0","1","1","200000","0","0","0","0","251","1","99","0","0","0","0","0","0","0","0","0","0","0"
"389162000","22","Fragment of Rage","","0","0","38916200","38916200","0","0","97","0","17","0","0","0","0","0","1","1","300000","0","0","0","0","251","1","99","0","0","0","0","0","0","0","0","0","0","0"
"389163000","22","Fragment of Sloth","","0","0","38916300","38916300","0","0","97","0","17","0","0","0","0","0","1","1","400000","0","0","0","0","251","1","99","0","0","0","0","0","0","0","0","0","0","0"
"389164000","22","Fragment of Lechery","","0","0","38916400","38916400","0","0","97","0","17","0","0","0","0","0","1","1","500000","0","0","0","0","251","1","99","0","0","0","0","0","0","0","0","0","0","0"
"389165000","22","Fragment of Jealousy","","0","0","38916500","38916500","0","0","97","0","17","0","0","0","0","0","1","1","600000","0","0","0","0","251","1","99","0","0","0","0","0","0","0","0","0","0","0"
"389166000","22","Fragment of Avarice","","0","0","38916600","38916600","0","0","97","0","17","0","0","0","0","0","1","1","700000","0","0","0","0","251","1","99","0","0","0","0","0","0","0","0","0","0","0"
"389167000","22","Marble of Trial","","0","0","38916700","38916700","0","0","97","0","17","0","0","0","0","0","1","1","1000000","0","0","0","0","0","1","99","0","0","0","0","0","0","0","0","0","0","0"
"389168000","22","Document of Arrogance","","0","0","38916800","38916800","0","0","97","0","17","0","0","0","0","0","1","1","1000","0","0","1","0","0","1","99","0","0","0","0","0","0","0","0","0","0","0"
"389169000","22","Document of Gluttony","","0","0","38916900","38916900","0","0","97","0","17","0","0","0","0","0","1","1","2000","0","0","1","0","0","1","99","0","0","0","0","0","0","0","0","0","0","0"
"389170000","22","Document of Rage","","0","0","38917000","38917000","0","0","97","0","17","0","0","0","0","0","1","1","3000","0","0","1","0","0","1","99","0","0","0","0","0","0","0","0","0","0","0"
"389171000","22","Document of Sloth","","0","0","38917100","38917100","0","0","97","0","17","0","0","0","0","0","1","1","4000","0","0","1","0","0","1","99","0","0","0","0","0","0","0","0","0","0","0"
"389172000","22","Document of Lechery","","0","0","38917200","38917200","0","0","97","0","17","0","0","0","0","0","1","1","5000","0","0","1","0","0","1","99","0","0","0","0","0","0","0","0","0","0","0"
"389173000","22","Document of Jealousy","","0","0","38917300","38917300","0","0","97","0","17","0","0","0","0","0","1","1","6000","0","0","1","0","0","1","99","0","0","0","0","0","0","0","0","0","0","0"
"389174000","22","Document of Avarice","","0","0","38917400","38917400","0","0","97","0","17","0","0","0","0","0","1","1","7000","0","0","1","0","0","1","99","0","0","0","0","0","0","0","0","0","0","0"
"389175000","22","Chamber of Arrogance Transport Scroll","Transports player to Chamber of Arrogance","0","0","38917500","38917500","0","0","97","0","17","0","0","0","0","0","1","1","10000","0","0","1","490301","0","1","99","0","0","0","0","0","0","0","0","0","0","0"
"389176000","22","Chamber of Gluttony Transport Scroll","Transports player to Chamber of Gluttony","0","0","38917500","38917500","0","0","97","0","17","0","0","0","0","0","1","1","20000","0","0","1","490302","0","1","99","0","0","0","0","0","0","0","0","0","0","0"
"389177000","22","Chamber of Rage Transport Scroll","Transports player to Chamber of Rage","0","0","38917500","38917500","0","0","97","0","17","0","0","0","0","0","1","1","30000","0","0","1","490303","0","1","99","0","0","0","0","0","0","0","0","0","0","0"
"389178000","22","Chamber of Sloth Transport Scroll","Transports player to Chamber of Sloth","0","0","38917500","38917500","0","0","97","0","17","0","0","0","0","0","1","1","40000","0","0","1","490304","0","1","99","0","0","0","0","0","0","0","0","0","0","0"
"389179000","22","Chamber of Lechery Transport Scroll","Transports player to Chamber of Lechery","0","0","38917500","38917500","0","0","97","0","17","0","0","0","0","0","1","1","50000","0","0","1","490305","0","1","99","0","0","0","0","0","0","0","0","0","0","0"
"389180000","22","Chamber of Jealousy Transport Scroll","Transports player to Chamber of Jealousy","0","0","38917500","38917500","0","0","97","0","17","0","0","0","0","0","1","1","60000","0","0","1","490306","0","1","99","0","0","0","0","0","0","0","0","0","0","0"
"389181000","22","Chamber of Avarice Transport Scroll","Transports player to Chamber of Avarice","0","0","38917500","38917500","0","0","97","0","17","0","0","0","0","0","1","1","70000","0","0","1","490307","0","1","99","0","0","0","0","0","0","0","0","0","0","0"
"389182000","22","Catapult Key [Lunar War]","Catapult Key","0","0","38910100","38910100","0","0","97","0","15","0","0","0","0","0","1","1","500000","0","0","1","450005","0","1","99","0","0","0","0","0","0","0","250","0","0","101"
"389183000","22","MP Shell [Lunar War]","Decreases 20% of MP from enemies standing within 10 meters from you","0","0","38908400","38908400","0","0","97","0","15","0","0","0","0","0","30","1","4000","0","0","1","490112","0","1","99","0","0","0","0","0","0","0","250","0","0","102"
"389184000","22","Super MP Shell [Lunar War]","Decreases 10% of MP from enemies standing within 20 meters from you","0","0","38908500","38908500","0","0","97","0","15","0","0","0","0","0","30","1","6000","0","0","1","490113","0","1","99","0","0","0","0","0","0","0","250","0","0","103"
"389185000","22","Durability Shell","Decreases durability of enemies within 5 meter scope by 500","0","0","38908700","38908700","0","0","97","0","17","0","0","0","0","0","30","1","4000","0","0","1","490114","0","1","99","0","0","0","0","0","0","0","0","0","0","0"
"389186000","22","Super durability Shell","Decreases durability of enemies within 10 meter scope by 1,000","0","0","38908800","38908800","0","0","97","0","17","0","0","0","0","0","30","1","6000","0","0","1","490115","0","1","99","0","0","0","0","0","0","0","0","0","0","0"
"389187000","22","HP Shell [Lunar War]","Decreases 20% of HP from enemies standing within 10 meters from you","0","0","38909000","38909000","0","0","97","0","15","0","0","0","0","0","30","1","4000","0","0","1","490116","0","1","99","0","0","0","0","0","0","0","250","0","0","106"
"389188000","22","Super HP Shell [Lunar War]","Decreases 10% of HP from enemies standing within 20 meters from you","0","0","38909100","38909100","0","0","97","0","15","0","0","0","0","0","30","1","6000","0","0","1","490117","0","1","99","0","0","0","0","0","0","0","250","0","0","107"
"389189000","22","Nova Shell","Inflicts different damages on enemies within 10 meter scope depending on location","0","0","38910500","38910500","0","0","97","0","17","0","0","0","0","0","30","1","7000","0","0","1","490118","0","1","99","0","0","0","0","0","0","0","0","0","0","0"
"389190000","22","Crystal of Trial","","0","0","38916700","38916700","0","0","97","0","17","0","0","0","0","0","1","1","1000000","0","0","1","0","0","1","99","0","0","0","0","0","0","0","0","0","0","0"
"389191000","22","Familiar Summon","Summons Familiar.|Right-click to put it on the skill tab.","0","0","38919100","38919100","0","0","97","0","15","0","0","0","0","0","1","1","10000","0","0","1","500117","0","1","99","0","0","0","0","0","0","0","232","0","0","101"
"389192000","22","Familiar Channeling","Allows you to possess and control a Familiar.","0","0","38919200","38919200","0","0","97","0","15","0","0","0","0","0","1","1","7000","0","0","1","500118","0","1","99","0","0","0","0","0","0","0","0","0","0","0"
"389193000","22","New Year's Gift[10 million Noahs]","Happy New Year. If you sell the gift to the store you will receive 10 million Noahs.","0","0","38919300","38919300","0","0","95","0","15","0","0","0","0","0","10","1","10000000","1","0","0","0","0","1","99","0","0","0","0","0","0","0","0","0","0","0"
"389194000","22","New Year's Gift[1 million Noahs]","Happy New Year. If you sell the gift to the store you will receive 1 million Noahs.","0","0","38919400","38919400","0","0","95","0","15","0","0","0","0","0","10","1","1000000","1","0","0","0","0","1","99","0","0","0","0","0","0","0","0","0","0","0"
"389195000","22","New Year's Gift[100 thousand Noahs]","Happy New Year. If you sell the gift to the store you will receive 100 thousand Noahs.","0","0","38919500","38919500","0","0","95","0","15","0","0","0","0","0","10","1","100000","1","0","0","0","0","1","99","0","0","0","0","0","0","0","0","0","0","0"
"389196000","22","Silvery Gem","Makes you feel like you’ve earned great treasure.","0","0","38919600","38919600","0","0","97","0","15","0","0","0","0","0","1","1","500000","0","0","0","0","251","1","99","0","0","0","0","0","0","0","0","0","0","0"
"389197000","22","Red Gem","Makes you feel like sinking into the red light|as you looking at it.","0","0","38919700","38919700","0","0","97","0","15","0","0","0","0","0","1","1","400000","0","0","0","0","251","1","99","0","0","0","0","0","0","0","0","0","0","0"
"389198000","22","Yellow Gem","Radiates bright yellow light that raptures you.","0","0","38919800","38919800","0","0","97","0","15","0","0","0","0","0","1","1","300000","0","0","0","0","251","1","99","0","0","0","0","0","0","0","0","0","0","0"
"389199000","22","Blue Gem","Makes you feel peaceful in the blue light.","0","0","38919900","38919900","0","0","97","0","15","0","0","0","0","0","1","1","200000","0","0","0","0","251","1","99","0","0","0","0","0","0","0","0","0","0","0"
"389200000","22","Dragon's Marble","","0","0","38920000","38920000","0","0","95","0","15","0","0","0","0","0","30","1","1000000","0","0","0","0","0","1","99","0","0","0","0","0","0","0","0","0","0","0"
"389201000","22","Green Gem","Looks nothing unusual.","0","0","38920100","38920100","0","0","97","0","15","0","0","0","0","0","1","1","100000","0","0","0","0","251","1","99","0","0","0","0","0","0","0","0","0","0","0"
"389205000","22","Black Gem","Looks like it's lost the light inside.","0","0","38920500","38920500","0","0","97","0","15","0","0","0","0","0","1","1","50000","0","0","0","0","251","1","99","0","0","0","0","0","0","0","0","0","0","0"
"389210000","22","Holy Water of Ancient Grace","810HP Recovery Potion","0","0","38901500","38901500","0","0","97","0","16","0","0","0","0","0","90","1","8500","0","0","1","490601","0","1","99","0","0","0","0","0","0","0","0","0","0","0"
"389211000","22","Concentrated Holy Water of Grace","HP Recovery Potion (720HP)|Lighter than Holy Water of Grace.","0","0","38921100","38921100","0","0","97","0","15","0","0","0","0","0","80","1","8500","0","0","1","490014","0","1","99","0","0","0","0","0","0","0","0","0","3","0"
"389212000","22","Concentrated Potion of Soul","MP Recovery Potion (1,920MP)|Lighter than Potion of Soul.","0","0","38921200","38921200","0","0","97","0","15","0","0","0","0","0","26","1","17500","0","0","1","490020","0","1","99","0","0","0","0","0","0","0","0","0","5","0"
"389213000","22","High Class Concentrated Holy Water of Grace","HP Recovery Potion (720HP)|Lighter than concentrated Holy Water of Grace.","0","0","38921300","38921300","0","0","97","0","15","0","0","0","0","0","60","1","8500","0","0","1","490014","0","1","99","0","0","0","0","0","0","0","0","0","5","0"
"389214000","22","High Class Concentrated Potion of Soul","MP Recovery Potion (1920MP)|Lighter than concentrated Potion of Soul.","0","0","38921400","38921400","0","0","97","0","15","0","0","0","0","0","22","1","17500","0","0","1","490020","0","1","99","0","0","0","0","0","0","0","0","0","7","0"
"389215000","22","Strong Concentrated Holy Water of Grace","HP Recovery Potion (720HP)|Lighter than high class Holy Water of Grace.","0","0","38921500","38921500","0","0","97","0","15","0","0","0","0","0","40","1","8500","0","0","1","490014","0","1","99","0","0","0","0","0","0","0","0","0","7","0"
"389216000","22","Strong Concentrated Potion of Soul","MP Recovery Potion (1,920MP)|Lighter than high class Potion of Soul.","0","0","38921600","38921600","0","0","97","0","15","0","0","0","0","0","20","1","17500","0","0","1","490020","0","1","99","0","0","0","0","0","0","0","0","0","10","0"
"389217000","22","Knight’s Medal","Medal for an accredited knight|Can be traded in for an item at the generator.","0","0","38921700","38921700","0","0","97","0","15","0","0","0","0","0","1","1","17500","0","0","0","0","251","1","99","0","0","0","0","0","0","0","249","0","10000","101"
"389218000","22","Royal Knight’s Medal","Medal for a Royal Knight|Can be traded in for an item at the generator.","0","0","38921800","38921800","0","0","97","0","15","0","0","0","0","0","1","1","8500","0","0","0","0","251","1","99","0","0","0","0","0","0","0","249","0","30000","102"
"389219000","22","King’s Medal","Medal for the King|Can be traded in for an item at the generator.","0","0","38921900","38921900","0","0","97","0","15","0","0","0","0","0","1","1","17500","0","0","0","0","251","1","99","0","0","0","0","0","0","0","249","0","50000","103"
"389220000","22","Potion of Ancient Spirit","2160MP Recovery","0","0","38902000","38902000","0","0","97","0","16","0","0","0","0","0","30","1","17500","0","0","1","490701","0","1","99","0","0","0","0","0","0","0","0","0","0","0"
"389221000","22","Emblem of Honor","Emblem for an accredited knight.","0","0","38922100","38922100","0","0","97","0","15","0","0","0","0","0","90","1","8500","0","0","1","0","0","1","99","0","0","0","0","0","0","0","0","0","0","0"
"389222000","22","Royal Emblem","Emblem for an accredited royal knight.","0","0","38922200","38922200","0","0","97","0","15","0","0","0","0","0","30","1","17500","0","0","1","0","0","1","99","0","0","0","0","0","0","0","0","0","0","0"
"389251000","22","Arcas","Quest item eligible for refund only on Mondays","0","0","38925100","38925100","0","0","95","0","15","0","0","0","0","0","1","1","3000","0","0","1","0","0","1","99","0","0","0","0","0","0","0","0","0","0","0"
"389252000","22","Virgo","Quest item eligible for refund only on Tuesdays","0","0","38925200","38925200","0","0","95","0","15","0","0","0","0","0","1","1","3000","0","0","1","0","0","1","99","0","0","0","0","0","0","0","0","0","0","0"
"389253000","22","Libra","Quest item eligible for refund only on Wednesdays","0","0","38925300","38925300","0","0","95","0","15","0","0","0","0","0","1","1","3000","0","0","1","0","0","1","99","0","0","0","0","0","0","0","0","0","0","0"
"389254000","22","Canes Venatici","Quest item eligible for refund only on Thursdays","0","0","38925400","38925400","0","0","95","0","15","0","0","0","0","0","1","1","3000","0","0","1","0","0","1","99","0","0","0","0","0","0","0","0","0","0","0"
"389255000","22","Leo","Quest item eligible for refund only on Fridays","0","0","38925500","38925500","0","0","95","0","15","0","0","0","0","0","1","1","3000","0","0","1","0","0","1","99","0","0","0","0","0","0","0","0","0","0","0"
"389256000","22","Hydra","Quest item eligible for refund only on Saturdays","0","0","38925600","38925600","0","0","95","0","15","0","0","0","0","0","1","1","3000","0","0","1","0","0","1","99","0","0","0","0","0","0","0","0","0","0","0"
"389257000","22","Corona Borealis","Quest item eligible for refund only on Sundays","0","0","38925700","38925700","0","0","95","0","15","0","0","0","0","0","1","1","3000","0","0","1","0","0","1","99","0","0","0","0","0","0","0","0","0","0","0"
"389258000","22","Easter Egg","Quest item","0","0","38925800","38925800","0","0","95","0","15","0","0","0","0","0","1","1","3000","0","0","1","0","0","1","99","0","0","0","0","0","0","0","0","0","0","0"
"389522000","22","Golden Star Ornament","Twinkle Twinkle Shiney Star!!","0","0","38952200","38952200","0","0","98","0","15","0","0","0","0","0","0","1","100","0","0","1","0","255","1","99","0","0","0","0","0","0","0","0","0","0","0"
"389523000","22","Red Bow Ornament","A Big Red Bow for Santa!","0","0","38952300","38952300","0","0","98","0","15","0","0","0","0","0","0","1","100","0","0","1","0","255","1","99","0","0","0","0","0","0","0","0","0","0","0"
"389524000","22","Tinsel Ornament","Pretty tinsel for the Christmas Tree!","0","0","38952400","38952400","0","0","98","0","15","0","0","0","0","0","0","1","100","0","0","1","0","255","1","99","0","0","0","0","0","0","0","0","0","0","0"
"389570000","22","Leaf","Soft leaf.|Familiar would like it.|But it won’t make it full.","0","0","38957000","38957000","0","0","176","0","15","0","0","200","100","0","1","1","5000","0","0","1","0","0","1","99","0","0","0","0","0","0","0","232","0","0","113"
"389580000","22","Bread","Easily crumbling bread.|Familiar would like it.|But it won’t make him full.","0","0","38958000","38958000","0","0","176","0","15","0","0","1750","100","0","1","1","15000","0","0","1","0","0","1","99","0","0","0","0","0","0","0","232","0","0","114"
"389590000","22","Milk","Just milked right this morning.|Familiar would liket it.|It will make him a bit full.","0","0","38959000","38959000","0","0","176","0","15","0","0","5000","100","0","1","1","25000","0","0","1","0","0","1","99","0","0","0","0","0","0","0","232","0","0","115"
"389600000","22","Chicken Leg","Chicken leg cooked for Familiar.|Human can’t eat it.|100% increase.","0","0","38960000","38960000","0","0","175","0","15","0","0","10000","100","0","1","1","2000","0","0","1","0","0","1","99","0","0","0","0","0","0","0","0","0","0","0"
"389610000","22","Wine","How can Familiar drink wine?|Actually, he drinks well.|130% increase.","0","0","38961000","38961000","0","0","175","0","15","0","0","13000","100","0","1","1","2000","0","0","1","0","0","1","99","0","0","0","0","0","0","0","0","0","0","0"
"389620000","22","BBQ","Whole grilled BBQ It’s Familiar’s food 150% increase.","0","0","38962000","38962000","0","0","175","0","15","0","0","15000","100","0","1","1","2000","0","0","1","0","0","1","99","0","0","0","0","0","0","0","0","0","0","0"
"389630000","22","Tonic","Hand it to your Familiar|when you think you used it too much.|120% increase of love.","0","0","38963000","38963000","0","0","175","0","15","0","0","20000","100","0","1","1","2000","0","0","1","0","0","1","99","0","0","0","0","0","0","0","0","0","0","0"
"391010000","22","Arrow","","0","0","39101000","39101000","0","0","120","0","15","0","0","0","0","0","0","1","1","0","0","1","0","0","1","99","0","0","0","0","0","0","0","255","0","0","101"
"391020000","22","Iron Arrow","","0","0","39101000","39101000","0","0","120","0","15","0","0","0","0","0","0","1","100","0","0","1","0","0","1","99","0","0","0","0","0","0","0","0","0","0","0"
"392010000","22","throwing spear","","0","0","39201000","39201000","0","0","130","0","15","0","0","0","0","0","0","1","1","0","0","1","0","0","1","99","0","0","0","0","0","0","0","0","0","0","0"
"392011000","22","Pincer Poison","Royal Guard quest item","0","0","39201100","39201100","0","0","95","0","15","0","0","0","0","0","1","1","50","0","0","1","0","0","1","99","0","0","0","0","0","0","0","0","0","0","0"
"392012000","22","Undying Bone","Unnamed Warrior quest item","0","0","39201200","39201200","0","0","95","0","15","0","0","0","0","0","1","1","50","0","0","1","0","0","1","99","0","0","0","0","0","0","0","0","0","0","0"
"399110000","22","Magical Enhancement Rock","Magical Enhancement Rock that can crafted only by Blacksmith Heppa.|Give it to Heppa when he needs it. He’d like it.|(Quest Item)","0","0","38911000","38911000","0","0","97","0","15","0","0","0","0","0","1","1","600","0","0","1","0","0","1","99","0","0","0","0","0","0","0","0","0","0","0"
"502573000","16","공격의 오로라(파토스의 장갑)","파괴의신 파토스는 팔을 여럿 만들자..|그중 팔 하나는 전사를 바라 보았다.","1","0","50860000","50257300","0","0","252","0","100","20","0","0","100","0","0","4200","2000","0","0","0","0","0","0","100","0","0","0","0","0","0","0","0","0","0","0"
"503573000","16","공격의 오로라(파토스의 장갑)","파괴의신 파토스는 팔을 여럿 만들자..|그중 팔 하나는 로그를 바라 보았다.","1","0","50860001","50257300","0","0","252","0","100","20","0","0","100","0","0","4200","2000","0","0","0","0","0","0","100","0","0","0","0","0","0","0","0","0","0","0"
"504573000","16","공격의 오로라(파토스의 장갑)","파괴의신 파토스는 팔을 여럿 만들자..|그중 팔 하나는 마법사를 바라 보았다.","1","0","50860002","50257300","0","0","252","0","100","20","0","0","100","0","0","4200","2000","0","0","0","0","0","0","100","0","0","0","0","0","0","0","0","0","0","0"
"505573000","16","공격의 오로라(파토스의 장갑)","파괴의신 파토스는 팔을 여럿 만들자..|그중 팔 하나는 사제를 바라 보았다.","1","0","50860003","50257300","0","0","252","0","100","20","0","0","100","0","0","4200","2000","0","0","0","0","0","0","100","0","0","0","0","0","0","0","0","0","0","0"
"507001000","13","Dragon Flight Pauldron","","0","0","50700100","50700100","0","0","210","0","5","111","6","0","100","0","180","15625","216000","0","149","0","0","0","60","99","0","0","176","94","0","0","0","0","3","0","0"
"507002000","14","Dragon Flight Pad","","0","0","50700200","50700200","0","0","210","0","6","111","6","0","100","0","144","15625","129600","0","119","0","0","0","60","99","0","0","172","92","0","0","0","0","3","0","0"
"507003000","15","Dragon Flight Helmet","","0","0","50700300","50700300","0","0","210","0","7","111","6","0","100","0","108","15625","86400","0","89","0","0","0","60","99","0","0","168","90","0","0","0","0","3","0","0"
"507004000","16","Dragon Flight Gauntlet","","0","0","50700400","50700400","0","0","210","0","8","111","6","0","100","0","72","15625","43200","0","60","0","0","0","60","99","0","0","160","86","0","0","0","0","3","0","0"
"507005000","17","Dragon Flight Boots","","0","0","50700500","50700500","0","0","210","0","9","111","6","0","100","0","72","15625","43200","0","60","0","0","0","60","99","0","0","164","88","0","0","0","0","3","0","0"
"508011000","13","Valkyrie Pauldron","Illuminates the northern sky emitting magnificent light.","1","0","50800100","50801100","0","0","210","0","105","20","0","0","100","0","0","4200","2000","0","0","0","0","0","1","99","0","0","0","0","0","0","0","0","0","0","0"
"508012000","14","Valkyrie Pads","Helmet of Valkyrie, the retriever of the spirit of dead soldiers as a messenger of the gods, threatens opponents with sharp teeth.","1","0","50800200","50801100","0","0","210","0","106","20","0","0","100","0","0","4200","2000","0","0","0","0","0","1","99","0","0","0","0","0","0","0","0","0","0","0"
"508013000","15","Valkyrie Helmet ","Illuminates the northern sky emitting magnificent light.","1","0","50800300","50801300","0","0","210","0","107","20","0","0","100","0","0","4200","2000","0","0","0","0","0","1","99","0","0","0","0","0","0","0","0","0","0","0"
"508014000","16","Valkyrie Gauntlet","Helmet of Valkyrie, the retriever of the spirit of dead soldiers as a messenger of the gods, threatens opponents with sharp teeth.","1","0","50800400","50801100","0","0","210","0","108","20","0","0","100","0","0","4200","2000","0","0","0","0","0","1","99","0","0","0","0","0","0","0","0","0","0","0"
"508015000","17","Valkyrie Boots","Helmet of Valkyrie, the retriever of the spirit of dead soldiers as a messenger of the gods, threatens opponents with sharp teeth.","1","0","50800500","50801100","0","0","210","0","109","20","0","0","100","0","0","4200","2000","0","0","0","0","0","1","99","0","0","0","0","0","0","0","0","0","0","0"
"508471000","13","Gryphon Armor Top","Gryphon described as a God’s transportation means or a hunting dog….|Its dauntlessness is enough to protect you.","1","0","50847100","50847100","0","0","252","0","105","20","0","0","100","0","0","4200","2000","0","0","0","0","0","1","99","0","0","0","0","0","0","0","0","0","0","0"
"508472000","14","Gryphon Armor Pants","Gryphon described as a God’s transportation means or a hunting dog….|Its dauntlessness is enough to protect you.","1","0","50847200","50847200","0","0","252","0","106","20","0","0","100","0","0","4200","2000","0","0","0","0","0","1","99","0","0","0","0","0","0","0","0","0","0","0"
"508473000","15","Gryphon Armor Helmet","Gryphon described as a God’s transportation means or a hunting dog….|Its dauntlessness is enough to protect you.","1","0","50847300","50847300","0","0","252","0","107","20","0","0","100","0","0","4200","2000","0","0","0","0","0","1","99","0","0","0","0","0","0","0","0","0","0","0"
"508474000","16","Gryphon Armor Gauntlets","Gryphon described as a God’s transportation means or a hunting dog….|Its dauntlessness is enough to protect you.","1","0","50847400","50847400","0","0","252","0","108","20","0","0","100","0","0","4200","2000","0","0","0","0","0","1","99","0","0","0","0","0","0","0","0","0","0","0"
"508475000","17","Gryphon Armor Boots","Gryphon described as a God’s transportation means or a hunting dog….|Its dauntlessness is enough to protect you.","1","0","50847500","50847500","0","0","252","0","109","20","0","0","100","0","0","4200","2000","0","0","0","0","0","1","99","0","0","0","0","0","0","0","0","0","0","0"
"511573000","16","면역의 오로라(파토스의 장갑)","파괴의신 파토스는 팔을 여럿 만들자..|그중 팔 하나는 전사의 힘줄을 잡았다.","1","0","50860004","50757300","0","0","252","0","100","20","0","0","100","0","0","4200","2000","0","0","0","0","0","0","100","0","0","0","0","0","0","0","0","0","0","0"
"512573000","16","면역의 오로라(파토스의 장갑)","파괴의신 파토스는 팔을 여럿 만들자..|그중 팔 하나는 로그의 발목을 잡았다.","1","0","50860005","50757300","0","0","252","0","100","20","0","0","100","0","0","4200","2000","0","0","0","0","0","0","100","0","0","0","0","0","0","0","0","0","0","0"
"513573000","16","면역의 오로라(파토스의 장갑)","파괴의신 파토스는 팔을 여럿 만들자..|그중 팔 하나는 마법사의 눈을 가렸다.","1","0","50860006","50757300","0","0","252","0","100","20","0","0","100","0","0","4200","2000","0","0","0","0","0","0","100","0","0","0","0","0","0","0","0","0","0","0"
"514573000","16","면역의 오로라(파토스의 장갑)","파괴의신 파토스는 팔을 여럿 만들자..|그중 팔 하나는 사제의 신앙을 무시했다.","1","0","50860007","50757300","0","0","252","0","100","20","0","0","100","0","0","4200","2000","0","0","0","0","0","0","100","0","0","0","0","0","0","0","0","0","0","0"
"517001000","37","Dragon Flight Pauldron","","0","0","50700100","50700100","0","0","210","0","5","111","6","0","100","0","180","15625","216000","0","149","0","0","0","60","99","0","0","176","94","0","0","0","0","5","0","0"
"517002000","38","Dragon Flight Pads","","0","0","50700200","50700200","0","0","210","0","6","111","6","0","100","0","144","15625","129600","0","119","0","0","0","60","99","0","0","172","92","0","0","0","0","5","0","0"
"517003000","39","Dragon Flight Helmet","","0","0","50700300","50700300","0","0","210","0","7","111","6","0","100","0","108","15625","86400","0","89","0","0","0","60","99","0","0","168","90","0","0","0","0","5","0","0"
"517004000","40","Dragon Flight Gauntlet","","0","0","50700400","50700400","0","0","210","0","8","111","6","0","100","0","72","15625","43200","0","60","0","0","0","60","99","0","0","160","86","0","0","0","0","5","0","0"
"517005000","41","Dragon Flight Boots","","0","0","50700500","50700500","0","0","210","0","9","111","6","0","100","0","72","15625","43200","0","60","0","0","0","60","99","0","0","164","88","0","0","0","0","5","0","0"
"547001000","13","Mythril Pauldron","","0","0","54700100","54700100","0","0","220","0","5","112","8","0","100","0","126","10938","172800","0","104","0","0","0","60","99","0","0","0","94","176","0","0","0","3","0","0"
"547002000","14","Mythril Pad","","0","0","54700200","54700200","0","0","220","0","6","112","8","0","100","0","100","10938","103680","0","83","0","0","0","60","99","0","0","0","92","172","0","0","0","3","0","0"
"547003000","15","Mythril Helmet","","0","0","54700300","54700300","0","0","220","0","7","112","8","0","100","0","75","10938","69120","0","63","0","0","0","60","99","0","0","0","90","168","0","0","0","3","0","0"
"547004000","16","Mythril Gauntlet","","0","0","54700400","54700400","0","0","220","0","8","112","8","0","100","0","49","10938","34560","0","42","0","0","0","60","99","0","0","0","86","160","0","0","0","3","0","0"
"547005000","17","Mythril Boots","","0","0","54700500","54700500","0","0","220","0","9","112","8","0","100","0","49","10938","34560","0","42","0","0","0","60","99","0","0","0","88","164","0","0","0","3","0","0"
"557001000","37","Mythril Pauldron","","0","0","54700100","54700100","0","0","220","0","5","112","8","0","100","0","126","10938","172800","0","104","0","0","0","60","99","0","0","0","94","176","0","0","0","5","0","0"
"557002000","38","Mythril Pads","","0","0","54700200","54700200","0","0","220","0","6","112","8","0","100","0","100","10938","103680","0","83","0","0","0","60","99","0","0","0","92","172","0","0","0","5","0","0"
"557003000","39","Mythril Helmet","","0","0","54700300","54700300","0","0","220","0","7","112","8","0","100","0","75","10938","69120","0","63","0","0","0","60","99","0","0","0","90","168","0","0","0","5","0","0"
"557004000","40","Mythril Gauntlet","","0","0","54700400","54700400","0","0","220","0","8","112","8","0","100","0","49","10938","34560","0","42","0","0","0","60","99","0","0","0","86","160","0","0","0","5","0","0"
"557005000","41","Mythril Boots","","0","0","54700500","54700500","0","0","220","0","9","112","8","0","100","0","49","10938","34560","0","42","0","0","0","60","99","0","0","0","88","164","0","0","0","5","0","0"
"567001000","13","Ron's Robe","","0","0","56700100","56700100","0","0","230","1","5","113","10","0","100","0","90","7813","194400","0","89","0","0","0","60","99","0","0","0","0","0","160","106","0","3","0","0"
"567002000","14","Ron's Pants","","0","0","56700200","56700200","0","0","230","0","6","113","10","0","100","0","72","7813","116640","0","72","0","0","0","60","99","0","0","0","0","0","156","104","0","3","0","0"
"567003000","15","Ron's Helmet","","0","0","56700300","56700300","0","0","230","0","7","113","10","0","100","0","54","7813","77760","0","54","0","0","0","60","99","0","0","0","0","0","152","102","0","3","0","0"
"567004000","16","Ron's Gloves","","0","0","56700400","56700400","0","0","230","0","8","113","10","0","100","0","36","7813","38880","0","36","0","0","0","60","99","0","0","0","0","0","144","98","0","3","0","0"
"567005000","17","Ron's Boots","","0","0","56700500","56700500","0","0","230","0","9","113","10","0","100","0","36","7813","38880","0","36","0","0","0","60","99","0","0","0","0","0","148","100","0","3","0","0"
"577001000","37","Ron's Robe","","0","0","56700100","56700100","0","0","230","1","5","113","10","0","100","0","90","7813","194400","0","89","0","0","0","60","99","0","0","0","0","0","160","106","0","5","0","0"
"577002000","38","Ron's Pants","","0","0","56700200","56700200","0","0","230","0","6","113","10","0","100","0","72","7813","116640","0","72","0","0","0","60","99","0","0","0","0","0","156","104","0","5","0","0"
"577003000","39","Ron's Helmet","","0","0","56700300","56700300","0","0","230","0","7","113","10","0","100","0","54","7813","77760","0","54","0","0","0","60","99","0","0","0","0","0","152","102","0","5","0","0"
"577004000","40","Ron's Gloves","","0","0","56700400","56700400","0","0","230","0","8","113","10","0","100","0","36","7813","38880","0","36","0","0","0","60","99","0","0","0","0","0","144","98","0","5","0","0"
"577005000","41","Ron's Boots","","0","0","56700500","56700500","0","0","230","0","9","113","10","0","100","0","36","7813","38880","0","36","0","0","0","60","99","0","0","0","0","0","148","100","0","5","0","0"
"587001000","13","Pauldron of Trial","","0","0","58700100","58700100","0","0","240","0","5","114","12","0","100","0","126","10938","151200","0","119","0","0","0","60","99","0","0","94","0","0","176","0","0","3","0","0"
"587002000","14","Pads of Trial","","0","0","58700200","58700200","0","0","240","0","6","114","12","0","100","0","100","10938","90720","0","95","0","0","0","60","99","0","0","92","0","0","172","0","0","3","0","0"
"587003000","15","Helmet of Trial","","0","0","58700300","58700300","0","0","240","0","7","114","12","0","100","0","75","10938","60480","0","72","0","0","0","60","99","0","0","90","0","0","168","0","0","3","0","0"
"587004000","16","Gauntlet of Trial","","0","0","58700400","58700400","0","0","240","0","8","114","12","0","100","0","49","10938","30240","0","48","0","0","0","60","99","0","0","86","0","0","160","0","0","3","0","0"
"587005000","17","Boots of Trial","","0","0","58700500","58700500","0","0","240","0","9","114","12","0","100","0","49","10938","30240","0","48","0","0","0","60","99","0","0","88","0","0","164","0","0","3","0","0"
"597001000","37","Pauldron of Trial","","0","0","58700100","58700100","0","0","240","0","5","114","12","0","100","0","126","10938","151200","0","119","0","0","0","60","99","0","0","94","0","0","176","0","0","5","0","0"
"597002000","38","Pads of Trial","","0","0","58700200","58700200","0","0","240","0","6","114","12","0","100","0","100","10938","90720","0","95","0","0","0","60","99","0","0","92","0","0","172","0","0","5","0","0"
"597003000","39","Helmet of Trial","","0","0","58700300","58700300","0","0","240","0","7","114","12","0","100","0","75","10938","60480","0","72","0","0","0","60","99","0","0","90","0","0","168","0","0","5","0","0"
"597004000","40","Gauntlet of Trial","","0","0","58700400","58700400","0","0","240","0","8","114","12","0","100","0","49","10938","30240","0","48","0","0","0","60","99","0","0","86","0","0","160","0","0","5","0","0"
"597005000","41","Boots of Trial","","0","0","58700500","58700500","0","0","240","0","9","114","12","0","100","0","49","10938","30240","0","48","0","0","0","60","99","0","0","88","0","0","164","0","0","5","0","0"
"600001000","42","Kaul’s Egg","","0","0","60000100","60000100","0","0","150","0","15","0","0","0","0","0","1","1","3000","0","0","0","0","0","1","99","0","0","0","0","0","0","0","0","0","0","0"
"600002000","42","Pet 2’s Egg","","0","0","60000100","60000100","0","0","150","0","15","0","0","0","0","0","1","1","3000","0","0","0","0","0","1","99","0","0","0","0","0","0","0","0","0","0","0"
"600003000","42","Pet 3’s Egg","","0","0","60000100","60000100","0","0","150","0","15","0","0","0","0","0","1","1","3000","0","0","0","0","0","1","99","0","0","0","0","0","0","0","0","0","0","0"
"610001000","42","Kaul","","0","0","61000100","61000100","0","0","151","0","20","0","0","0","0","0","1","1","3000","0","0","0","0","0","1","99","101","0","0","0","0","0","0","0","0","0","0"
"610002000","42","Pet 2","","0","0","61000100","61000100","0","0","151","0","20","0","0","0","0","0","1","1","3000","0","0","0","0","0","1","99","102","0","0","0","0","0","0","0","0","0","0"
"610003000","42","Pet 3","","0","0","61000100","61000100","0","0","151","0","20","0","0","0","0","0","1","1","3000","0","0","0","0","0","1","99","103","0","0","0","0","0","0","0","0","0","0"
"610004000","42","Vulcan","Familiar Vulcan|Right-click to equip.|To summon it, use the summon scroll.","0","0","61000400","61000400","0","0","151","0","20","0","0","104","0","0","1","1","3000","0","0","0","0","0","1","99","101","0","0","0","0","0","0","0","0","0","0"
"610005000","42","Bandicoot","Familiar Bandicoot|Right-click to equip.|To summon it, use the summon scroll.","0","0","61000500","61000500","0","0","151","0","20","0","0","105","0","0","1","1","3000","0","0","0","0","0","1","99","101","0","0","0","0","0","0","0","0","0","0"
"610006000","42","Taion","Familiar Taion|Right-click to equip.|To summon it, use the summon scroll.","0","0","61000600","61000600","0","0","151","0","20","0","0","106","0","0","1","1","3000","0","0","0","0","0","1","99","101","0","0","0","0","0","0","0","0","0","0"
"610007000","42","Kekoon","Familiar Kekoon|Right-click to equip.|To summon it, use the summon scroll.","0","0","61000700","61000700","0","0","151","0","20","0","0","107","0","0","1","1","3000","0","0","0","0","0","1","99","101","0","0","0","0","0","0","0","0","0","0"
"610008000","42","Goblin","Familiar Goblin|Right-click to equip.|To summon it, use the summon scroll.","0","0","61000800","61000800","0","0","151","0","20","0","0","108","0","0","1","1","3000","0","0","0","0","0","1","99","101","0","0","0","0","0","0","0","0","0","0"
"610009000","42","Hornet","Familiar Hornet|Right-click to equip.|To summon it, use the summon scroll.","0","0","61000900","61000900","0","0","151","0","20","0","0","109","0","0","1","1","3000","0","0","0","0","0","1","99","101","0","0","0","0","0","0","0","0","0","0"
"610010000","42","Smirdon","Familiar Smirdon|Right-click to equip.|To summon it, use the summon scroll.","0","0","61001000","61001000","0","0","151","0","20","0","0","110","0","0","1","1","3000","0","0","0","0","0","1","99","101","0","0","0","0","0","0","0","0","0","0"
"610011000","42","Stone Golem","Familiar Stone Golem|Right-click to equip.|To summon it, use the summon scroll.","0","0","61001100","61001100","0","0","151","0","20","0","0","111","0","0","1","1","3000","0","0","0","0","0","1","99","101","0","0","0","0","0","0","0","0","0","0"
"610012000","42","Harpy","Familiar Harpy|Right-click to equip.|To summon it, use the summon scroll.","0","0","61001200","61001200","0","0","151","0","20","0","0","112","0","0","1","1","3000","0","0","0","0","0","1","99","101","0","0","0","0","0","0","0","0","0","0"
"610013000","42","Dragon Teeth Soldier","Familiar Dragon Teeth Soldier|Right-click to equip.|To summon it, use the summon scroll.","0","0","61001300","61001300","0","0","151","0","20","0","0","113","0","0","1","1","3000","0","0","0","0","0","1","99","101","0","0","0","0","0","0","0","0","0","0"
"610014000","42","Lamia","Familiar Lamia|Right-click to equip.|To summon it, use the summon scroll.","0","0","61001400","61001400","0","0","151","0","20","0","0","114","0","0","1","1","3000","0","0","0","0","0","1","99","101","0","0","0","0","0","0","0","0","0","0"
"610015000","42","Etaros","Familiar Etaros|Right-click to equip.|To summon it, use the summon scroll.","0","0","61001500","61001500","0","0","151","0","20","0","0","115","0","0","1","1","3000","0","0","0","0","0","1","99","101","0","0","0","0","0","0","0","0","0","0"
"620001000","42","빙의용 펫1","","1","0","61000100","61000100","0","0","152","0","20","0","0","0","0","0","1","1","3000","0","0","0","0","0","50","99","101","0","0","0","0","0","0","0","0","0","0"
"620002000","42","빙의용 펫2","","1","0","61000100","61000100","0","0","152","0","20","0","0","0","0","0","1","1","3000","0","0","0","0","0","50","99","102","0","0","0","0","0","0","0","0","0","0"
"620003000","42","빙의용 펫3","","1","0","61000100","61000100","0","0","152","0","20","0","0","0","0","0","1","1","3000","0","0","0","0","0","50","99","103","0","0","0","0","0","0","0","0","0","0"
"630001000","42","빙의용 레어 펫1","","1","0","61000100","61000100","0","0","152","0","20","0","0","0","0","0","1","1","3000","0","0","0","0","0","50","99","101","0","0","0","0","0","0","0","0","0","0"
"630002000","42","빙의용 레어 펫2","","1","0","61000100","61000100","0","0","152","0","20","0","0","0","0","0","1","1","3000","0","0","0","0","0","50","99","102","0","0","0","0","0","0","0","0","0","0"
"630003000","42","빙의용 레어 펫3","","1","0","61000100","61000100","0","0","152","0","20","0","0","0","0","0","1","1","3000","0","0","0","0","0","50","99","103","0","0","0","0","0","0","0","0","0","0"
"700001000","22","Redistribution Item","Allows you to redistribute your points","0","0","70000100","70000100","0","0","255","0","15","19","0","0","0","0","1","1","2500","0","0","0","0","0","1","99","0","0","0","0","0","0","0","0","0","0","0"
"700002000","22","Trina`s Piece","Increases the success rate for Blessed Upgrade Scroll ","0","0","70000200","70000200","0","0","255","0","15","19","0","0","0","0","1","1","2500","0","0","0","0","255","1","99","0","0","0","0","0","0","0","0","0","0","0"
"700003000","22","Monster Summon Staff","Summon unique monster","0","0","70000300","70000300","0","0","255","0","15","19","0","0","0","0","1","5","2500","0","0","0","490088","0","1","99","0","0","0","0","0","0","0","0","0","0","0"
"700004000","22","Monster Summon Staff","Summon unique monster","0","0","70000300","70000300","0","0","255","0","15","20","0","0","0","0","1","1","2500","0","0","0","490093","0","1","99","0","0","0","0","0","0","0","0","0","0","0"
"700005000","22","Monster Summon Staff","Summon unique monster","0","0","70000300","70000300","0","0","255","0","15","20","0","0","0","0","1","5","2500","0","0","0","490096","0","1","99","0","0","0","0","0","0","0","0","0","0","0"
"700006000","22","Monster Summon Staff(Event)","Summon unique monster.(Ultra Premium event item)","0","0","70000300","70000300","0","0","255","0","15","20","0","0","0","0","1","10","2500","0","0","0","490097","0","1","99","0","0","0","0","0","0","0","0","0","0","0"
"700008000","22","Redistribution Item(Mlddle Class)","Allows you to redistribute your points","0","0","70000800","70000800","0","0","255","0","15","19","0","0","0","0","1","1","2500","0","0","0","0","0","1","59","0","0","0","0","0","0","0","0","0","0","0"
"700010000","22","Caribdis Tears Exchange Certificate","","0","0","70001000","70001000","0","0","255","0","15","20","0","0","0","0","1","5","2500","0","0","0","0","0","1","99","0","0","0","0","0","0","0","0","0","0","0"
"700011000","22","Magic Bag","Can carry a lot more than it seems to.","1","0","70001100","70001100","0","0","252","0","25","20","0","0","100","0","0","1","2000","0","0","0","0","0","1","99","0","0","0","0","0","0","0","0","0","0","0"
"700012000","22","Automatic Looting","Grants automatic looting ability to a Familiar.|To use it automatically,|fix it to the Familiar’s Equipment window|To change the shortcut key, press Alt + 1.","0","0","70001200","70001200","0","0","170","0","26","20","0","0","100","0","0","1","2000","0","0","0","0","0","1","99","0","0","0","0","0","0","0","0","0","0","0"
"700013000","22","Image Change (L)","Transforms the Familiar slightly better!","0","0","70001300","70001300","0","0","171","0","26","0","0","0","100","0","0","1","100000","0","0","0","0","253","20","99","0","0","0","0","0","0","0","232","0","0","0"
"700014000","22","Attack Packet","Increases Familiar’s Atk by 20%.","0","0","70001400","70001400","0","0","172","0","26","20","0","0","100","0","0","1","2000","0","0","0","301009","0","1","99","0","0","0","0","0","0","0","0","0","0","0"
"700015000","22","Defense Packet","Increases Familiar’s Def by 20%.","0","0","70001500","70001500","0","0","173","0","26","20","0","0","100","0","0","1","2000","0","0","0","301010","0","1","99","0","0","0","0","0","0","0","0","0","0","0"
"700016000","22","Loyal Packet","Loyal Packet","0","0","70001600","70001600","0","0","174","0","26","20","0","0","100","0","0","1","2000","0","0","0","0","0","1","99","0","0","0","0","0","0","0","0","0","0","0"
"700017000","22","Image Change (M)","Transforms the Familiar much better!","0","0","70001700","70001700","0","0","171","0","26","0","0","0","100","0","0","1","2000","0","0","0","0","253","40","99","0","0","0","0","0","0","0","0","0","0","0"
"700018000","22","Image Change (H)","Transforms the Familiar to the greatest level!","0","0","70001800","70001800","0","0","171","0","26","0","0","0","100","0","0","1","2000","0","0","0","0","253","50","99","0","0","0","0","0","0","0","0","0","0","0"
"700019000","42","Etaros Transformation Scroll","Etaros that can be seen only in the ancient Orient.|One who possesses Etaros will sink into oriental mystique.|It can transform Familiar to Etaros.","0","0","70001900","70001900","0","0","171","0","26","0","0","0","100","0","0","1","2000","0","0","0","0","253","10","99","0","0","0","0","0","0","0","0","0","0","0"
"800002000","22","Re-Spawn Teleport Scroll","Teleport to designated re-spawn point.","0","0","80000200","80000200","0","0","255","0","15","19","0","0","0","0","1","20","2000","0","0","0","500022","0","1","99","0","0","0","0","0","0","0","0","0","0","0"
"800003000","22","STR+ Scroll(Stat)(L)","Increases STR by 15","0","0","80000300","80000300","0","0","255","0","15","19","0","0","0","0","1","30","2000","0","0","0","500023","0","1","99","0","0","15","0","0","0","0","0","0","0","0"
"800004000","22","HP+ Scroll(Stat)(L)","Increases HP by 15","0","0","80000400","80000400","0","0","255","0","15","19","0","0","0","0","1","30","2000","0","0","0","500024","0","1","99","0","0","0","15","0","0","0","0","0","0","0"
"800005000","22","DEX+ Scroll(Stat)(L)","Increases DEX by 15","0","0","80000500","80000500","0","0","255","0","15","19","0","0","0","0","1","30","2000","0","0","0","500025","0","1","99","0","0","0","0","15","0","0","0","0","0","0"
"800006000","22","INT+ Scroll(Stat)(L)","Increases INT by 15","0","0","80000600","80000600","0","0","255","0","15","19","0","0","0","0","1","30","2000","0","0","0","500026","0","1","99","0","0","0","0","0","15","0","0","0","0","0"
"800007000","22","MP+ Scroll(Stat)(L)","Increases MP by 15","0","0","80000700","80000700","0","0","255","0","15","19","0","0","0","0","1","30","2000","0","0","0","500027","0","1","99","0","0","0","0","0","0","15","0","0","0","0"
"800008000","22","Power of Lion Scroll(Stat)(L)","Increases STR, HP, DEX, INT & MP by 10","0","0","80000800","80000800","0","0","255","0","15","19","0","0","0","0","1","20","2000","0","0","0","500028","0","1","99","0","0","10","10","10","10","10","0","0","0","0"
"800009000","22","150 Defense+ Scroll(L)","Increases Defense by 150","0","0","80000900","80000900","0","0","255","0","15","19","0","0","0","0","1","30","2000","0","150","0","500029","0","20","99","0","0","0","0","0","0","0","0","0","0","0"
"800010000","22","300 Defense+ Scroll(L)","Increases Defense by 300","0","0","80001000","80001000","0","0","255","0","15","19","0","0","0","0","1","30","2000","0","300","0","500030","0","30","99","0","0","0","0","0","0","0","0","0","0","0"
"800011000","22","500 HP+ Scroll(L)","Increases HP by 500","0","0","80001100","80001100","0","0","255","0","15","19","0","0","0","0","1","30","2000","0","0","0","500031","0","20","99","0","0","0","0","0","0","0","0","0","0","0"
"800012000","22","1000 HP+ Scroll(L)","Increases HP by 1000","0","0","80001200","80001200","0","0","255","0","15","19","0","0","0","0","1","30","2000","0","0","0","500032","0","30","99","0","0","0","0","0","0","0","0","0","0","0"
"800013000","22","1500 HP+ Scroll(L)","Increases HP by 1500","0","0","80001300","80001300","0","0","255","0","15","19","0","0","0","0","1","30","2000","0","0","0","500033","0","40","99","0","0","0","0","0","0","0","0","0","0","0"
"800014000","22","Attack+ Scroll","Increases Attack by 20%","0","0","80001400","80001400","0","0","255","0","15","19","0","0","0","0","1","30","2000","0","0","0","500034","0","1","99","0","0","0","0","0","0","0","0","0","0","0"
"800015000","22","Speed+ Potion","Increases Speed by 150%","0","0","80001500","80001500","0","0","255","0","15","19","0","0","0","0","1","30","2000","0","0","0","500035","0","1","99","0","0","0","0","0","0","0","0","0","0","0"
"800016000","22","Nation Transfer","","0","0","80003700","80003700","0","0","255","0","15","20","0","0","0","0","1","1","2500","0","0","0","0","0","1","99","0","0","0","0","0","0","0","0","0","0","0"
"800019000","22","Clarity potion","3,600MP Recovery & 3,000MP Recovery for the next 60 seconds","0","0","80001900","80001900","0","0","255","0","15","20","0","0","0","0","1","20","1000","0","0","0","500037","0","1","99","0","0","0","0","0","0","0","0","0","0","0"
"800021000","22","Scroll of teleport friend","Teleport to a registered buddy","0","0","80000100","80000100","0","0","255","0","15","19","0","0","0","0","1","50","50","0","0","0","500038","0","1","99","0","0","0","0","0","0","0","0","0","0","0"
"800022000","22","Duration Item","Doubles the duration of help skills. ","0","0","80002200","80002200","0","0","255","0","15","19","0","0","0","0","1","100","2000","0","0","0","500039","0","1","99","0","0","0","0","0","0","0","0","0","0","0"
"800023000","22","STR+ Scroll(Stat)(S)","Increases STR by 15","0","0","80000300","80000300","0","0","255","0","15","19","0","0","0","0","1","10","2000","0","0","0","500040","0","1","99","0","0","15","0","0","0","0","0","0","0","0"
"800024000","22","HP+ Scroll(Stat)(S)","Increases HP by 15","0","0","80000400","80000400","0","0","255","0","15","19","0","0","0","0","1","10","2000","0","0","0","500041","0","1","99","0","0","0","15","0","0","0","0","0","0","0"
"800025000","22","DEX+ Scroll(Stat)(S)","Increases DEX by 15","0","0","80000500","80000500","0","0","255","0","15","19","0","0","0","0","1","10","2000","0","0","0","500042","0","1","99","0","0","0","0","15","0","0","0","0","0","0"
"800026000","22","INT+ Scroll(Stat)(S)","Increases INT by 15","0","0","80000600","80000600","0","0","255","0","15","19","0","0","0","0","1","10","2000","0","0","0","500043","0","1","99","0","0","0","0","0","15","0","0","0","0","0"
"800027000","22","MP+ Scroll(Stat)(S)","Increases MP by 15","0","0","80000700","80000700","0","0","255","0","15","19","0","0","0","0","1","10","2000","0","0","0","500044","0","1","99","0","0","0","0","0","0","15","0","0","0","0"
"800028000","22","Power of Lion Scroll(Stat)(S)","Increases STR, HP, DEX, INT & MP by 10","0","0","80000800","80000800","0","0","255","0","15","19","0","0","0","0","1","10","2000","0","0","0","500045","0","1","99","0","0","10","10","10","10","10","0","0","0","0"
"800029000","22","150 Defense+ Scroll(S)","Increases Defense by 150","0","0","80000900","80000900","0","0","255","0","15","19","0","0","0","0","1","15","2000","0","150","0","500046","0","20","99","0","0","0","0","0","0","0","0","0","0","0"
"800030000","22","500 HP+ Scroll(S)","Increases HP by 500","0","0","80001100","80001100","0","0","255","0","15","19","0","0","0","0","1","15","2000","0","0","0","500047","0","20","99","0","0","0","0","0","0","0","0","0","0","0"
"800031000","22","1000 HP+ Scroll(S)","Increases HP by 1000","0","0","80001200","80001200","0","0","255","0","15","19","0","0","0","0","1","15","2000","0","0","0","500048","0","30","99","0","0","0","0","0","0","0","0","0","0","0"
"800032000","22","Name Change Scroll","A scroll to change character`s name.","0","0","80003200","80003200","0","0","255","0","15","19","0","0","0","0","1","1","2000","0","0","0","0","0","1","99","0","0","0","0","0","0","0","0","0","0","0"
"800033000","22","HP Rice Cake","Thanksgiving event item (Increase 1,500 HP)","0","0","80003300","80003300","0","0","255","0","15","20","0","0","0","0","1","3","2000","0","0","0","501001","0","1","99","0","0","0","0","0","0","0","0","0","0","0"
"800034000","22","MP Rice Cake","Thanksgiving event item (Increase 1,500 MP)","0","0","80003400","80003400","0","0","255","0","15","20","0","0","0","0","1","3","2000","0","0","0","501002","0","1","99","0","0","0","0","0","0","0","0","0","0","0"
"800035000","22","Speed Up Rice Cake","Thanksgiving event item (Increase running speed by 150%)","0","0","80003500","80003500","0","0","255","0","15","20","0","0","0","0","1","3","2000","0","0","0","501003","0","1","99","0","0","0","0","0","0","0","0","0","0","0"
"800036000","22","60% re-spawn scroll","A scroll that recovers 60% when re-spawning","0","0","91002200","91002200","0","0","255","0","15","19","0","0","0","0","1","5","2500","0","0","0","480003","0","1","99","0","0","0","0","0","0","0","0","0","0","0"
"800037000","22","Bronze Premum Service","Use premium service","0","0","80003700","80003700","0","0","255","0","15","20","0","0","0","0","1","1","2500","0","0","0","0","0","1","99","0","0","0","0","0","0","0","0","0","0","0"
"800038000","22","Silver Premium Service","Use ultra premium service","0","0","80003800","80003800","0","0","255","0","15","20","0","0","0","0","1","1","2500","0","0","0","0","0","1","99","0","0","0","0","0","0","0","0","0","0","0"
"800040000","22","basic","","0","0","91002700","91002700","0","0","255","0","15","20","0","0","0","0","10","1","1500","0","0","0","501004","0","1","99","0","0","0","0","0","0","0","0","0","0","0"
"800041000","22","Resurrection Scroll(50)","Recover 50% of the lost experience points","0","0","91002200","91002200","0","0","97","0","15","0","0","0","0","0","1","1","50","0","0","1","480005","0","1","99","0","0","0","0","0","0","0","0","0","0","0"
"800050000","22","Mount Scroll","Increases experience points gained by 50% for 1 hour. ","0","0","91002700","91002700","0","0","255","0","15","20","0","0","0","0","10","1","1500","0","0","0","501005","0","1","40","0","0","0","0","0","0","0","0","0","0","0"
"800051000","22","Ascent Scroll","Increases experience points gained by 20% for 1 hour. ","0","0","91002700","91002700","0","0","255","0","15","20","0","0","0","0","10","1","1500","0","0","0","501006","0","0","99","0","0","0","0","0","0","0","0","0","0","0"
"800052000","22","Vegetable Dumplings","Increases running speed for 1 hour","0","0","37914700","37914700","0","0","255","0","15","20","0","0","0","0","10","1","50","0","0","0","501007","0","1","99","0","0","0","0","0","0","0","0","0","0","0"
"800053000","22","Normal Dumplings","Increases HP by 1200 for 1 hour","0","0","37914800","37914800","0","0","255","0","15","20","0","0","0","0","10","1","50","0","0","0","501008","0","1","99","0","0","0","0","0","0","0","0","0","0","0"
"800054000","22","Fish Dumplings","Increases MP by 1200 for 1 hour","0","0","37914900","37914900","0","0","255","0","15","20","0","0","0","0","10","1","50","0","0","0","501009","0","1","99","0","0","0","0","0","0","0","0","0","0","0"
"800055000","22","Cake","Increases MP by 1200 for 1 hour","0","0","80005500","80005500","0","0","255","0","15","20","0","0","0","0","10","5","50","0","0","0","490094","0","1","99","0","0","0","0","0","0","0","0","0","0","0"
"800056000","22","Leader's Guardian [Karus]","Summon Karus Guardian once","0","0","80005600","80005600","0","0","255","0","15","20","0","0","0","0","1","1","3000000","0","0","0","502001","0","1","99","0","1","0","0","0","0","0","255","0","0","0"
"800057000","22","Leader's Guardian [El Morad]","Summon El Morad Guardian once","0","0","80005700","80005700","0","0","255","0","15","20","0","0","0","0","1","1","3000000","0","0","0","502003","0","1","99","0","1","0","0","0","0","0","255","0","0","0"
"800058000","22","Co-Leader's Guardian [Karus]","Summon Karus Guardian once","0","0","80005800","80005800","0","0","255","0","15","20","0","0","0","0","1","1","1200000","0","0","0","502002","0","1","99","0","2","0","0","0","0","0","255","0","0","0"
"800059000","22","Co-Leader's Guardian [El Morad]","Summon El Morad Guardian once","0","0","80005900","80005900","0","0","255","0","15","20","0","0","0","0","1","1","1200000","0","0","0","502004","0","1","99","0","2","0","0","0","0","0","255","0","0","0"
"800060000","22","Weight Scroll ","Increase maximum carrying capability by 20%","0","0","80006000","80006000","0","0","255","0","15","20","0","0","0","0","1","10","2000","0","0","0","501010","0","1","99","0","0","0","0","0","0","0","0","0","0","0"
"800061000","22","Weapon Enchant Scroll","Increases the weapon attack rate","0","0","80006100","80006100","0","0","255","0","15","20","0","0","0","0","1","30","2000","0","0","0","500051","0","1","99","0","0","0","0","0","0","0","0","0","0","206"
"800062000","22","Armor Enchant Scroll","Increases the armor defense rate","0","0","80006200","80006200","0","0","255","0","15","20","0","0","0","0","1","30","2000","0","0","0","500052","0","1","99","0","0","0","0","0","0","0","0","0","0","207"
"800063000","22","Stat Scroll","View a character's skills and items","0","0","80006300","80006300","0","0","255","0","15","20","0","0","0","0","1","30","2000","0","0","0","501011","0","1","99","0","0","0","0","0","0","0","0","0","0","0"
"800064000","22","Leader's Guardian [Karus 5]","Summon Karus Guardian 5 times","0","0","80005600","80005600","0","0","255","0","15","20","0","0","0","0","1","5","15000000","0","0","0","502005","0","1","99","0","1","0","0","0","0","0","255","0","0","0"
"800065000","22","Leader's Guardian [El Morad 5]","Summon El Morad Guardian 5 times","0","0","80005700","80005700","0","0","255","0","15","20","0","0","0","0","1","5","15000000","0","0","0","502007","0","1","99","0","1","0","0","0","0","0","255","0","0","0"
"800066000","22","Co-Leader's Guardian [Karus 5]","Summon Karus Guardian 5 times","0","0","80005800","80005800","0","0","255","0","15","20","0","0","0","0","1","5","6000000","0","0","0","502006","0","1","99","0","2","0","0","0","0","0","255","0","0","0"
"800067000","22","Co-Leader's Guardian [El Morad 5]","Summon El Morad Guardian 5 times","0","0","80005900","80005900","0","0","255","0","15","20","0","0","0","0","1","5","6000000","0","0","0","502008","0","1","99","0","2","0","0","0","0","0","255","0","0","0"
"800068000","22","Leader's Guardian [Karus 5]","Summon Karus Guardian 5 times","0","0","80005600","80005600","0","0","255","0","15","20","0","0","0","0","1","10","30000000","0","0","0","502009","0","1","99","0","1","0","0","0","0","0","255","0","0","0"
"800069000","22","Leader's Guardian [El Morad 5]","Summon El Morad Guardian 5 times","0","0","80005700","80005700","0","0","255","0","15","20","0","0","0","0","1","10","30000000","0","0","0","502011","0","1","99","0","1","0","0","0","0","0","255","0","0","0"
"800070000","22","Co-Leader's Guardian [Karus 5]","Summon Karus Guardian 5 times","0","0","80005800","80005800","0","0","255","0","15","20","0","0","0","0","1","10","12000000","0","0","0","502010","0","1","99","0","2","0","0","0","0","0","255","0","0","0"
"800071000","22","Co-Leader's Guardian [El Morad 5]","Summon El Morad Guardian 5 times","0","0","80005900","80005900","0","0","255","0","15","20","0","0","0","0","1","10","12000000","0","0","0","502012","0","1","99","0","2","0","0","0","0","0","255","0","0","0"
"800074000","22","NP increase item","Nation point, Ladder point increases by 50%.","0","0","80007400","80007400","0","0","255","0","15","19","0","0","0","0","1","10","2000","0","0","0","504001","0","1","99","0","0","0","0","0","0","0","0","0","0","0"
"800075000","22","Logos's Shout","","0","0","80007500","80007500","0","0","255","0","15","19","0","0","0","0","1","10","2000","0","0","0","504002","0","1","99","0","0","0","0","0","0","0","0","0","0","0"
"800076000","22","Scroll of Armor 350","Increase Defense by 350","0","0","80007600","80007600","0","0","255","0","15","19","0","0","0","0","1","30","2000","0","300","0","500055","0","62","99","0","0","0","0","0","0","0","0","0","0","0"
"800077000","22","Strengthen Defense Power 350 Scroll","Increases Defense by 400","0","0","80007700","80007700","0","0","255","0","15","0","0","0","0","0","1","30","2000","0","400","0","500056","0","62","99","0","0","0","0","0","0","0","0","0","0","0"
"800078000","22","HP Scroll 2000","Increase HP by 2000","0","0","80007800","80007800","0","0","255","0","15","19","0","0","0","0","1","30","2000","0","0","0","500053","0","62","99","0","0","0","0","0","0","0","0","0","0","0"
"800079000","22","Increase HP 60% Scroll ","Increases HP by 60%","0","0","80007900","80007900","0","0","255","0","15","0","0","0","0","0","1","30","2000","0","0","0","500054","0","62","99","0","0","0","0","0","0","0","0","0","0","0"
"800080000","22","Gold Premium Service","","0","0","80003800","80003800","0","0","255","0","15","20","0","0","0","0","1","1","2500","0","0","0","0","0","1","99","0","0","0","0","0","0","0","0","0","0","0"
"800081000","22","Green  Rice Cake (large)","240MP Recovery","0","0","38900600","38900600","0","0","255","0","15","0","0","0","0","0","0","30","500","0","0","0","491015","0","1","99","0","0","0","0","0","0","0","0","0","0","0"
"800082000","22","Pink Rice Cake (large)","240HP Recovery","0","0","38900300","38900300","0","0","255","0","15","0","0","0","0","0","0","30","500","0","0","0","491016","0","1","99","0","0","0","0","0","0","0","0","0","0","0"
"800086000","22","Clan name Change scroll","Allows Clan's name to be changed","0","0","80008600","80008600","0","0","255","0","15","19","0","0","0","0","1","1","2000","0","0","0","0","0","1","99","0","0","0","0","0","0","0","0","0","0","0"
"800087000","22","merchant`s Concentration","Utilize a special merchant table to sell items.","0","0","80008700","80008700","0","0","255","0","15","19","0","0","0","0","1","10","2000","0","0","0","500108","0","1","99","0","0","0","0","0","0","0","0","0","0","0"
"800090000","22","Certificate of Familiar Name Change","Scroll that allows you to change Familiar ID.","0","0","80003200","80003200","0","0","255","0","15","0","0","0","0","0","1","1","1500000","0","0","0","0","252","1","99","0","0","0","0","0","0","0","0","0","0","102"
"800091000","22","Scroll of  Advanced Strength","Increase 25 Strength stat point","0","0","80000300","80000300","0","0","255","0","15","0","0","0","0","0","1","30","2000","0","0","0","500501","0","1","99","0","0","15","0","0","0","0","0","0","0","0"
"800092000","22","Scroll of  Advanced Health","Increase 25 Health stat point","0","0","80000400","80000400","0","0","255","0","15","0","0","0","0","0","1","30","2000","0","0","0","500502","0","1","99","0","0","0","15","0","0","0","0","0","0","0"
"800093000","22","Scroll of  Advanced Dexterity","Increase 25 Dexterity stat point","0","0","80000500","80000500","0","0","255","0","15","0","0","0","0","0","1","30","2000","0","0","0","500503","0","1","99","0","0","0","0","15","0","0","0","0","0","0"
"800094000","22","Scroll of Advanced Lion Strength","Increase 15 stat points for Strength, Health, Dexterity, Intelligence, and Magic Power","0","0","80000800","80000800","0","0","255","0","15","0","0","0","0","0","1","20","2000","0","0","0","500504","0","1","99","0","0","10","10","10","10","10","0","0","0","0"
"800100000","22","Patrick Transform Scroll(El Morad)","Can transform into [Sentinel] Patrick.(Valid only in El Morad)","0","0","80010000","80010000","0","0","255","0","15","19","0","0","0","0","1","10","2000","0","0","0","500505","0","1","99","0","0","0","0","0","0","0","0","0","0","0"
"800101000","22","Imir's Prayer","Can send a message to the entire nation. Imir, Goddess of Wisdom, allowed the shout to be generated only by countries.","0","0","80010100","80010100","0","0","255","0","15","0","0","0","0","0","1","10","2000","0","0","0","500122","0","1","99","0","0","0","0","0","0","0","0","0","0","0"
"800102000","22","CONT Up Item","Country CONT acquired for 30 min.|Increases Ladder Point by 30%.","0","0","80007400","80007400","0","0","255","0","15","0","0","0","0","0","1","1","10000","0","0","0","504008","0","0","99","0","0","0","0","0","0","0","0","0","0","0"
"800110000","22","Menissiah Transform Scroll(El Morad)","Can transform into [Grand Merchant's Daughter] Menissiah.(Valid only in El Morad)","0","0","80011000","80011000","0","0","255","0","15","19","0","0","0","0","1","10","2000","0","0","0","500506","0","1","99","0","0","0","0","0","0","0","0","0","0","0"
"800111000","22","Character Seal Scroll","Via Cypher's powers, can seal character's power in the ring.","0","0","38917400","38917400","0","0","250","0","15","0","0","0","0","0","1","1","2000","0","0","0","0","0","1","99","0","0","0","0","0","0","0","0","0","0","0"
"800112000","22","Cypher Ring","Character's power is sealed in the ring. Right-click for details.","0","0","38911100","38911100","0","0","160","0","15","0","0","0","0","0","1","1","2000","0","0","0","0","0","1","99","0","0","0","0","0","0","0","0","0","0","0"
"800113000","22","Group Heal Scroll","Group Heal Scroll","1","0","38917400","38917400","0","0","250","0","15","0","0","0","0","0","1","30","10000000","0","0","0","111560","0","60","99","0","0","0","0","0","0","0","0","0","0","0"
"800120000","22","Cougar Transform Scroll(El Morad)","Can transform into [Mercenary Captain]Kugar.(Valid only in El Morad)","0","0","80012000","80012000","0","0","255","0","15","19","0","0","0","0","1","10","2000","0","0","0","500507","0","1","99","0","0","0","0","0","0","0","0","0","0","0"
"800130000","22","Hera Transform Scroll(El Morad)","Can transform into [Accessories Merchant] Hera.(Valid only in El Morad)","0","0","80013000","80013000","0","0","255","0","15","19","0","0","0","0","1","10","2000","0","0","0","500508","0","1","99","0","0","0","0","0","0","0","0","0","0","0"
"800140000","22","Hammer of Recovery(S)","Talia Skin and Armor of Destruction also eligible for repair. They may be destroyed due to low success rate.","0","0","80014000","80014000","0","0","255","0","15","0","0","0","0","0","1","10","2000","0","0","0","490215","0","1","99","0","0","0","0","0","0","0","0","0","0","0"
"800150000","22","Hammer of Recovery(M)","Talia Skin and Armor of Destruction also eligible for repair. They may be destroyed due to low success rate.","0","0","80014000","80014000","0","0","255","0","15","0","0","0","0","0","1","20","2000","0","0","0","490216","0","1","99","0","0","0","0","0","0","0","0","0","0","0"
"800160000","22","Hammer of Recovery(L)","Talia Skin and Armor of Destruction also eligible for repair. They may be destroyed due to low success rate.","0","0","80014000","80014000","0","0","255","0","15","0","0","0","0","0","1","30","2000","0","0","0","490217","0","1","99","0","0","0","0","0","0","0","0","0","0","0"
"800170000","22","Valkyrie Helmet Certificate","Enables Valkyrie helmet exchange.","0","0","80017000","80017000","0","0","255","0","15","19","0","0","0","0","1","1","2000","0","0","0","0","0","1","99","0","0","0","0","0","0","0","0","0","0","0"
"800180000","22","Valkyrie Armor Certificate","Enables Valkyrie armor exchange.","0","0","80018000","80018000","0","0","255","0","15","19","0","0","0","0","1","1","2000","0","0","0","0","0","1","99","0","0","0","0","0","0","0","0","0","0","0"
"800190000","22","Patrick Transform Scroll(Karus)","Can transform into [Sentinel] Patrick.(Valid only in Karus)","0","0","80019000","80019000","0","0","255","0","15","19","0","0","0","0","1","10","2000","0","0","0","500509","0","1","99","0","0","0","0","0","0","0","0","0","0","0"
"800200000","22","Menissiah Transform Scroll(Karus)","Can transform into [Grand Merchant's Daughter] Menissiah.(Valid only in Karus)","0","0","80020000","80020000","0","0","255","0","15","19","0","0","0","0","1","10","2000","0","0","0","500510","0","1","99","0","0","0","0","0","0","0","0","0","0","0"
"800210000","22","Cougar Transform Scroll(Karus)","Can transform into [Mercenary Captain]Kugar.(Valid only in Karus)","0","0","80021000","80021000","0","0","255","0","15","19","0","0","0","0","1","10","2000","0","0","0","500511","0","1","99","0","0","0","0","0","0","0","0","0","0","0"
"800220000","22","Hera Transform Scroll(Karus)","Can transform into [Accessories Merchant] Hera.(Valid only in Karus)","0","0","80022000","80022000","0","0","255","0","15","19","0","0","0","0","1","10","2000","0","0","0","500512","0","1","99","0","0","0","0","0","0","0","0","0","0","0"
"800230000","22","Gryphon’s Helmet Certificate","Can be traded in for Gryphon’s helmet.","0","0","80023000","80023000","0","0","255","0","15","19","0","0","0","0","1","1","2200000","0","0","0","0","0","1","99","0","0","0","0","0","0","0","0","0","0","0"
"800240000","22","Gryphon’s Helmet Certificate","Can be traded in for Gryphon’s armor.","0","0","80024000","80024000","0","0","255","0","15","19","0","0","0","0","1","1","3600000","0","0","0","0","0","1","99","0","0","0","0","0","0","0","0","0","0","0"
"800250000","22","파토스의 장갑 증명서","헤매스에게서 파토스의 장갑으로 교환가능|특별한 힘이 부여된 장갑으로 교환해준다.","0","0","80025000","80025000","0","0","255","0","15","19","0","0","0","0","1","1","2200000","0","0","0","0","0","0","100","0","0","0","0","0","0","0","0","0","0","0"
"800440000","22","Voucher for Magic Bag","Can be traded in for a magic bag.","0","0","80044000","80044000","0","0","255","0","15","19","0","0","0","0","1","1","2000","0","0","0","0","0","1","99","0","0","0","0","0","0","0","0","0","0","0"
"800450000","22","Voucher for Automatic Looting","Can be traded in for automatic looting packet.","0","0","80045000","80045000","0","0","255","0","15","19","0","0","0","0","1","1","2000","0","0","0","0","0","1","99","0","0","0","0","0","0","0","0","0","0","0"
"800460000","22","Voucher for Image Change","Voucher for Image Change","0","0","80017000","80017000","0","0","255","0","15","19","0","0","0","0","1","1","2000","0","0","0","0","0","1","99","0","0","0","0","0","0","0","0","0","0","0"
"800470000","22","Voucher for Attack Packet","Can be traded in for attack packet.","0","0","80018000","80018000","0","0","255","0","15","19","0","0","0","0","1","1","2000","0","0","0","0","0","1","99","0","0","0","0","0","0","0","0","0","0","0"
"800480000","22","Voucher for Defense Packet","Can be traded in for  defense packet.","0","0","80017000","80017000","0","0","255","0","15","19","0","0","0","0","1","1","2000","0","0","0","0","0","1","99","0","0","0","0","0","0","0","0","0","0","0"
"800490000","22","Voucher for Loyal Packet","Can be traded in for loyal packet.","0","0","80018000","80018000","0","0","255","0","15","19","0","0","0","0","1","1","2000","0","0","0","0","0","1","99","0","0","0","0","0","0","0","0","0","0","0"
"800500000","22","Voucher for Magic Bag","Can be traded in for two magic bags.","0","0","80044000","80044000","0","0","255","0","15","19","0","0","0","0","1","1","2000","0","0","0","0","0","1","99","0","0","0","0","0","0","0","0","0","0","0"
"810050000","22","Super Noah","Shiny silver Noah-shaped consumption item  ","0","0","81005000","81005000","0","0","255","0","15","0","0","0","0","0","1","1","2000","0","0","0","504003","0","1","60","0","0","0","0","0","0","0","0","0","0","0"
"810051000","22","Hyper Noah","Shiny gold Noah-shaped consumption item  ","0","0","81005100","81005100","0","0","255","0","15","0","0","0","0","0","1","1","2500","0","0","0","504004","0","1","60","0","0","0","0","0","0","0","0","0","0","0"
"810055000","22","Spirit of Specialist","Potion bottle containing spirit of the specialist  ","0","0","81005500","81005500","0","0","255","0","15","0","0","0","0","0","1","1","2000","0","0","0","504005","0","1","60","0","0","0","0","0","0","0","0","0","0","0"
"810056000","22","Spirit of Grandmaster","Potion bottle containing spirit of the grandmaster","0","0","81005600","81005600","0","0","255","0","15","0","0","0","0","0","1","1","2500","0","0","0","504006","0","1","60","0","0","0","0","0","0","0","0","0","0","0"
"810060000","22","Symbol of Gladiator ","Increase additional 70% Experience for 1 hour","0","0","81006000","81006000","0","0","255","0","15","20","0","0","0","0","1","1","2000","0","0","0","500111","0","1","50","0","0","0","0","0","0","0","0","0","0","0"
"810061000","22","Symbol of Warrior","Increase additional 40% Experience for 1 hour","0","0","81006100","81006100","0","0","255","0","15","20","0","0","0","0","1","1","2500","0","0","0","500112","0","51","60","0","0","0","0","0","0","0","0","0","0","0"
"810073000","22","Symbol of Gladiator [5 ea]","Increase additional 70% Experience for 1 hour","0","0","81006000","81006000","0","0","255","0","15","20","0","0","0","0","1","5","2000","0","0","0","500113","0","1","50","0","0","0","0","0","0","0","0","0","0","0"
"810074000","22","Symbol of Warrior[5 ea]","Increase additional 40% Experience for 1 hour","0","0","81006100","81006100","0","0","255","0","15","20","0","0","0","0","1","5","2500","0","0","0","500114","0","51","60","0","0","0","0","0","0","0","0","0","0","0"
"810075000","22","Symbol of Gladiator[10 ea]","Increase additional 70% Experience for 1 hour","0","0","81006000","81006000","0","0","255","0","15","20","0","0","0","0","1","10","2000","0","0","0","500115","0","1","50","0","0","0","0","0","0","0","0","0","0","0"
"810076000","22","Symbol of Warrior[10 ea]","Increase additional 40% Experience for 1 hour","0","0","81006100","81006100","0","0","255","0","15","20","0","0","0","0","1","10","2500","0","0","0","500116","0","51","60","0","0","0","0","0","0","0","0","0","0","0"
"810077000","22","Speed-Up Potion","Increase Running speed by 150%","0","0","80001500","80001500","0","0","255","0","15","19","0","0","0","0","1","2","2000","0","0","0","500064","0","1","99","0","0","0","0","0","0","0","0","0","0","0"
"810078000","22","Scroll of Armor 300","Increase Defense by 300","0","0","80001000","80001000","0","0","255","0","15","19","0","0","0","0","1","2","2000","0","300","0","500065","0","30","99","0","0","0","0","0","0","0","0","0","0","0"
"810079000","22","HP Scroll 1500","Increase HP by 1500","0","0","80001300","80001300","0","0","255","0","15","19","0","0","0","0","1","2","2000","0","0","0","500066","0","40","99","0","0","0","0","0","0","0","0","0","0","0"
"810080000","22","Scroll of Armor 350","Increase Defense by 350","0","0","80007600","80007600","0","0","255","0","15","19","0","0","0","0","1","2","2000","0","350","0","500067","0","62","99","0","0","0","0","0","0","0","0","0","0","0"
"810081000","22","HP Scroll 2000","Increase HP by 2000","0","0","80007800","80007800","0","0","255","0","15","19","0","0","0","0","1","2","2000","0","0","0","500068","0","62","99","0","0","0","0","0","0","0","0","0","0","0"
"810100000","22","Patrick Transform Scroll(El Morad)","Can transform into [Sentinel] Patrick.(Valid only in El Morad)","0","0","80010000","80010000","0","0","255","0","15","20","0","0","0","0","1","1","2000","0","0","0","500513","0","1","99","0","0","0","0","0","0","0","0","0","0","0"
"810110000","22","Menissiah Transform Scroll(El Morad)","Can transform into [Grand Merchant's Daughter] Menissiah.(Valid only in El Morad)","0","0","80011000","80011000","0","0","255","0","15","20","0","0","0","0","1","1","2000","0","0","0","500514","0","1","99","0","0","0","0","0","0","0","0","0","0","0"
"810120000","22","Cougar Transform Scroll(El Morad)","Can transform into [Mercenary Captain]Kugar.(Valid only in El Morad)","0","0","80012000","80012000","0","0","255","0","15","20","0","0","0","0","1","1","2000","0","0","0","500515","0","1","99","0","0","0","0","0","0","0","0","0","0","0"
"810130000","22","Hera Transform Scroll(El Morad)","Can transform into [Accessories Merchant] Hera.(Valid only in El Morad)","0","0","80013000","80013000","0","0","255","0","15","20","0","0","0","0","1","1","2000","0","0","0","500516","0","1","99","0","0","0","0","0","0","0","0","0","0","0"
"810190000","22","Patrick Transform Scroll(Karus)","Can transform into [Sentinel] Patrick.(Valid only in Karus)","0","0","80019000","80019000","0","0","255","0","15","20","0","0","0","0","1","1","2000","0","0","0","500517","0","1","99","0","0","0","0","0","0","0","0","0","0","0"
"810191000","22","Event Item Voucher","울트라 프리미엄 이벤트 아이템|카리브디스의 눈물,트라이나조각,재분배 아이템을|행상 헤메스로부터 교환받을 수 있다.","0","0","81019100","81019100","0","0","95","0","15","0","0","0","0","0","0","1","10","0","0","0","0","0","0","100","0","0","0","0","0","0","0","0","0","0","0"
"810200000","22","Menissiah Transform Scroll(Karus)","Can transform into [Grand Merchant's Daughter] Menissiah.(Valid only in Karus)","0","0","80020000","80020000","0","0","255","0","15","20","0","0","0","0","1","1","2000","0","0","0","500518","0","1","99","0","0","0","0","0","0","0","0","0","0","0"
"810210000","22","Cougar Transform Scroll(Karus)","Can transform into [Mercenary Captain]Kugar.(Valid only in Karus)","0","0","80021000","80021000","0","0","255","0","15","20","0","0","0","0","1","1","2000","0","0","0","500519","0","1","99","0","0","0","0","0","0","0","0","0","0","0"
"810220000","22","Hera Transform Scroll(Karus)","Can transform into [Accessories Merchant] Hera.(Valid only in Karus)","0","0","80022000","80022000","0","0","255","0","15","20","0","0","0","0","1","1","2000","0","0","0","500520","0","1","99","0","0","0","0","0","0","0","0","0","0","0"
"820075000","22","투사의 심볼[10회]","1시간동안 사용자는 몬스터기본 경험치에서 추가로 70%의 경험치를 획득하게 됩니다.","0","0","81006000","81006000","0","0","255","0","15","19","0","0","0","0","1","10","2000","0","0","0","510115","0","0","50","0","0","0","0","0","0","0","0","0","0","0"
"820076000","22","용사의 심볼[10회]","1시간동안 사용자는 몬스터기본 경험치에서 추가로 40%의 경험치를 획득하게 됩니다.","0","0","81006100","81006100","0","0","255","0","15","19","0","0","0","0","1","10","2500","0","0","0","510116","0","0","60","0","0","0","0","0","0","0","0","0","0","0"
"820084000","22","영웅의 심볼[10회]","1시간동안 사용자는 몬스터기본 경험치에서|추가로 30%의 경험치를 획득하게 됩니다.","0","0","81006100","81006100","0","0","255","0","15","19","0","0","0","0","1","10","2500","0","0","0","510121","0","0","69","0","0","0","0","0","0","0","0","0","0","0"
"900000000","22","Noah","","0","0","90001000","90001000","0","0","0","0","16","0","0","0","0","0","0","1","1","0","0","2","0","0","1","99","0","0","0","0","0","0","0","0","0","0","0"
"900001000","22","EXP","","0","0","90000100","90000100","0","0","0","0","16","0","0","0","0","0","0","1","1","0","0","2","0","0","1","99","0","0","0","0","0","0","0","0","0","0","0"
"900002000","22","Country CONT","","0","0","90000200","90000200","0","0","0","0","16","0","0","0","0","0","0","1","1","0","0","2","0","0","1","99","0","0","0","0","0","0","0","0","0","0","0"
"900003000","22","Ladder Point","","0","0","90000300","90000300","0","0","0","0","16","0","0","0","0","0","0","1","1","0","0","2","0","0","1","99","0","0","0","0","0","0","0","0","0","0","0"
"900004000","22","Random","","0","0","90000400","90000400","0","0","0","0","16","0","0","0","0","0","0","1","1","0","0","2","0","0","1","99","0","0","0","0","0","0","0","0","0","0","0"
"900005000","22","Hunt","","0","0","90000500","90000500","0","0","0","0","16","0","0","0","0","0","0","1","1","0","0","2","0","0","1","99","0","0","0","0","0","0","0","0","0","0","0"
"900006000","22","Job change","","0","0","90000600","90000600","0","0","0","0","16","0","0","0","0","0","0","1","1","0","0","2","0","0","1","99","0","0","0","0","0","0","0","0","0","0","0"
"900007000","22","Skill","","0","0","90000700","90000700","0","0","0","0","16","0","0","0","0","0","0","1","1","0","0","2","0","0","1","99","0","0","0","0","0","0","0","0","0","0","0"
"900008000","22","Kill opponent country","","0","0","90000800","90000800","0","0","0","0","16","0","0","0","0","0","0","1","1","0","0","2","0","0","1","99","0","0","0","0","0","0","0","0","0","0","0"
"900009000","22","Transport","","0","0","90000900","90000900","0","0","0","0","16","0","0","0","0","0","0","1","1","0","0","2","0","0","1","99","0","0","0","0","0","0","0","0","0","0","0"
"900010000","22","Level Up","","0","0","90001001","90001001","0","0","0","0","16","0","0","0","0","0","0","1","1","0","0","2","0","0","1","99","0","0","0","0","0","0","0","0","0","0","0"
"900011000","22","War","","0","0","90001100","90001100","0","0","0","0","15","0","0","0","0","0","0","1","1","0","0","2","0","0","1","99","0","0","0","0","0","0","0","0","0","0","0"
"900012000","22","Chat","","0","0","90001100","90001100","0","0","0","0","15","0","0","0","0","0","0","1","1","0","0","2","0","0","1","99","0","0","0","0","0","0","0","0","0","0","0"
"900013000","22","200 방어력 상승 주문서","방어력 200증가","0","0","80001000","80001000","0","0","255","0","15","0","0","0","0","0","1","3","2000","0","300","0","610055","0","0","100","0","0","0","0","0","0","0","0","0","0","0"
"900014000","22","1000 HP 증가 주문서","HP 1000증가","0","0","80001200","80001200","0","0","255","0","15","0","0","0","0","0","1","3","2000","0","0","0","610053","0","0","100","0","0","0","0","0","0","0","0","0","0","0"
"900015000","22","이동 속도 증가 물약","이동속도 150%증가","0","0","80001500","80001500","0","0","255","0","15","0","0","0","0","0","1","3","2000","0","0","0","610035","0","0","100","0","0","0","0","0","0","0","0","0","0","0"
"900016000","22","Premium EXP","프리미엄 적용시에만|(프리미엄PC방도 동일)|받을 수 있는 경험치","0","0","90001600","90001600","0","0","0","0","15","0","0","0","0","0","0","1","1","0","0","2","0","0","0","100","0","0","0","0","0","0","0","0","0","0","0"
"900026000","22","재분배 아이템","재분배를 할 수 있는 아이템(휴면계정용)","0","0","70000100","70000100","0","0","255","0","15","0","0","0","0","0","1","1","2500","0","0","0","0","0","0","100","0","0","0","0","0","0","0","0","0","0","0"
"900032000","22","아이디 변경 증명서","캐릭터의 아이디를 바꿀 수 있도록 해 주는 주문서|변경 했을시 렌탈 정보와 편지 내역도 초기화 됩니다.(휴면계정용)","0","0","80003200","80003200","0","0","255","0","15","0","0","0","0","0","1","1","2000","0","0","0","0","0","0","100","0","0","0","0","0","0","0","0","0","0","0"
"900054000","22","어센트 스크롤","1시간 동안 경험치 획득률이 20% 증가합니다.","0","0","91002700","91002700","0","0","255","0","15","0","0","0","0","0","10","3","1500","0","0","0","601007","0","0","100","0","0","0","0","0","0","0","0","0","0","0"
"910001000","22","Water of life(Coloseum Event)","90 HP Recovery","0","0","38901100","38901100","0","0","97","0","17","0","0","0","0","0","60","1","200","0","0","1","500001","0","1","99","0","0","0","0","0","0","0","0","0","0","0"
"910002000","22","Water of love(Coloseum Event)","180 HP Recovery","0","0","38901200","38901200","0","0","97","0","17","0","0","0","0","0","70","1","800","0","0","1","500002","0","1","99","0","0","0","0","0","0","0","0","0","0","0"
"910003000","22","Water of grace(Coloseum Event)","360 HP Recovery","0","0","38901300","38901300","0","0","97","0","17","0","0","0","0","0","80","1","3000","0","0","1","500003","0","1","99","0","0","0","0","0","0","0","0","0","0","0"
"910004000","22","Water of favors(Coloseum Event)","720 HP Recovery","0","0","38901400","38901400","0","0","97","0","17","0","0","0","0","0","90","1","4000","0","0","1","500004","0","1","99","0","0","0","0","0","0","0","0","0","0","0"
"910005000","22","Water of bless(Coloseum Event)","1440 HP Recovery","0","0","38901500","38901500","0","0","97","0","17","0","0","0","0","0","100","1","10000","0","0","1","500005","0","1","99","0","0","0","0","0","0","0","0","0","0","0"
"910006000","22","Potion of spirit(Coloseum Event)","90 MP Recovery","0","0","38901600","38901600","0","0","97","0","17","0","0","0","0","0","22","1","100","0","0","1","500006","0","1","99","0","0","0","0","0","0","0","0","0","0","0"
"910007000","22","Potion of intelligence(Coloseum Event)","180 MP Recovery","0","0","38901700","38901700","0","0","97","0","17","0","0","0","0","0","24","1","200","0","0","1","500007","0","1","99","0","0","0","0","0","0","0","0","0","0","0"
"910008000","22","Potion of sagacity(Coloseum Event)","360 MP Recovery","0","0","38901800","38901800","0","0","97","0","17","0","0","0","0","0","26","1","300","0","0","1","500008","0","1","99","0","0","0","0","0","0","0","0","0","0","0"
"910009000","22","Potion of wisdom(Coloseum Event)","720 MP Recovery","0","0","38901900","38901900","0","0","97","0","17","0","0","0","0","0","28","1","400","0","0","1","500009","0","1","99","0","0","0","0","0","0","0","0","0","0","0"
"910010000","22","Potion of soul(Coloseum Event)","1440 MP Recovery","0","0","38902000","38902000","0","0","97","0","17","0","0","0","0","0","30","1","500","0","0","1","500010","0","1","99","0","0","0","0","0","0","0","0","0","0","0"
"910011000","22","Spell of lion strength(Coloseum Event)","Coloseum Event Item","0","0","38902300","38902300","0","0","97","0","17","0","0","0","0","0","10","1","2500","0","0","1","500011","0","1","99","0","0","0","0","0","0","0","0","0","0","0"
"910012000","22","Holy water","HP Recovery Potion","0","0","38901000","38901000","0","0","97","0","17","0","0","0","0","0","50","1","70","0","0","1","500012","0","1","99","0","0","0","0","0","0","0","0","0","0","0"
"910013000","22","Recommendation Item ","Recommendation Item","0","0","91001200","91001200","0","0","97","0","17","0","0","0","0","0","10","1","100","0","0","1","0","0","1","99","0","0","0","0","0","0","0","0","0","0","0"
"910014000","22","Kiss","Event Item","0","0","91001400","91001400","0","0","97","0","17","0","0","0","0","0","10","1","100","0","0","1","0","0","1","99","0","0","0","0","0","0","0","0","0","0","0"
"910015000","22","Recommendation Item ","Recommendation Item","0","0","91001200","91001200","0","0","97","0","17","0","0","0","0","0","10","1","100","0","0","1","0","0","1","99","0","0","0","0","0","0","0","0","0","0","0"
"910016000","22","bind item","Seige War item","0","0","91002300","91002300","0","0","97","0","17","0","0","0","0","0","10","1","100","0","0","1","0","0","1","99","0","0","0","0","0","0","0","0","0","0","0"
"910017000","22","Bulture Horn","Quest Item","0","0","91001700","91001700","0","0","95","0","15","0","0","0","0","0","1","1","50","0","0","1","0","0","1","99","0","0","0","0","0","0","0","0","0","0","0"
"910018000","22","Scroll of Seal","Quest Item","0","0","91001800","91001800","0","0","95","0","15","0","0","0","0","0","1","1","50","0","0","1","0","0","1","99","0","0","0","0","0","0","0","0","0","0","0"
"910019000","22","Zignon`s Will ","Quest Item","0","0","91001900","91001900","0","0","95","0","15","0","0","0","0","0","1","1","50","0","0","1","0","0","1","99","0","0","0","0","0","0","0","0","0","0","0"
"910020000","22","Fang of Wolf Man","Quest Item","0","0","91002000","91002000","0","0","95","0","15","0","0","0","0","0","1","1","50","0","0","1","0","0","1","99","0","0","0","0","0","0","0","0","0","0","0"
"910021000","22","Ork Talisman","Quest Item","0","0","91002100","91002100","0","0","95","0","15","0","0","0","0","0","1","1","50","0","0","1","0","0","1","99","0","0","0","0","0","0","0","0","0","0","0"
"910022000","22","Resurrection Scroll(50)","Recover 50% of the lost experience points","0","0","91002200","91002200","0","0","97","0","15","0","0","0","0","0","1","1","50","0","0","1","480002","0","1","99","0","0","0","0","0","0","0","0","0","0","0"
"910023000","22","Rabbit","Thanksgiving event item ","0","0","92002300","92002300","0","0","97","0","17","0","0","0","0","0","10","1","100","0","0","1","0","0","1","99","0","0","0","0","0","0","0","0","0","0","0"
"910031000","19","Christmas Cross","25-Dec-03","1","0","37913600","37913600","0","0","92","0","11","0","0","0","0","0","1","1","2500","0","0","0","0","0","1","99","0","0","0","0","0","0","0","0","0","0","0"
"910036000","22","Scale","Collection quest item","0","0","37915000","37915000","0","0","95","0","15","0","0","0","0","0","1","1","50","0","0","1","0","0","1","99","0","0","0","0","0","0","0","0","0","0","0"
"910037000","23","Good Fortune Fragrant Bag","","0","0","91003700","91003700","0","0","92","0","11","0","0","0","100","0","0","1","640","0","0","0","0","0","1","99","0","0","0","0","0","0","0","0","0","0","0"
"910038000","22","Certificate of Duel ","","0","0","91003800","91003800","0","0","95","0","17","0","0","0","0","0","10","1","1","0","0","1","0","0","1","99","0","0","0","0","0","0","0","0","0","0","0"
"910039000","22","Gem of bravery","","0","0","91003900","91003900","0","0","95","0","17","0","0","0","0","0","10","1","1","0","0","1","0","0","1","99","0","0","0","0","0","0","0","0","0","0","0"
"910040000","22","Reconnaissance Map","","0","0","91004000","91004000","0","0","95","0","17","0","0","0","0","0","10","1","1","0","0","1","0","0","1","99","0","0","0","0","0","0","0","0","0","0","0"
"910041000","22","Reconnaissance Report","","0","0","91004100","91004100","0","0","95","0","17","0","0","0","0","0","10","1","1","0","0","1","0","0","1","99","0","0","0","0","0","0","0","0","0","0","0"
"910042000","22","Bracelet of orc bandit","","0","0","91004200","91004200","0","0","95","0","17","0","0","0","0","0","10","1","1","0","0","1","0","0","1","99","0","0","0","0","0","0","0","0","0","0","0"
"910043000","22","Silver cross","","0","0","91004300","91004300","0","0","95","0","17","0","0","0","0","0","10","1","1","0","0","0","0","0","1","99","0","0","0","0","0","0","0","0","0","0","0"
"910044000","22","Reconnaissance Order","","0","0","91004100","91004100","0","0","95","0","17","0","0","0","0","0","10","1","1","0","0","0","0","0","1","99","0","0","0","0","0","0","0","0","0","0","0"
"910045000","22","Brain of Centaur ","","0","0","91004500","91004500","0","0","95","0","17","0","0","0","0","0","10","1","1","0","0","0","0","0","1","99","0","0","0","0","0","0","0","0","0","0","0"
"910050000","22","Order of seven key","Level 50 Quest order","0","0","91005000","91005000","0","0","95","0","15","0","0","0","0","0","1","1","1","0","0","0","0","0","1","99","0","0","0","0","0","0","0","0","0","0","0"
"910051000","22","First key","Confusion","0","0","91005100","91005100","0","0","95","0","15","0","0","0","0","0","1","1","1","0","0","0","0","0","1","99","0","0","0","0","0","0","0","0","0","0","0"
"910052000","22","Second key","Light","0","0","91005100","91005100","0","0","95","0","15","0","0","0","0","0","1","1","1","0","0","0","0","0","1","99","0","0","0","0","0","0","0","0","0","0","0"
"910053000","22","Third key","Darkness","0","0","91005100","91005100","0","0","95","0","15","0","0","0","0","0","1","1","1","0","0","0","0","0","1","99","0","0","0","0","0","0","0","0","0","0","0"
"910054000","22","Forth key","Fear","0","0","91005100","91005100","0","0","95","0","15","0","0","0","0","0","1","1","1","0","0","0","0","0","1","99","0","0","0","0","0","0","0","0","0","0","0"
"910055000","22","Fifth key","Greed","0","0","91005100","91005100","0","0","95","0","15","0","0","0","0","0","1","1","1","0","0","0","0","0","1","99","0","0","0","0","0","0","0","0","0","0","0"
"910056000","22","Sixth Key","Hatred","0","0","91005100","91005100","0","0","95","0","15","0","0","0","0","0","1","1","1","0","0","0","0","0","1","99","0","0","0","0","0","0","0","0","0","0","0"
"910057000","22","Seventh key","Life","0","0","91005100","91005100","0","0","95","0","15","0","0","0","0","0","1","1","1","0","0","0","0","0","1","99","0","0","0","0","0","0","0","0","0","0","0"
"910065000","22","Ester Chest","Quest Item","0","0","91006500","91006500","0","0","95","0","15","0","0","0","0","0","1","1","50","0","0","1","0","0","1","99","0","0","0","0","0","0","0","0","0","0","0"
"910066000","22","Secret Sword","Quest Item","0","0","91006600","91006600","0","0","95","0","15","0","0","0","0","0","1","1","50","0","0","1","0","0","1","99","0","0","0","0","0","0","0","0","0","0","0"
"910074000","10","King's Sceptor","Item to symbolize a King","1","0","91009200","91009200","330","341","110","0","0","0","0","0","200","10","30","12000","120000","0","0","0","0","0","1","99","1","0","0","0","0","0","0","0","0","0","0"
"910075000","7","Lataino Monster Weapon","","0","0","91007400","91007400","310","301","51","0","1","0","0","82","129","20","150","7000","746801","0","0","0","0","0","64","99","0","0","178","90","0","0","0","0","0","0","0"
"910076000","22","Symbol of Gladiator[10 ea]","Increase additional 70% Experience for 1 hour","0","0","81006000","81006000","0","0","255","0","15","20","0","0","0","0","1","10","2000","0","0","0","500132","0","1","50","0","0","0","0","0","0","0","0","0","0","0"
"910080000","22","Love Letter","Quest Item for Love Agent Quest","0","0","91008000","91008000","0","0","95","0","15","0","0","0","0","0","1","1","50","0","0","1","0","0","1","99","0","0","0","0","0","0","0","0","0","0","0"
"910081000","22","Telegram","Royal Guard quest item","0","0","91008100","91008100","0","0","95","0","15","0","0","0","0","0","1","1","50","0","0","1","0","0","1","99","0","0","0","0","0","0","0","0","0","0","0"
"910082000","22","Asga Fruit","Clarence quest item","0","0","91008200","91008200","0","0","95","0","15","0","0","0","0","0","1","1","50","0","0","1","0","0","1","99","0","0","0","0","0","0","0","0","0","0","0"
"910083000","22","Cardinal Jewel ","Clarence quest item","0","0","91008300","91008300","0","0","95","0","15","0","0","0","0","0","1","1","50","0","0","1","0","0","1","99","0","0","0","0","0","0","0","0","0","0","0"
"910084000","22","Secret Scroll of Dark Lunar","Advisor quest item","0","0","91008400","91008400","0","0","95","0","15","0","0","0","0","0","1","1","50","0","0","1","0","0","1","99","0","0","0","0","0","0","0","0","0","0","0"
"910085000","22","Secret Scroll of Lunar","Advisor quest item","0","0","91008500","91008500","0","0","95","0","15","0","0","0","0","0","1","1","50","0","0","1","0","0","1","99","0","0","0","0","0","0","0","0","0","0","0"
"910086000","22","BBQ Dish","Lunar Gate Guard quest item ","0","0","91008600","91008600","0","0","95","0","15","0","0","0","0","0","1","1","50","0","0","1","0","0","1","99","0","0","0","0","0","0","0","0","0","0","0"
"910087000","22","Ring","Eslant Woman quest item","0","0","91008700","91008700","0","0","95","0","15","0","0","0","0","0","1","1","50","0","0","1","0","0","1","99","0","0","0","0","0","0","0","0","0","0","0"
"910089000","22","Instrument","Unnamed Warrior quest item","0","0","91008900","91008900","0","0","95","0","15","0","0","0","0","0","1","1","50","0","0","1","0","0","1","99","0","0","0","0","0","0","0","0","0","0","0"
"910090000","22","El Morad Symbol ","Drake quest item","0","0","91009000","91009000","0","0","95","0","15","0","0","0","0","0","1","1","50","0","0","1","0","0","1","99","0","0","0","0","0","0","0","0","0","0","0"
"910091000","22","Karus Symbol ","Drake quest item","0","0","91009100","91009100","0","0","95","0","15","0","0","0","0","0","1","1","50","0","0","1","0","0","1","99","0","0","0","0","0","0","0","0","0","0","0"
"910092000","22","Branch of a Wooden Ghost","Quest item","0","0","91009200","91009200","0","0","95","0","0","0","0","0","0","0","1","1","50","0","0","0","0","0","1","99","0","0","0","0","0","0","0","0","0","0","0"
"910093000","23","Beef Event Dagger","","1","0","91009300","91009300","14","301","11","0","0","0","0","110","109","10","100","3000","100000","2","0","0","0","0","1","99","0","0","0","0","100","0","0","0","0","0","0"
"910094000","23","Beef Event One-Handed Spear","","1","0","91009400","91009400","310","301","51","0","1","0","0","120","129","20","100","3000","100000","2","0","0","0","0","1","99","0","0","100","0","0","0","0","0","0","0","0"
"910095000","23","Beef Event Two-Handed Spear","","1","0","91009500","91009500","310","301","52","0","3","0","0","180","164","20","100","3000","100000","2","0","0","0","0","1","99","0","0","120","0","0","0","0","0","0","0","0"
"910096000","23","Beef Event Staff","","1","0","91009500","91009500","330","341","110","0","3","0","0","130","200","10","100","3000","100000","2","0","0","0","0","1","99","0","0","0","0","0","100","0","0","0","0","0"
"910097000","23","Beef Event Priest Club","","1","0","91009300","91009300","330","341","41","0","0","0","0","150","119","10","100","3000","100000","2","0","0","0","0","1","99","0","0","70","0","0","70","0","0","0","0","0"
"910098000","23","Beef Event Shield","","1","0","17121000","17121000","0","0","60","0","2","0","0","0","100","20","100","3000","100000","2","300","0","0","0","1","99","0","0","70","0","0","0","0","0","0","0","0"
"910099000","23","Beef Event Bow","","1","0","16841000","16841000","0","0","70","0","4","0","0","130","150","400","100","3000","100000","2","0","0","0","0","1","99","0","0","0","0","100","0","0","0","0","0","0"
"910100000","22","Certificate of Arrogance","Quest item","0","0","38916800","38916800","0","0","97","0","17","0","0","0","0","0","1","1","1000","0","0","1","0","0","1","99","0","0","0","0","0","0","0","0","0","0","0"
"910101000","22","Certificate of Gluttony","Quest item","0","0","38916900","38916900","0","0","97","0","17","0","0","0","0","0","1","1","2000","0","0","1","0","0","1","99","0","0","0","0","0","0","0","0","0","0","0"
"910102000","22","Certificate of Rage","Quest item","0","0","38917000","38917000","0","0","97","0","17","0","0","0","0","0","1","1","3000","0","0","1","0","0","1","99","0","0","0","0","0","0","0","0","0","0","0"
"910103000","22","Certificate of Sloth","Quest item","0","0","38917100","38917100","0","0","97","0","17","0","0","0","0","0","1","1","4000","0","0","1","0","0","1","99","0","0","0","0","0","0","0","0","0","0","0"
"910104000","22","Certificate of Lechery","Quest item","0","0","38917200","38917200","0","0","97","0","17","0","0","0","0","0","1","1","5000","0","0","1","0","0","1","99","0","0","0","0","0","0","0","0","0","0","0"
"910105000","22","Certificate of Jealousy","Quest item","0","0","38917300","38917300","0","0","97","0","17","0","0","0","0","0","1","1","6000","0","0","1","0","0","1","99","0","0","0","0","0","0","0","0","0","0","0"
"910106000","22","Certificate of Avarice","Quest item","0","0","38917400","38917400","0","0","97","0","17","0","0","0","0","0","1","1","7000","0","0","1","0","0","1","99","0","0","0","0","0","0","0","0","0","0","0"
"910107000","22","Vegetable Dumpling","Increases max MP by 1200 for 1 hour","0","0","37914700","37914700","0","0","255","0","15","0","0","0","0","0","10","5","50","0","0","0","503005","0","1","99","0","0","0","0","0","0","0","0","0","0","0"
"910108000","22","Vegetable Dumpling","Increases max MP by 1200 for 1 hour","0","0","37914800","37914800","0","0","255","0","15","0","0","0","0","0","10","5","50","0","0","0","503006","0","1","99","0","0","0","0","0","0","0","0","0","0","0"
"910109000","22","Vegetable Dumpling","Increases max MP by 1200 for 1 hour","0","0","37914900","37914900","0","0","255","0","15","0","0","0","0","0","10","5","50","0","0","0","503007","0","1","99","0","0","0","0","0","0","0","0","0","0","0"
"910110000","22","New Year's Candy","Candy","0","0","91011000","91011000","0","0","255","0","15","0","0","0","0","0","10","10","100000","0","0","0","503003","0","1","99","0","0","0","0","0","0","0","0","0","0","0"
"910114000","22","Haste Potion","Increases mobility speed by 150%","0","0","80001500","80001500","0","0","255","0","15","0","0","0","0","0","1","1","2000","0","0","0","500057","0","1","99","0","0","0","0","0","0","0","0","0","0","0"
"910115000","22","Maximum HP Increase Potion (for quests)","","0","0","38905900","38905900","0","0","255","0","15","0","0","0","0","0","1","5","2000","0","0","0","500058","0","1","99","0","0","0","0","0","0","0","0","0","0","0"
"910116000","22","Maximum MP Increase Potion (for quests)","","0","0","38905600","38905600","0","0","255","0","15","0","0","0","0","0","1","5","2000","0","0","0","500059","0","1","99","0","0","0","0","0","0","0","0","0","0","0"
"910117000","22","Proof of Orc Bandit Boss","","0","0","91011700","91011700","0","0","95","0","17","0","0","0","0","0","0","1","30000","0","0","0","0","0","1","99","0","0","0","0","0","0","0","0","0","0","0"
"910118000","22","Kekoon Armor","","0","0","91011800","91011800","0","0","95","0","17","0","0","0","0","0","0","1","1","0","0","1","0","0","1","99","0","0","0","0","0","0","0","0","0","0","0"
"910119000","0","Dagger of <selfname>","","1","0","11121000","11121000","14","301","11","0","0","0","0","66","109","10","20","6000","309026","0","0","0","0","0","1","99","0","0","0","0","200","0","0","0","3","0","0"
"910120000","2","Two-handed Sword of <selfname>","","1","0","12641000","12641000","14","301","22","0","3","0","0","134","139","15","100","5000","373467","0","0","0","0","0","1","99","0","0","200","0","0","0","0","0","3","0","0"
"910121000","7","Spear of <selfname>","","1","0","15121000","15121000","310","301","51","0","1","0","0","82","129","20","65","7000","373400","0","0","0","0","0","1","99","0","0","200","0","0","0","0","0","3","0","0"
"910122000","9","Bow of <selfname>","","1","0","16841000","16841000","0","0","70","0","4","0","2","93","150","400","40","5000","191899","0","0","0","0","0","1","99","0","0","0","0","200","0","0","0","3","0","0"
"910123000","10","Staff of <selfname>","","1","0","18051000","18051000","330","341","110","0","3","0","0","85","200","10","30","5000","373758","0","0","0","0","0","1","99","0","0","0","0","0","100","150","0","3","0","0"
"910124000","10","Pole of <selfname>","","1","0","18051000","18051000","330","341","110","0","3","0","0","55","200","10","30","5000","373758","0","0","0","0","0","1","99","0","0","0","0","0","150","100","0","3","0","0"
"910125000","11","Mace of <selfname>","","1","0","14111000","14111000","330","341","41","0","0","0","0","95","119","10","60","10000","351442","0","0","0","0","0","1","99","0","0","100","0","0","150","0","0","3","0","0"
"910126000","12","Shield of <selfname>","","1","0","17151000","17151000","0","0","60","0","2","0","0","0","100","20","200","9000","84974","0","195","0","0","0","1","99","0","0","94","0","0","0","0","0","3","0","0"
"910127000","22","Book of Suffering","","0","0","91005000","91005000","0","0","95","0","15","0","0","0","0","0","1","1","1","0","0","0","0","0","1","99","0","0","0","0","0","0","0","0","0","0","0"
"910128000","22","First Certificate of Suffering","","0","0","91012800","91012800","0","0","95","0","15","0","0","0","0","0","1","1","1","0","0","0","0","0","1","99","0","0","0","0","0","0","0","0","0","0","0"
"910129000","22","Second Certificate of Suffering","","0","0","91012800","91012800","0","0","95","0","15","0","0","0","0","0","1","1","1","0","0","0","0","0","1","99","0","0","0","0","0","0","0","0","0","0","0"
"910130000","22","Third Certificate of Suffering","","0","0","91012800","91012800","0","0","95","0","15","0","0","0","0","0","1","1","1","0","0","0","0","0","1","99","0","0","0","0","0","0","0","0","0","0","0"
"910131000","22","Fourth Certificate of Suffering","","0","0","91012800","91012800","0","0","95","0","15","0","0","0","0","0","1","1","1","0","0","0","0","0","1","99","0","0","0","0","0","0","0","0","0","0","0"
"910132000","22","Fifth Certificate of Suffering","","0","0","91012800","91012800","0","0","95","0","15","0","0","0","0","0","1","1","1","0","0","0","0","0","1","99","0","0","0","0","0","0","0","0","0","0","0"
"910133000","22","Sixth Certificate of Suffering","","0","0","91012800","91012800","0","0","95","0","15","0","0","0","0","0","1","1","1","0","0","0","0","0","1","99","0","0","0","0","0","0","0","0","0","0","0"
"910134000","22","Seventh Certificate of Suffering","","0","0","91012800","91012800","0","0","95","0","15","0","0","0","0","0","1","1","1","0","0","0","0","0","1","99","0","0","0","0","0","0","0","0","0","0","0"
"910135000","22","Grape Ripper's Certificate","","0","0","91013500","91013500","0","0","95","0","15","0","0","0","0","0","0","1","30000","0","0","0","0","0","1","99","0","0","0","0","0","0","0","0","0","0","0"
"910136000","22","Devil's Marble","","0","0","91013600","91013600","0","0","95","0","15","0","0","0","0","0","0","1","30000","0","0","0","0","0","1","99","0","0","0","0","0","0","0","0","0","0","0"
"910137000","22","Filtered Water of Evil","","0","0","38908300","38908300","0","0","95","0","15","0","0","0","0","0","0","1","30000","0","0","1","0","0","1","99","0","0","0","0","0","0","0","0","0","0","0"
"910138000","22","Certificate of Hunting","","0","0","37000900","37000900","0","0","95","0","15","0","0","0","0","0","0","1","30000","0","0","1","0","0","1","99","0","0","0","0","0","0","0","0","0","0","0"
"910139000","22","Scroll of Armor 300","","0","0","80001000","80001000","0","0","255","0","15","0","0","0","0","0","1","1","2000","0","300","0","500060","0","30","99","0","0","0","0","0","0","0","0","0","0","0"
"910140000","22","HP Scroll 1500","","0","0","80001300","80001300","0","0","255","0","15","0","0","0","0","0","1","1","2000","0","0","0","500061","0","40","99","0","0","0","0","0","0","0","0","0","0","0"
"910141000","22","Scroll of Attack","","0","0","80001400","80001400","0","0","255","0","15","0","0","0","0","0","1","1","2000","0","0","0","500062","0","1","99","0","0","0","0","0","0","0","0","0","0","0"
"910142000","22","Haste Potion","","0","0","80001500","80001500","0","0","255","0","15","0","0","0","0","0","1","1","2000","0","0","0","500063","0","1","99","0","0","0","0","0","0","0","0","0","0","0"
"910143000","22","Logos's Shout","Shout displayed to all servers","0","0","80007500","80007500","0","0","255","0","15","0","0","0","0","0","1","5","2000","0","0","0","504007","0","1","99","0","0","0","0","0","0","0","0","0","0","0"
"910144000","24","Dagger of <selfname>","","1","0","11121000","11121000","14","301","11","0","0","0","0","66","109","10","20","6000","309026","0","0","0","0","0","1","99","0","0","0","0","200","0","0","0","5","0","0"
"910145000","26","Two-handed Sword of <selfname>","","1","0","12641000","12641000","14","301","22","0","3","0","0","134","139","15","100","5000","373467","0","0","0","0","0","1","99","0","0","200","0","0","0","0","0","5","0","0"
"910146000","31","Spear of <selfname>","","1","0","15121000","15121000","310","301","51","0","1","0","0","82","129","20","65","7000","373400","0","0","0","0","0","1","99","0","0","200","0","0","0","0","0","5","0","0"
"910147000","33","Bow of <selfname>","","1","0","16841000","16841000","0","0","70","0","4","0","2","93","150","400","40","5000","191899","0","0","0","0","0","1","99","0","0","0","0","200","0","0","0","5","0","0"
"910148000","34","Staff of <selfname>","","1","0","18051000","18051000","330","341","110","0","3","0","0","85","200","10","30","5000","373758","0","0","0","0","0","1","99","0","0","0","0","0","100","150","0","5","0","0"
"910149000","34","Pole of <selfname>","","1","0","18051000","18051000","330","341","110","0","3","0","0","55","200","10","30","5000","373758","0","0","0","0","0","1","99","0","0","0","0","0","150","100","0","5","0","0"
"910150000","35","Mace of <selfname>","","1","0","14111000","14111000","330","341","41","0","0","0","0","95","119","10","60","10000","351442","0","0","0","0","0","1","99","0","0","100","0","0","150","0","0","5","0","0"
"910151000","36","Shield of <selfname>","","1","0","17151000","17151000","0","0","60","0","2","0","0","0","100","20","200","9000","84974","0","195","0","0","0","1","99","0","0","94","0","0","0","0","0","5","0","0"
"910152000","22","Recommendation","Quest item","0","0","91004100","91004100","0","0","95","0","15","0","0","0","0","0","0","1","10","0","0","1","0","0","1","99","0","0","0","0","0","0","0","0","0","0","0"
"910153000","18","Mage Earring","","1","0","31031000","31031000","0","0","91","0","10","0","0","0","0","0","3","1","1","0","0","0","0","0","1","99","0","0","0","0","0","0","0","0","0","0","0"
"910154000","18","Mercenary Earring","","1","0","31041000","31041000","0","0","91","0","10","0","0","0","0","0","3","1","1","0","0","0","0","0","1","99","0","0","0","0","0","0","0","0","0","0","0"
"910155000","18","Assassin Earring","","1","0","31051000","31051000","0","0","91","0","10","0","0","0","0","0","3","1","1","0","0","0","0","0","1","99","0","0","0","0","0","0","0","0","0","0","0"
"910156000","18","Priest Earring","","1","0","31061000","31061000","0","0","91","0","10","0","0","0","0","0","3","1","1","0","0","0","0","0","1","99","0","0","0","0","0","0","0","0","0","0","0"
"910157000","19","Mercenary Pendant","","1","0","32031000","32031000","0","0","92","0","11","0","0","0","0","0","3","1","1","0","0","0","0","0","1","99","0","0","0","0","0","0","0","0","0","0","0"
"910158000","19","Messenger Pendant","","1","0","32041000","32041000","0","0","92","0","11","0","0","0","0","0","3","1","1","0","0","0","0","0","1","99","0","0","0","0","0","0","0","0","0","0","0"
"910159000","19","Cleric Pendant","","1","0","32051000","32051000","0","0","92","0","11","0","0","0","0","0","3","1","1","0","0","0","0","0","1","99","0","0","0","0","0","0","0","0","0","0","0"
"910160000","21","Body Belt","","1","0","34031000","34031000","0","0","94","0","14","0","0","0","0","0","3","1","1","0","0","0","0","0","1","99","0","0","0","0","0","0","0","0","0","0","0"
"910161000","20","Messenger Ring","","1","0","33031000","33031000","0","0","93","0","12","0","0","0","0","0","3","1","1","0","0","0","0","0","1","99","0","0","0","0","0","0","0","0","0","0","0"
"910162000","20","Mercenary Ring","","1","0","33041000","33041000","0","0","93","0","12","0","0","0","0","0","3","1","1","0","0","0","0","0","1","99","0","0","0","0","0","0","0","0","0","0","0"
"910163000","20","Assassin Ring","","1","0","33051000","33051000","0","0","93","0","12","0","0","0","0","0","3","1","1","0","0","0","0","0","1","99","0","0","0","0","0","0","0","0","0","0","0"
"910164000","20","Priest Ring","","1","0","33061000","33061000","0","0","93","0","12","0","0","0","0","0","3","1","1","0","0","0","0","0","1","99","0","0","0","0","0","0","0","0","0","0","0"
"910165000","22","Wolfman's Toe Nail","Quest item","0","0","91016500","91016500","0","0","95","0","15","0","0","0","0","0","1","1","50","0","0","1","0","0","1","99","0","0","0","0","0","0","0","0","0","0","0"
"910166000","22","Letter of Nusram's Heart","Giddy anticipation of the beginning of Nusram's love","0","0","91003800","91003800","0","0","95","0","15","0","0","0","0","0","1","1","50","0","0","1","0","0","1","99","0","0","0","0","0","0","0","0","0","0","0"
"910167000","22","Klasras's Reply","Reply to Klasras's giddiness","0","0","91004000","91004000","0","0","95","0","15","0","0","0","0","0","1","1","50","0","0","1","0","0","1","99","0","0","0","0","0","0","0","0","0","0","0"
"910168000","22","Ring of Nusram's Love","Darling, I want assurance. Can I love you?","0","0","34062000","34062000","0","0","95","0","15","0","0","0","0","0","1","1","50","0","0","1","0","0","1","99","0","0","0","0","0","0","0","0","0","0","0"
"910169000","22","Klasras's Ring","I wish to wash away this sin that cannot be cleansed with a kiss on your white neck.","0","0","32061000","32061000","0","0","95","0","15","0","0","0","0","0","1","1","50","0","0","1","0","0","1","99","0","0","0","0","0","0","0","0","0","0","0"
"910170000","22","Letter of Klasras's Heart","Giddy anticipation of the beginning of Klasras's love","0","0","91003800","91003800","0","0","95","0","15","0","0","0","0","0","1","1","50","0","0","1","0","0","1","99","0","0","0","0","0","0","0","0","0","0","0"
"910171000","22","Nusram's Reply","Reply to Nusram's giddiness","0","0","91004000","91004000","0","0","95","0","15","0","0","0","0","0","1","1","50","0","0","1","0","0","1","99","0","0","0","0","0","0","0","0","0","0","0"
"910172000","22","Ring of Klasras's Love","Darling, I want assurance. Can I love you?","0","0","34062000","34062000","0","0","95","0","15","0","0","0","0","0","1","1","50","0","0","1","0","0","1","99","0","0","0","0","0","0","0","0","0","0","0"
"910173000","22","Nusram's Amulet","I wish to kiss this chaste love on your white neck.","0","0","32061000","32061000","0","0","95","0","15","0","0","0","0","0","1","1","50","0","0","1","0","0","1","99","0","0","0","0","0","0","0","0","0","0","0"
"910180000","22","El Moradon Castle Intro","퀘스트 아이템","0","0","91004100","91004100","0","0","95","0","15","0","0","0","0","0","0","1","10","0","0","1","0","0","0","100","0","0","0","0","0","0","0","0","0","0","0"
"910181000","22","Karus Intro","퀘스트 아이템","0","0","91004100","91004100","0","0","95","0","15","0","0","0","0","0","0","1","10","0","0","1","0","0","0","100","0","0","0","0","0","0","0","0","0","0","0"
"910182000","22","Arrdream Intro","퀘스트 아이템","0","0","91004100","91004100","0","0","95","0","15","0","0","0","0","0","0","1","10","0","0","1","0","0","0","100","0","0","0","0","0","0","0","0","0","0","0"
"910183000","22","Ronark Land Intro","퀘스트 아이템","0","0","91004100","91004100","0","0","95","0","15","0","0","0","0","0","0","1","10","0","0","1","0","0","0","100","0","0","0","0","0","0","0","0","0","0","0"
"910184000","22","Armor Distribution","퀘스트 아이템","0","0","91004100","91004100","0","0","95","0","15","0","0","0","0","0","0","1","10","0","0","1","0","0","0","100","0","0","0","0","0","0","0","0","0","0","0"
"910185000","22","Full Plate Armor Distribution","퀘스트 아이템","0","0","91004100","91004100","0","0","95","0","15","0","0","0","0","0","0","1","10","0","0","1","0","0","0","100","0","0","0","0","0","0","0","0","0","0","0"
"910186000","22","Palace Guard Armor Distribution","퀘스트 아이템","0","0","91004100","91004100","0","0","95","0","15","0","0","0","0","0","0","1","10","0","0","1","0","0","0","100","0","0","0","0","0","0","0","0","0","0","0"
"910187000","22","Moradon Intro","퀘스트 아이템","0","0","91004100","91004100","0","0","95","0","15","0","0","0","0","0","0","1","10","0","0","1","0","0","0","100","0","0","0","0","0","0","0","0","0","0","0"
"920031000","21","Candy Cane Belt","2006 Christmas Anniversary Belt","1","0","92003100","92003100","0","0","94","0","14","0","0","0","0","0","1","1","2500","0","0","0","0","0","1","99","0","0","0","0","0","0","0","0","0","0","0"
"930031000","19","Christmas Cross","2006 Christmas Anniversary Pendant","1","0","37913600","37913600","0","0","92","0","11","20","0","0","0","0","1","1","2500","0","0","0","0","0","1","99","0","0","0","0","0","0","0","0","0","0","0"
"989511000","22","수련의 약속","35레벨이 되면 빌보르가|수련의 약속에 대한 아이템을 줍니다.","0","0","91004100","91004100","0","0","95","0","15","0","0","0","0","0","0","1","10","0","0","1","0","0","0","100","0","0","0","0","0","0","0","0","0","0","0"
