"1 - UInt32","2 - String","3 - String","4 - String","5 - Int32","6 - Int32","7 - Int32","8 - Int32","9 - Int32","10 - Int32","11 - Int32","12 - Int32","13 - Int32","14 - Int32","15 - Int32","16 - Int32","17 - Int32","18 - Int32","19 - Int32","20 - UInt32","21 - UInt32","22 - Int32","23 - Int32","24 - Single","25 - Single","26 - Int32","27 - UInt32","28 - UInt32","29 - Int32","30 - Int32","31 - UInt32","32 - Int32","33 - UInt32"
"101001","스프린트","Sprint","Temporarily incrases your running speed","24","0","0","2701","-1","0","0","0","10029","-1","1","1","1010","5","0","9","0","0","60","0","0","100","4","0","0","0","0","1","101001"
"101003","슬래쉬","slash","Inflict 120% damage","26","0","0","2601","12","0","0","0","10002","-1","7","3","1010","4","0","0","0","0","31","0","0","100","1","0","0","0","0","3","101003"
"101005","크래쉬","Crash","Increases your chances of succeeding an attack by 1.5 times","24","0","0","2601","12","0","0","0","10002","-1","7","5","1010","4","0","0","0","0","31","0","0","100","1","0","0","0","0","5","101005"
"101007","디펜스","Defense","Temporarily increases your defense","24","0","0","2701","-1","0","0","0","701","-1","1","7","1010","4","0","9","0","0","100","0","0","100","4","0","0","0","0","7","101007"
"101009","피어싱","Piercing","Increases your chances of succeeding an attack by 2 times","26","0","0","2601","12","0","0","0","10002","-1","7","9","1010","4","0","0","0","0","31","0","0","100","1","0","0","0","0","9","101009"
"101010","위핑","whipping","Temporarily incrases your running speed","24","0","0","2701","-1","0","0","0","10029","-1","1","1","1019","5","0","9","0","0","300","0","0","100","4","0","0","0","0","1","101010"
"102001","스프린트","Sprint","Temporarily incrases your running speed","24","0","0","2701","-1","0","0","0","10029","-1","1","1","1020","5","0","9","0","0","60","0","0","100","4","0","0","0","0","1","101001"
"102003","아쳐리","Archery","Use a bow to shoot arrows. ","26","0","0","500","12","0","0","532","551","0","7","3","1020","0","0","7","391010000","13","0","0","0","100","2","0","0","0","0","3","102003"
"102005","단검 찌르기","Stab","Use a dagger to inflict 150% damage","26","0","0","2601","12","0","0","0","10002","-1","7","5","1020","5","0","1","0","0","52","0","0","100","1","0","0","0","0","5","102005"
"102006","위핑","whipping","Temporarily incrases your running speed","24","0","0","2701","-1","0","0","0","10029","-1","1","1","1029","5","0","9","0","0","300","0","0","100","4","0","0","0","0","1","101010"
"103001","플레쉬","Flash","Use magic shocks to attack the enemy","16","0","0","2601","12","0","0","0","101","0","7","1","1030","4","0","9","0","15","43","0","0","50","3","0","25","0","0","1","103001"
"103003","쉬버","Shiver","Continuous attack done for a set period of time ","16","0","0","2601","12","0","0","0","201","-1","7","3","1030","5","0","9","0","15","43","0","0","50","3","0","25","0","0","3","103003"
"103005","프레임","Flame","Burn your enemy with flames","16","0","0","2101","2","0","0","0","101","0","7","5","1030","5","0","9","0","15","43","0","0","50","3","0","25","0","0","5","103005"
"103007","콜드 웨이브","Cold wave","An Glacier attack that slows down your enemy for a set period of time","16","0","0","2201","2","0","0","0","201","0","7","7","1030","5","0","9","0","15","43","0","0","50","3","4","25","0","0","7","103007"
"103009","스파크","Spark","Spark Lightningity on your enemy. It also has an added effect of neutralizing magic attacks.","16","0","0","2301","2","0","0","0","301","0","7","9","1030","7","0","9","0","15","43","0","0","50","3","0","25","0","0","9","103009"
"103010","위핑","whipping","Temporarily incrases your running speed","24","0","0","2701","-1","0","0","0","10029","-1","1","1","1039","5","0","9","0","0","300","0","0","100","4","0","0","0","0","1","101010"
"104001","티니 힐링","Tiny healing","Heal 15 HP","17","0","0","2601","7012","0","0","0","601","-1","2","1","1040","5","0","9","0","19","0","0","0","80","3","0","25","0","0","1","104001"
"104002","라이트 스트라이크","Light strike","Light magic attack","16","0","0","3101","12","0","0","0","1101","0","7","2","1040","5","0","9","0","15","54","0","0","50","3","0","25","0","0","2","104002"
"104004","스트랭스","Strength","Increase 15 Strength","18","0","0","2601","7012","0","0","0","601","-1","2","4","1040","10","0","9","0","15","0","0","0","50","4","0","25","0","0","4","104004"
"104005","라이트 힐링","Light healing","Heal 30 HP","17","0","0","2601","7012","0","0","0","601","-1","2","5","1040","10","0","9","0","19","0","0","0","80","3","0","25","0","0","5","104005"
"104006","레지스트 포이즌","Resist poison","Increase resistance to poison by 20","18","0","0","2701","-1","0","0","0","701","-1","2","6","1040","10","0","9","0","15","0","0","0","50","4","0","25","0","0","6","104006"
"104007","브라이트니스","Brightness","Light magic attack","16","0","0","3101","12","0","0","0","1101","0","7","7","1040","10","0","9","0","15","54","0","0","50","3","0","25","0","0","7","104007"
"104008","티니 리스토어","Tiny restore","Heal 50 HP for 20 seconds","17","0","0","2601","7012","0","0","0","601","-1","2","8","1040","15","0","9","0","19","0","0","0","80","3","0","25","0","0","8","104008"
"104009","위핑","whipping","Temporarily incrases your running speed","24","0","0","2701","-1","0","0","0","10029","-1","1","1","1049","5","0","9","0","0","300","0","0","100","4","0","0","0","0","1","101010"
"104010","라이트 어택","Light Attack","Light magic attack","16","0","0","3101","12","0","0","0","1101","0","7","18","1040","50","0","9","0","15","52","0","0","80","3","0","15","0","0","18","104010"
"104011","라이트 카운터","Light Counter","Light magic attack","16","0","0","3101","12","0","0","0","1101","0","7","24","1040","100","0","9","0","15","54","0","0","80","3","0","15","0","0","24","104011"
"104012","크리티컬 라이트","Critical Light","Light magic attack","16","0","0","3101","12","0","0","0","1101","0","7","33","1040","150","0","9","0","15","54","0","0","80","3","0","15","0","0","33","104012"
"105001","스프린트","Sprint","Temporarily increases your running speed","24","0","0","2701","-1","0","0","0","10029","-1","1","1","1050","5","0","9","0","0","60","0","0","100","4","0","0","0","0","1","101001"
"105003","슬래쉬","Slash","Inflict 120% damage","26","0","0","2601","12","0","0","0","10002","-1","7","3","1050","4","0","0","0","0","31","0","0","100","1","0","0","0","0","3","101003"
"105005","크래쉬","Crash","Increases your chances of succeeding an attack by 1.5 times","24","0","0","2601","12","0","0","0","10002","-1","7","5","1050","4","0","0","0","0","31","0","0","100","1","0","0","0","0","5","101005"
"105007","디펜스","Defense","Temporarily increases your defense","24","0","0","2701","-1","0","0","0","701","-1","1","7","1050","4","0","9","0","0","100","0","0","100","4","0","0","0","0","7","101007"
"105009","피어싱","Piercing","Increases your chances of succeeding an attack by 2 times","26","0","0","2601","12","0","0","0","10002","-1","7","9","1050","4","0","0","0","0","31","0","0","100","1","0","0","0","0","9","101009"
"105010","위핑","whipping","Temporarily incrases your running speed","24","0","0","2701","-1","0","0","0","10029","-1","1","1","1059","5","0","9","0","0","300","0","0","100","4","0","0","0","0","1","101010"
"105500","해쉬","Hash","30 additional damage that are uneffected by the opponent's defense ability","26","0","0","2601","12","0","0","0","10002","-1","7","0","1055","10","0","0","0","0","31","0","0","100","1","0","0","0","0","0","105500"
"105505","후드 윙크","Hoodwink","Inflict 150% damage","26","0","0","2601","12","0","0","0","10002","-1","7","5","1055","30","0","0","0","0","5","0","0","100","1","0","0","0","0","5","105505"
"105510","쉬어","Shear","50 additional damage that are uneffected by the opponent's defense ability","26","0","0","2601","12","0","0","0","10002","-1","7","10","1055","20","0","0","0","0","31","0","0","100","1","0","0","0","0","10","105510"
"105515","피어스","Pierce","Inflict 100% damage with no chance of failure","26","0","0","2601","12","0","0","0","10002","-1","7","15","1055","60","0","0","0","0","5","0","0","100","1","0","0","0","0","15","105515"
"105520","레그 커팅","Leg cutting","Slows down your enemy","26","0","0","2601","12","0","0","0","10002","-1","7","20","1055","84","0","0","0","0","51","0","0","100","1","4","0","0","0","20","105520"
"105525","카빙","Carving","Inflict 200% damage ","26","0","0","2601","12","0","0","0","10002","-1","7","25","1055","90","0","0","0","0","5","0","0","100","1","0","0","0","0","25","105525"
"105530","세버","Sever","100 additional damage that are uneffected by the opponent's defense ability","26","0","0","2601","12","0","0","0","10002","-1","7","30","1055","40","0","0","0","0","31","0","0","100","1","0","0","0","0","30","105530"
"105535","프릭","Prick","Inflict 150% damage with no chance of failure","26","0","0","2601","12","0","0","0","10002","-1","7","35","1055","120","0","0","0","0","5","0","0","100","1","0","0","0","0","35","105535"
"105540","멀티플 쇼크","Multiple shock","Inflict 150% damage and 50 additional damage","26","0","0","2601","12","0","0","0","10002","-1","7","40","1055","60","0","0","0","0","31","0","0","100","1","0","0","0","0","40","105540"
"105545","클리브","Cleave","Inflict 250% damage","26","0","0","2601","12","0","0","0","10002","-1","7","45","1055","150","0","0","0","0","5","0","0","100","1","0","0","0","0","45","105545"
"105550","맹글링","mangling","150 additional damage that are uneffected by the opponent's defense ability","26","0","0","2601","12","0","0","0","10002","-1","7","50","1055","60","0","0","0","0","31","0","0","100","1","0","0","0","0","50","105550"
"105555","트러스트","thrust ","Inflict 200% damage with no chance of failure","26","0","0","2601","12","0","0","0","10002","-1","7","55","1055","200","0","0","0","0","5","0","0","100","1","0","0","0","0","55","105555"
"105557","소드 오러","sword aura","Inflict 250% damage withno chance of failure and 150 additional damage","26","0","0","2601","12","0","0","0","10002","-1","7","57","1055","250","0","0","0","0","5","0","0","100","1","0","0","0","0","57","105557"
"105560","소드 댄싱","sword dancing","Inflict 250% damage withno chance of failure and 150 additional damage","26","0","0","2601","12","0","0","0","10002","-1","7","60","1055","300","0","0","0","0","5","0","0","100","1","0","0","0","0","60","105560"
"105605","힌더","Hinder","[Passive]Increase defense by 10%. If a shield is not equipped, the effect will decrase by half. ","26","0","0","2601","12","0","0","0","10002","-1","1","5","1056","0","0","9","0","0","0","0","0","100","0","0","0","0","0","5","105605"
"105610","레지스트","resist","[Passive]Increaes all resistance by 30. If a shield is not equipped, the effect will decrase by half. ","26","0","0","2601","12","0","0","0","10002","-1","1","10","1056","0","0","9","0","0","0","0","0","100","0","0","0","0","0","10","105610"
"105615","어레스트","Arrest","[Passive]Increase defense by 15%. If a shield is not equipped, the effect will decrase by half. ","26","0","0","2601","12","0","0","0","10002","-1","1","15","1056","0","0","9","0","0","0","0","0","100","0","0","0","0","0","15","105615"
"105620","엔듀어","endure","[Passive]Increase all resistance by 60. If a shield is not equipped, the effect will decrase by half. ","26","0","0","2601","12","0","0","0","10002","-1","1","20","1056","0","0","9","0","0","0","0","0","100","0","0","0","0","0","20","105620"
"105630","바인딩","Binding","Trick monster into attacking itself","129","0","0","2601","12","0","0","0","10002","-1","7","30","1056","30","0","9","0","0","65","0","0","100","7","0","30","0","0","30","105630"
"105635","불워크","Bulwark","[Passive]Increase defense by 20%. If a shield is not equipped, the effect will decrase by half. ","26","0","0","2601","12","0","0","0","10002","-1","1","35","1056","0","0","9","0","0","0","0","0","100","0","0","0","0","0","35","105635"
"105640","이뮤니티","immunity","[Passive]Increase all resistance by 90. If a shield is not equipped, the effect will decrase by half. ","26","0","0","2601","12","0","0","0","10002","-1","1","40","1056","0","0","9","0","0","0","0","0","100","0","0","0","0","0","40","105640"
"105645","프러보크","provoke","Trick monsters within a certain range to attack themselves ","131","0","0","2601","12","0","0","0","10002","-1","10","45","1056","60","0","9","0","15","150","0","0","100","7","0","10","0","0","45","105645"
"105650","디센트","descent","Teleport to the location of a chosen party member ","0","0","0","701","-1","0","0","0","0","0","4","50","1056","50","0","9","0","0","91","0","0","100","8","0","100","0","0","50","105650"
"105655","이베이딩","evading","[Passive]Increase defense by 25%. If a shield is not equipped, the effect will decrase by half. ","26","0","0","2601","12","0","0","0","10002","-1","1","55","1056","0","0","9","0","0","0","0","0","100","0","0","0","0","0","55","105655"
"105660","새크리파이스","sacrifice","Sacrifice your own self to fill the HP one party member ","0","0","0","701","-1","0","0","0","602","-1","4","60","1056","180","10001","9","0","0","600","0","0","100","3","0","30","0","0","60","105660"
"105705","게인","Gain","Increase Strength by 15","26","0","0","2601","12","0","0","0","10002","-1","1","5","1057","10","0","9","0","0","91","0","0","100","4","0","0","0","0","5","104004"
"105710","페인 킬러","pain killer","Exchange 100 HP for 200 Stamina","26","0","0","2601","12","0","0","0","701","-1","1","10","1057","0","100","9","0","0","45","0","0","100","3","0","0","0","0","10","105710"
"105715","라이즈","Rise","Increase HP by 10","26","0","0","2601","12","0","0","0","701","-1","1","15","1057","30","0","9","0","0","91","0","0","100","4","0","0","0","0","15","105715"
"105720","아웃 레이지","Outrage","Temporarily increase attack speed by 20%","26","0","0","2601","12","0","0","0","701","-1","1","20","1057","60","0","9","0","0","600","0","0","100","4","0","0","0","0","20","105720"
"105725","블레이드 어브 헤이트","Blade of hate","Use mental power to attack an enemy that's standing at a distance. ","128","0","0","2601","12","0","0","0","10002","-1","7","25","1057","60","0","9","0","15","51","0","0","100","3","0","20","0","0","25","105725"
"105730","레스터레이션","restoration","Temporarily increase the HP regaining speed ","18","0","0","2601","12","0","0","0","601","-1","1","30","1057","105","0","9","0","0","600","0","0","100","3","0","0","0","0","30","105730"
"105731","블레이즈 킬러","Blaze Killer","Exchange 200HP for 400 Stamina","26","0","0","2601","12","0","0","0","701","-1","1","30","1057","0","200","9","0","0","65","0","0","100","3","0","0","0","0","30","105731"
"105735","님블 윈드","Nimble Wind","Increase your Dexterity by 20","128","0","0","2601","12","0","0","0","10002","-1","1","35","1057","90","0","9","0","0","91","0","0","100","4","0","0","0","0","35","105735"
"105740","리턴 투 라이프","Return to life","Exchange 500 Stamina for 250 HP","128","0","0","2601","12","0","0","0","10002","-1","1","40","1057","500","0","9","0","0","51","0","0","100","3","0","0","0","0","40","105740"
"105750","리제너레이션","Regeneration","Temporarily increase the HP regaining speed. Better than Restoration. ","128","0","0","2601","12","0","0","0","10002","-1","1","50","1057","210","0","9","0","0","600","0","0","100","3","0","0","0","0","50","105750"
"105755","프렌지","Frenzy","Temporarily increase the attack speed by 30%","26","0","0","2601","12","0","0","0","701","-1","1","55","1057","150","0","9","0","0","600","0","0","100","4","0","0","0","0","55","105755"
"105760","퀘이크","Quake","A sword skill that attacks all the opponents around you ","128","0","0","2601","12","0","0","0","10002","-1","10","60","1057","200","0","9","0","0","51","0","0","100","3","0","20","0","0","60","105760"
"106001","스프린트","sprint","Temporarily increase your running speed","24","0","0","2701","-1","0","0","0","10029","-1","1","1","1060","5","0","9","0","0","60","0","0","100","4","0","0","0","0","1","101001"
"106003","슬래쉬","slash","Inflict 120% damage","26","0","0","2601","12","0","0","0","10002","-1","7","3","1060","4","0","0","0","0","31","0","0","100","1","0","0","0","0","3","101003"
"106005","크래쉬","crash","Increases your chances of succeeding an attack by 1.5 times","24","0","0","2601","12","0","0","0","10002","-1","7","5","1060","4","0","0","0","0","31","0","0","100","1","0","0","0","0","5","101005"
"106007","디펜스","Defense","Temporarily increases your defense","24","0","0","2701","-1","0","0","0","701","-1","1","7","1060","4","0","9","0","0","100","0","0","100","4","0","0","0","0","7","101007"
"106009","피어싱","piercing","Increases your chances of succeeding an attack by 2 times","26","0","0","2601","12","0","0","0","10002","-1","7","9","1060","4","0","0","0","0","31","0","0","100","1","0","0","0","0","9","101009"
"106010","위핑","whipping","Temporarily incrases your running speed","24","0","0","2701","-1","0","0","0","10029","-1","1","1","1069","5","0","9","0","0","300","0","0","100","4","0","0","0","0","1","101010"
"106500","해쉬","Hash","30 additional damage that are uneffected by the opponent's defense ability","26","0","0","2601","12","0","0","0","10002","-1","7","0","1065","10","0","0","0","0","31","0","0","100","1","0","0","0","0","0","105500"
"106505","후드 윙크","hoodwink","Inflict 150% damage","26","0","0","2601","12","0","0","0","10002","-1","7","5","1065","30","0","0","0","0","5","0","0","100","1","0","0","0","0","5","105505"
"106510","쉬어","Shear","50 additional damage that are uneffected by the opponent's defense ability","26","0","0","2601","12","0","0","0","10002","-1","7","10","1065","20","0","0","0","0","31","0","0","100","1","0","0","0","0","10","105510"
"106515","피어스","pierce","Inflict 100% damage with no chance of failure","26","0","0","2601","12","0","0","0","10002","-1","7","15","1065","60","0","0","0","0","5","0","0","100","1","0","0","0","0","15","105515"
"106520","레그 커팅","leg cutting","Slows down your enemy","26","0","0","2601","12","0","0","0","10002","-1","7","20","1065","84","0","0","0","0","51","0","0","100","1","4","0","0","0","20","105520"
"106525","카빙","Carving","Inflict 200% damage ","26","0","0","2601","12","0","0","0","10002","-1","7","25","1065","90","0","0","0","0","5","0","0","100","1","0","0","0","0","25","105525"
"106530","세버","Sever","100 additional damage that are uneffected by the opponent's defense ability","26","0","0","2601","12","0","0","0","10002","-1","7","30","1065","40","0","0","0","0","31","0","0","100","1","0","0","0","0","30","105530"
"106535","프릭","prick","Inflict 150% damage with no chance of failure","26","0","0","2601","12","0","0","0","10002","-1","7","35","1065","120","0","0","0","0","5","0","0","100","1","0","0","0","0","35","105535"
"106540","멀티플 쇼크","multiple shork","Inflict 150% damage and 50 additional damage","26","0","0","2601","12","0","0","0","10002","-1","7","40","1065","60","0","0","0","0","31","0","0","100","1","0","0","0","0","40","105540"
"106545","클리브","Cleave","Inflict 250% damage","26","0","0","2601","12","0","0","0","10002","-1","7","45","1065","150","0","0","0","0","5","0","0","100","1","0","0","0","0","45","105545"
"106550","맹글링","mangling","150 additional damage that are uneffected by the opponent's defense ability","26","0","0","2601","12","0","0","0","10002","-1","7","50","1065","60","0","0","0","0","31","0","0","100","1","0","0","0","0","50","105550"
"106555","트러스트","thrust ","Inflict 200% damage with no chance of failure","26","0","0","2601","12","0","0","0","10002","-1","7","55","1065","200","0","0","0","0","5","0","0","100","1","0","0","0","0","55","105555"
"106557","소드 오러","sword aura","Inflict 250% damage withno chance of failure and 150 additional damage","26","0","0","2601","12","0","0","0","10002","-1","7","57","1065","250","0","0","0","0","5","0","0","100","1","0","0","0","0","57","105557"
"106560","소드 댄싱","sword dancing","Inflict 250% damage with no chance of failure and 150 additional damage","26","0","0","2601","12","0","0","0","10002","-1","7","60","1065","300","0","0","0","0","5","0","0","100","1","0","0","0","0","60","105560"
"106570","하울링 스워드","Howling Sword","Inflict 300% damage with no chance of failure and 200 additional damage","26","0","0","2601","12","0","0","0","10002","-1","7","70","1065","400","0","0","0","0","8","0","0","100","1","0","0","51","0","70","106570"
"106575","블러딩","blooding","","26","0","0","2601","12","0","0","0","10124","0","7","75","1065","350","0","9","0","0","210","0","0","100","1","3","0","510","0","75","106575"
"106580","헬블레이드","Hell blade","","26","0","0","2601","12","0","0","0","10124","0","7","80","1065","400","0","9","0","0","8","0","0","100","1","0","0","511","0","80","106580"
"106605","힌더","Hinder","[Passive]Increase defense by 10%. If a shield is not equipped, the effect will decrase by half. ","26","0","0","2601","12","0","0","0","10002","-1","1","5","1066","0","0","9","0","0","0","0","0","100","0","0","0","0","0","5","105605"
"106610","레지스트","resist","[Passive]Increaes all resistance by 30. If a shield is not equipped, the effect will decrase by half. ","26","0","0","2601","12","0","0","0","10002","-1","1","10","1066","0","0","9","0","0","0","0","0","100","0","0","0","0","0","10","105610"
"106615","어레스트","Arrest","[Passive]Increase defense by 15%. If a shield is not equipped, the effect will decrase by half. ","26","0","0","2601","12","0","0","0","10002","-1","1","15","1066","0","0","9","0","0","0","0","0","100","0","0","0","0","0","15","105615"
"106620","엔듀어","endure","[Passive]Increase all resistance by 60. If a shield is not equipped, the effect will decrase by half. ","26","0","0","2601","12","0","0","0","10002","-1","1","20","1066","0","0","9","0","0","0","0","0","100","0","0","0","0","0","20","105620"
"106630","바인딩","Binding","Trick monster into attacking itself","129","0","0","2601","12","0","0","0","10002","-1","7","30","1066","30","0","9","0","0","65","0","0","100","7","0","30","0","0","30","105630"
"106635","불워크","Bulwark","[Passive]Increase defense by 20%. If a shield is not equipped, the effect will decrase by half. ","26","0","0","2601","12","0","0","0","10002","-1","1","35","1066","0","0","9","0","0","0","0","0","100","0","0","0","0","0","35","105635"
"106640","이뮤니티","immunity","[Passive]Increase all resistance by 90. If a shield is not equipped, the effect will decrase by half. ","26","0","0","2601","12","0","0","0","10002","-1","1","40","1066","0","0","9","0","0","0","0","0","100","0","0","0","0","0","40","105640"
"106645","프러보크","provoke","Trick monsters within a certain range to attack themselves ","131","0","0","2601","12","0","0","0","10002","-1","10","45","1066","60","0","9","0","15","150","0","0","100","7","0","10","0","0","45","105645"
"106650","디센트","descent","Teleport to the location of a chosen party member ","0","0","0","701","-1","0","0","0","0","0","4","50","1066","50","0","9","0","0","91","0","0","100","8","0","100","0","0","50","105650"
"106655","이베이딩","evading","[Passive]Increase defense by 25%. If a shield is not equipped, the effect will decrase by half. ","26","0","0","2601","12","0","0","0","10002","-1","1","55","1066","0","0","9","0","0","0","0","0","100","0","0","0","0","0","55","105655"
"106660","새크리파이스","sacrifice","Sacrifice your own self to fill the HP one party member ","0","0","0","701","-1","0","0","0","602","-1","4","60","1066","180","10001","9","0","0","600","0","0","100","3","0","30","0","0","60","105660"
"106670","아이언 스킨","Iron Skin","[Passive]Increase defense by 30%. If a shield is not equipped, the effect will decrase by half. ","26","0","0","2601","12","0","0","0","10002","-1","1","70","1066","0","0","9","0","0","101","0","0","100","0","0","0","51","0","70","106670"
"106675","월 오브 아이언","wall of Iron","","24","0","0","2708","-1","0","0","0","2708","-1","1","75","1066","250","0","0","0","0","200","0","0","100","4","0","0","510","0","75","106675"
"106680","아이언 링커","iron linker","","26","0","0","2601","12","0","0","0","10002","-1","1","80","1066","0","0","9","0","0","101","0","0","100","0","0","0","511","0","80","106680"
"106705","게인","Gain","Increase Strength by 15","26","0","0","2601","12","0","0","0","10002","-1","1","5","1067","10","0","9","0","0","91","0","0","100","4","0","0","0","0","5","104004"
"106710","페인 킬러","pain killer","Exchange 100 HP for 200 Stamina","26","0","0","2601","12","0","0","0","701","-1","1","10","1067","0","100","9","0","0","45","0","0","100","3","0","0","0","0","10","105710"
"106715","라이즈","Rise","Increase HP by 10","26","0","0","2601","12","0","0","0","701","-1","1","15","1067","30","0","9","0","0","91","0","0","100","4","0","0","0","0","15","105715"
"106720","아웃 레이지","Outrage","Temporarily increases attack speed by 20%","26","0","0","2601","12","0","0","0","701","-1","1","20","1067","60","0","9","0","0","600","0","0","100","4","0","0","0","0","20","105720"
"106725","블레이드 어브 헤이트","Blade of hate","Use mental power to attack an enemy that's standing at a distance. ","128","0","0","2601","12","0","0","0","10002","-1","7","25","1067","60","0","9","0","15","51","0","0","100","3","0","20","0","0","25","105725"
"106730","레스터레이션","restoration","Temporarily increases the HP regaining speed ","18","0","0","2601","7012","0","0","0","601","-1","1","30","1067","105","0","9","0","0","600","0","0","100","3","0","0","0","0","30","105730"
"106731","블레이즈 킬러","Blaze Killer","Exchange 200HP for 400 Stamina","26","0","0","2601","12","0","0","0","701","-1","1","30","1067","0","200","9","0","0","65","0","0","100","3","0","0","0","0","30","105731"
"106735","님블 윈드","Nimble Wind","Increase your Dexterity by 20","128","0","0","2601","12","0","0","0","10002","-1","1","35","1067","90","0","9","0","0","91","0","0","100","4","0","0","0","0","35","105735"
"106740","리턴 투 라이프","Return to life","Exchange 500 Stamina for 250 HP","128","0","0","2601","12","0","0","0","10002","-1","1","40","1067","500","0","9","0","0","51","0","0","100","3","0","0","0","0","40","105740"
"106750","리제너레이션","Regeneration","Temporarily increases the HP regaining speed. Better than Restoration. ","128","0","0","2601","12","0","0","0","10002","-1","1","50","1067","210","0","9","0","0","600","0","0","100","3","0","0","0","0","50","105750"
"106755","프렌지","Frenzy","Temporarily increases the attack speed by 30%","26","0","0","2601","12","0","0","0","701","-1","1","55","1067","150","0","9","0","0","600","0","0","100","4","0","0","0","0","55","105755"
"106760","퀘이크","Quake","A sword skill that attacks all the opponents around you ","128","0","0","2601","12","0","0","0","10002","-1","10","60","1067","160","0","9","0","15","51","0","0","100","3","0","20","0","0","60","105760"
"106770","버서크 에코","berserk Echo","Temporarily increases the attack speed by 40%. ","26","0","0","2601","12","0","0","0","701","-1","1","70","1067","250","0","9","0","0","101","0","0","100","4","0","0","51","0","70","106770"
"106775","버서커","Berserker","","26","0","0","2601","12","0","0","0","701","-1","1","75","1067","300","0","9","0","0","400","0","0","100","4","0","0","510","0","75","106775"
"106780","HP부스터","HP Booster","","26","0","0","2601","12","0","0","0","701","-1","1","80","1067","200","0","9","0","0","400","0","0","100","3","0","0","511","0","80","106780"
"106800","볼드니스","boldness","[Passive]Increase your defense by 20% when your HP is down to 30% or below.","24","0","0","2601","0","0","0","0","10121","0","1","0","1068","0","0","9","0","0","0","0","0","100","0","0","0","0","0","0","106800"
"106802","스크림","Scream","A fail-safe attack that inflicts 250% Damage and 150 Damage.  It also freezes the enemy temporarily.  ","26","1","0","2601","0","0","0","0","10124","0","7","2","1068","300","0","0","379063000","0","101","0","0","100","1","4","0","0","0","2","106802"
"106805","앱솔루트니스","absoluteness","[Passive]Decreases all damages received by 10%","24","0","0","2601","0","0","0","0","0","0","1","5","1068","0","0","9","0","0","0","0","0","100","0","0","0","0","0","5","106805"
"106810","매치리스","matchless","[Passive]Decreases all damages received by 15%","24","0","0","2601","0","0","0","0","0","0","1","10","1068","0","0","9","0","0","0","0","0","100","0","0","0","0","0","10","106810"
"106815","액시드 브레이크","Exceed Break","","26","0","0","2601","0","0","0","0","10124","0","7","15","1068","400","0","9","379059000","0","600","0","0","100","1","3","0","0","0","15","106815"
"106820","쇼크 스턴","Shock Stun","","26","0","0","2601","12","0","0","0","10124","0","7","20","1068","250","0","9","379059000","0","300","0","0","100","1","3","0","0","0","20","106820"
"107001","스프린트","sprint","Temporarily increase your running speed","24","0","0","2701","-1","0","0","0","10029","-1","1","1","1070","5","0","9","0","0","60","0","0","100","4","0","0","0","0","1","101001"
"107003","아쳐리","Archery","Shoot arrows","26","0","0","500","12","0","0","532","551","0","7","3","1070","0","0","7","391010000","13","0","0","0","100","2","0","0","0","0","3","102003"
"107005","단검 찌르기","stab","Use a dagger to inflict 150% damage","26","0","0","2601","12","0","0","0","10002","-1","7","5","1070","5","0","1","0","0","52","0","0","100","1","0","0","0","0","5","102005"
"107010","스위프트","swift","Increase the running speed of a friend","18","0","0","2701","-1","0","0","0","702","-1","2","10","1070","15","0","9","0","15","0","0","0","100","4","0","25","0","0","10","107010"
"107030","늑대의 힘","Strength of wolf","Increase the attack powers of your party members. ","19","0","0","2701","-1","0","0","0","702","-1","6","30","1070","30","0","9","370004000","17","0","0","0","100","4","0","30","0","0","30","107030"
"107031","위핑","whipping","Temporarily incrases your running speed","24","0","0","2701","-1","0","0","0","10029","-1","1","1","1079","5","0","9","0","0","300","0","0","100","4","0","0","0","0","1","101010"
"107500","트루 샷","through shot","Inflict 150% damage","26","0","0","500","12","0","0","532","551","0","7","0","1075","15","0","7","391010000","13","0","0","0","100","2","0","0","0","0","0","107500"
"107505","파이어 애로우","fire arrow","Shoot flame arrows","26","0","0","10109","12","0","0","10110","101","0","7","5","1075","10","0","7","391010000","13","32","0","0","100","2","3","0","0","0","5","107505"
"107510","포이즌 애로우","poison arrow","Shoot poison arrows","26","0","0","10115","12","0","0","10116","801","0","7","10","1075","10","0","7","391010000","13","32","0","0","100","2","3","0","0","0","10","107510"
"107515","멀티플 샷","multiple shot","Shoot 3 arrows simultaneously","26","0","0","500","12","0","0","10064","801","0","7","15","1075","40","0","7","391010000","13","0","0","0","100","2","0","0","0","0","15","107515"
"107520","가이디드 에로우","Guided arrow","100% accurate arrow","26","0","0","500","12","0","0","592","550","0","7","20","1075","40","0","7","391010000","13","0","0","0","100","2","0","0","0","0","20","107520"
"107525","퍼펙트 샷","perfect shot","Inflict 200% damage","26","0","0","500","12","0","0","532","551","0","7","25","1075","70","0","7","391010000","13","0","0","0","100","2","0","0","0","0","25","107525"
"107530","파이어 샷","fire shot","Arrow attack that inflicts additional flame damage","26","0","0","10109","12","0","0","10110","101","0","7","30","1075","30","0","7","391010000","13","42","0","0","100","2","3","0","0","0","30","107530"
"107535","포이즌 샷","poison shot","Arrow attack that inflicts additional poison damage","26","0","0","10115","12","0","0","10116","801","0","7","35","1075","30","0","7","391010000","13","42","0","0","100","2","3","0","0","0","35","107535"
"107540","아크 샷","arc shot","Inflict 250% damage","26","0","0","500","12","0","0","532","551","0","7","40","1075","100","0","7","391010000","13","0","0","0","100","2","0","0","0","0","40","107540"
"107545","익스플로시브 샷","explosive shot","The strongest flame arrow","26","0","0","146","12","147","0","10110","148","0","7","45","1075","50","0","7","391010000","13","42","0","0","100","2","3","0","0","0","45","107545"
"107550","바이퍼","viper","The strongest poison arrow","26","0","0","155","12","156","0","10116","157","0","7","50","1075","50","0","7","391010000","13","42","0","0","100","2","3","0","0","0","50","107550"
"107552","카운터 스트라이크","Counter Strike","The strongest flame arrow","26","0","0","500","12","0","0","532","551","0","7","52","1075","150","0","7","391010000","10","600","0","0","100","2","0","0","0","0","52","107552"
"107555","애로우 샤워","arrow shower","Shoot 5 arrows simulataneously ","26","0","0","500","12","0","0","10064","801","0","7","55","1075","150","0","7","391010000","15","0","0","0","100","2","0","0","0","0","55","107555"
"107557","쉐도우 샷","shadow shot","100% accurate arrow with 250% damage","26","0","0","500","12","0","0","592","550","0","7","57","1075","200","0","7","391010000","13","0","0","0","100","2","0","0","0","0","57","107557"
"107560","쉐도우 헌터","shadow hunter","100% accurate arrow with 250% damage","26","0","0","500","12","0","0","592","550","0","7","60","1075","300","0","7","391010000","13","0","0","0","100","2","0","0","0","0","60","107560"
"107600","잽","Jab","A stabbing technique that disregards opponent's defense ","26","0","0","2601","12","0","0","0","10002","-1","7","0","1076","10","0","1","0","0","52","0","0","100","1","0","0","0","0","0","107600"
"107610","블러드 드레인","Blood drain","Obsolve 5% of the enemy's HP. Can be used only once every minute. ","114","0","0","2202","2","0","0","0","801","-1","7","10","1076","20","0","1","0","16","600","0","0","100","3","0","5","0","0","10","107610"
"107615","피어스","Pierce","Inflict 200% damage","26","0","0","2601","12","0","0","0","10002","-1","7","15","1076","20","0","1","0","0","102","0","0","100","1","0","0","0","0","15","107615"
"107620","쇼크","shock","A stabbing technique that disregards opponent's defense ","26","0","0","2601","12","0","0","0","10002","-1","7","20","1076","20","0","1","0","0","52","0","0","100","1","0","0","0","0","20","107620"
"107630","일루젼","Illusion","Temporarily decreases enemy's attack accuracy","128","0","0","3101","12","0","0","0","801","0","7","30","1076","30","0","1","0","16","102","0","0","100","4","0","20","0","0","30","107630"
"107635","트러스트","Thrust","Inflict 400% damage","26","0","0","2601","12","0","0","0","10002","-1","7","35","1076","50","0","1","0","0","102","0","0","100","1","0","0","0","0","35","107635"
"107640","커트","Cut","A stabbing technique that disregards opponent's defense ","26","0","0","2601","12","0","0","0","10002","-1","7","40","1076","50","0","1","0","0","52","0","0","100","1","0","0","0","0","40","107640"
"107645","스텔스","Stealth","Stay invisible for 80 seconds without attacking","18","0","0","2705","-1","0","0","0","0","-1","1","45","1076","270","0","9","0","30","90","0","0","25","9","0","0","0","0","45","107645"
"107650","뱀파이어릭 터치","Vampiric touch","Obsolve 10% of the enemy's HP. Can be used only once every minute. ","126","0","0","2202","2","0","0","0","801","-1","7","50","1076","50","0","1","0","16","600","0","0","100","3","0","5","0","0","50","107650"
"107655","스파이크","Spike","Inflict 600% damage","26","0","0","2601","12","0","0","0","10002","-1","7","55","1076","100","0","1","0","0","112","0","0","100","1","0","0","0","0","55","107655"
"107700","하이드","Hide","Stay invisible for 40 seconds without moving","18","0","0","2704","-1","0","0","0","0","-1","1","0","1077","40","0","9","0","15","55","0","0","40","9","0","0","0","0","0","107700"
"107705","마이너 힐링","minor healing","Heal 60 HP","16","0","0","2601","7012","0","0","0","601","-1","2","5","1077","100","0","9","0","0","0","0","0","100","3","0","25","0","0","5","107705"
"107710","이베이드","evade","Increases your Defense Ability by 200. ","24","0","0","2701","-1","0","0","0","2706","-1","1","10","1077","40","0","9","0","0","300","0","0","100","4","0","0","0","0","10","107710"
"107715","캣츠 아이즈","Cat's eyes","Allows you to see an invisible enemy for 20 seconds","18","0","0","2701","-1","0","0","0","0","-1","1","15","1077","60","0","9","0","15","40","0","0","70","9","0","0","0","0","15","107715"
"107725","라이트 핏","light feet","Temporarily increases your running speed by 2 times","24","0","0","2701","-1","0","0","0","702","-1","1","25","1077","40","0","9","0","0","102","0","0","100","4","0","0","0","0","25","107725"
"107730","세이프티","safety","Increases your Defense Ability by 400. ","24","0","0","2701","-1","0","0","0","2707","-1","1","30","1077","80","0","9","0","0","300","0","0","100","4","0","0","0","0","30","107730"
"107735","루페인 아이즈","Lupine Eyes","Allows you and your party members to see an invisible enemy for 50 seconds","18","0","0","2701","-1","0","0","0","0","-1","1","35","1077","200","0","9","0","20","90","0","0","70","9","0","25","0","0","35","107735"
"107736","큐어 커스","Cure curse","Recovers user ability that was lost for a user of same nationality.","18","0","0","2701","-1","0","0","0","702","-1","2","36","1077","80","0","9","370005000","15","12","0","0","100","5","0","25","0","0","36","107736"
"107748","큐어 디지즈","Cure disease","Neutralizes magics that decrease your HP","18","0","0","2701","-1","0","0","0","702","-1","2","48","1077","80","0","9","370006000","15","12","0","0","100","5","0","25","0","0","48","107748"
"107760","스케일드 스킨","scaled skin","Increases your Defense Ability by 800. ","24","0","0","2701","-1","0","0","0","2708","-1","1","60","1077","160","0","9","0","0","300","0","0","100","4","0","0","0","0","60","107760"
"108001","스프린트","sprint","Temporarily increase your running speed","24","0","0","2701","-1","0","0","0","10029","-1","1","1","1080","5","0","9","0","0","60","0","0","100","4","0","0","0","0","1","101001"
"108003","아쳐리","Archery","Shoot arrows","26","0","0","500","12","0","0","532","551","0","7","3","1080","0","0","7","391010000","13","0","0","0","100","2","0","0","0","0","3","102003"
"108005","단검 찌르기","stab","Use a dagger to inflict 150% damage","26","0","0","2601","12","0","0","0","10002","-1","7","5","1080","5","0","1","0","0","52","0","0","100","1","0","0","0","0","5","102005"
"108010","스위프트","swift","Increase the running speed of a friend","18","0","0","2701","-1","0","0","0","702","-1","2","10","1080","15","0","9","0","15","0","0","0","100","4","0","25","0","0","10","107010"
"108030","늑대의 힘","Strength of wolf","Increase the attack powers of your party members. ","19","0","0","2701","-1","0","0","0","702","-1","6","30","1080","30","0","9","370004000","17","0","0","0","100","4","0","30","0","0","30","107030"
"108031","위핑","whipping","Temporarily incrases your running speed","24","0","0","2701","-1","0","0","0","10029","-1","1","1","1089","5","0","9","0","0","300","0","0","100","4","0","0","0","0","1","101010"
"108500","트루 샷","through shot","Inflict 150% damage","26","0","0","500","12","0","0","532","551","0","7","0","1085","15","0","7","391010000","13","0","0","0","100","2","0","0","0","0","0","107500"
"108505","파이어 애로우","fire arrow","Shoot flame arrows","26","0","0","10109","12","0","0","10110","101","0","7","5","1085","10","0","7","391010000","13","32","0","0","100","2","3","0","0","0","5","107505"
"108510","포이즌 애로우","poison arrow","Shoot poison arrows","26","0","0","10115","12","0","0","10116","801","0","7","10","1085","10","0","7","391010000","13","32","0","0","100","2","3","0","0","0","10","107510"
"108515","멀티플 샷","multiple shot","Shoot 3 arrows simultaneously","26","0","0","500","12","0","0","10064","801","0","7","15","1085","40","0","7","391010000","13","0","0","0","100","2","0","0","0","0","15","107515"
"108520","가이디드 에로우","Guided arrow","100% accurate arrow","26","0","0","500","12","0","0","592","550","0","7","20","1085","40","0","7","391010000","13","0","0","0","100","2","0","0","0","0","20","107520"
"108525","퍼펙트 샷","perfect shot","Inflict 200% damage","26","0","0","500","12","0","0","532","551","0","7","25","1085","70","0","7","391010000","13","0","0","0","100","2","0","0","0","0","25","107525"
"108530","파이어 샷","fire shot","Arrow attack that inflicts additional flame damage","26","0","0","10109","12","0","0","10110","101","0","7","30","1085","30","0","7","391010000","13","42","0","0","100","2","3","0","0","0","30","107530"
"108535","포이즌 샷","poison shot","Arrow attack that inflicts additional poison damage","26","0","0","10115","12","0","0","10116","801","0","7","35","1085","30","0","7","391010000","13","42","0","0","100","2","3","0","0","0","35","107535"
"108540","아크 샷","arc shot","Inflict 250% damage","26","0","0","500","12","0","0","532","551","0","7","40","1085","100","0","7","391010000","13","0","0","0","100","2","0","0","0","0","40","107540"
"108545","익스플로시브 샷","explosive shot","The strongest flame arrow","26","0","0","146","12","147","0","10117","148","0","7","45","1085","50","0","7","391010000","13","42","0","0","100","2","3","0","0","0","45","107545"
"108550","바이퍼","viper","The strongest poison arrow","26","0","0","155","12","156","0","10120","157","0","7","50","1085","50","0","7","391010000","13","42","0","0","100","2","3","0","0","0","50","107550"
"108552","카운터 스트라이크","Counter Strike","The strongest flame arrow","26","0","0","500","12","0","0","532","551","0","7","52","1085","150","0","7","391010000","10","600","0","0","100","2","0","0","0","0","52","107552"
"108555","애로우 샤워","arrow shower","Shoot 5 arrows simulataneously ","26","0","0","500","12","0","0","10064","801","0","7","55","1085","150","0","7","391010000","15","0","0","0","100","2","0","0","0","0","55","107555"
"108557","쉐도우 샷","shadow shot","100% accurate arrow with 250% damage","26","0","0","500","12","0","0","592","550","0","7","57","1085","200","0","7","391010000","13","0","0","0","100","2","0","0","0","0","57","107557"
"108560","쉐도우 헌터","shadow hunter","100% accurate arrow with 250% damage","26","0","0","500","12","0","0","592","550","0","7","60","1085","300","0","7","391010000","13","0","0","0","100","2","0","0","0","0","60","107560"
"108562","아이스 샷","ice shot","Arrow attack that inflicts additional flame damage","26","0","0","143","12","144","0","10118","145","0","7","62","1085","200","0","7","391010000","13","60","0","0","100","2","4","0","0","0","62","108562"
"108566","라이트닝 샷","lighting shot","Arrow attack that inflicts additional poison damage","26","0","0","152","12","153","0","10119","154","0","7","66","1085","200","0","7","391010000","13","60","0","0","100","2","3","0","0","0","66","108566"
"108570","다크 퍼슈어","Dark pursuer","100% accurate arrow with 300% damage","26","0","0","500","12","0","0","592","550","0","7","70","1085","350","0","7","391010000","13","0","0","0","100","2","0","0","52","0","70","108570"
"108575","블로우 에로우","Blow Arrow","100% accurate arrow with 300% damage","26","0","0","2601","12","0","0","0","10002","-1","7","72","1085","200","0","7","391010000","0","0","0","0","100","1","0","5","512","0","72","108575"
"108580","블라인딩 스트레이프","Blinding Strafe","","26","0","0","500","12","0","0","10125","550","0","7","75","1085","300","0","7","391010000","13","600","0","0","100","2","4","10","513","0","75","108580"
"108585","파워샷","Power Shot","100% accurate arrow with 300% damage","26","0","0","158","12","159","0","10125","160","0","7","80","1085","400","0","7","391010000","13","600","0","0","100","2","0","0","514","0","80","108585"
"108600","잽","Jab","A stabbing technique that disregards opponent's defense ","26","0","0","2601","12","0","0","0","10002","-1","7","0","1086","10","0","1","0","0","52","0","0","100","1","0","0","0","0","0","107600"
"108610","블러드 드레인","Blood drain","Obsolve 5% of the enemy's HP. Can be used only once every minute. ","114","0","0","2202","2","0","0","0","801","-1","7","10","1086","20","0","1","0","16","600","0","0","100","3","0","5","0","0","10","107610"
"108615","피어스","Pierce","Inflict 200% damage","26","0","0","2601","12","0","0","0","10002","-1","7","15","1086","20","0","1","0","0","102","0","0","100","1","0","0","0","0","15","107615"
"108620","쇼크","shock","A stabbing technique that disregards opponent's defense ","26","0","0","2601","12","0","0","0","10002","-1","7","20","1086","20","0","1","0","0","52","0","0","100","1","0","0","0","0","20","107620"
"108630","일루젼","Illusion","Temporarily decreases enemy's attack accuracy","128","0","0","3101","12","0","0","0","801","0","7","30","1086","30","0","1","0","16","102","0","0","100","4","0","20","0","0","30","107630"
"108635","트러스트","Thrust","Inflict 400% damage","26","0","0","2601","12","0","0","0","10002","-1","7","35","1086","50","0","1","0","0","102","0","0","100","1","0","0","0","0","35","107635"
"108640","커트","Cut","A stabbing technique that disregards opponent's defense ","26","0","0","2601","12","0","0","0","10002","-1","7","40","1086","50","0","1","0","0","52","0","0","100","1","0","0","0","0","40","107640"
"108645","스텔스","Stealth","Stay invisible for 80 seconds without attacking","18","0","0","2705","-1","0","0","0","0","-1","1","45","1086","270","0","9","0","30","90","0","0","25","9","0","0","0","0","45","107645"
"108650","뱀파이어릭 터치","Vampiric touch","Obsolve 10% of the enemy's HP. Can be used only once every minute. ","126","0","0","2202","2","0","0","0","801","-1","7","50","1086","50","0","1","0","16","600","0","0","100","3","0","5","0","0","50","107650"
"108655","스파이크","Spike","Inflict 600% damage","26","0","0","2601","12","0","0","0","10002","-1","7","55","1086","100","0","1","0","0","112","0","0","100","1","0","0","0","0","55","107655"
"108670","블러디 비스트","Bloody Beast","A stabbing technique that disregards opponent's defense ","26","0","0","2601","12","0","0","0","10002","-1","7","70","1086","100","0","1","0","0","52","0","0","0","1","0","0","52","0","70","108670"
"108675","블라인딩","Blinding ","A stabbing technique that disregards opponent's defense ","26","0","0","2601","12","0","0","0","10002","-1","7","72","1086","200","0","1","379060000","0","600","0","0","0","1","4","0","512","0","72","108675"
"108680","비스트 하이딩","Beast Hiding","A stabbing technique that disregards opponent's defense ","26","0","0","2601","12","0","0","0","10002","-1","7","75","1086","250","0","1","0","0","400","0","0","0","1","9","0","513","0","75","108680"
"108685","크리티컬 포인트","Critical Point","","26","0","0","2601","12","0","0","0","10002","-1","1","80","1086","200","0","1","0","0","600","0","0","0","4","0","0","514","0","80","108685"
"108700","하이드","Hide","Stay invisible for 40 seconds without moving","18","0","0","2704","-1","0","0","0","0","-1","1","0","1087","40","0","9","0","15","55","0","0","40","9","0","0","0","0","0","107700"
"108705","마이너 힐링","minor healing","Heal 60 HP","16","0","0","2601","7012","0","0","0","601","-1","2","5","1087","100","0","9","0","0","0","0","0","100","3","0","25","0","0","5","107705"
"108710","이베이드","evade","Increases your defense ability by 200. ","24","0","0","2701","-1","0","0","0","2706","-1","1","10","1087","40","0","9","0","0","300","0","0","100","4","0","0","0","0","10","107710"
"108715","캣츠 아이즈","Cat's eyes","Allows you to see an invisible enemy for 20 seconds","18","0","0","2701","-1","0","0","0","0","-1","1","15","1087","60","0","9","0","15","40","0","0","70","9","0","0","0","0","15","107715"
"108725","라이트 핏","light feet","Temporarily increases your running speed by 2 times","24","0","0","2701","-1","0","0","0","702","-1","1","25","1087","40","0","9","0","0","102","0","0","100","4","0","0","0","0","25","107725"
"108730","세이프티","safety","Increases your defense ability by 400. ","24","0","0","2701","-1","0","0","0","2707","-1","1","30","1087","80","0","9","0","0","300","0","0","100","4","0","0","0","0","30","107730"
"108735","루페인 아이즈","Lupine Eyes","Allows you and your party members to see an invisible enemy for 50 seconds","18","0","0","2701","-1","0","0","0","0","-1","1","35","1087","200","0","9","0","20","90","0","0","70","9","0","25","0","0","35","107735"
"108736","큐어 커스","Cure curse","Recovers lost skill points","18","0","0","2701","-1","0","0","0","702","-1","2","36","1087","80","0","9","370005000","15","12","0","0","100","5","0","25","0","0","36","107736"
"108748","큐어 디지즈","Cure disease","Neutralizes magics that decrease your HP","18","0","0","2701","-1","0","0","0","702","-1","2","48","1087","80","0","9","370006000","15","12","0","0","100","5","0","25","0","0","48","107748"
"108760","스케일드 스킨","scaled skin","Increases your defense ability by 800. ","24","0","0","2701","-1","0","0","0","2708","-1","1","60","1087","160","0","9","0","0","300","0","0","100","4","0","0","0","0","60","107760"
"108770","와일드 어드벤트","Wild advent","Teleports to an enemy that are standing within a certain distance from you. ","0","0","0","701","-1","0","0","0","0","0","7","70","1087","130","0","9","0","0","1200","0","0","80","8","0","50","52","0","70","108770"
"108775","집중력 강화","Concentration","","18","0","0","2701","-1","0","0","0","702","-1","1","75","1087","200","0","9","0","15","400","0","0","100","4","0","0","513","0","75","108775"
"108780","스모크 스크린","Smoke Screen","","36","0","0","10059","12","0","0","10060","10045","0","12","80","1087","250","0","9","379060000","15","600","0","0","100","4","0","25","514","0","80","108780"
"108800","밸러","valor","[Passive]Increase your defense by 50% when your HP is down to 30% or below.","18","0","0","2701","-1","0","0","0","10121","0","1","0","1088","0","0","9","0","0","0","0","0","100","0","0","0","0","0","0","108800"
"108802","매직 쉴드","Magic Shield","Temporarily increases all your resistant point ","18","2","0","10122","-1","0","0","0","10123","-1","1","2","1088","200","0","9","379064000","10","600","0","0","100","4","0","0","0","0","2","108802"
"108805","앱솔루트니스","absoluteness","[Passive]Decreases all damages received by 10%","18","0","0","2701","-1","0","0","0","0","0","1","5","1088","0","0","9","0","0","0","0","0","100","0","0","0","0","0","5","108805"
"108810","매치리스","matchless","[Passive]Decreases all damages received by 15%","18","0","0","2701","-1","0","0","0","0","0","1","10","1088","0","0","9","0","0","0","0","0","100","0","0","0","0","0","10","108810"
"108815","소스 마킹","Source Marking","","36","0","0","10059","12","0","0","10060","10045","0","7","15","1088","200","0","9","0","15","1200","0","0","100","4","0","25","0","0","15","108815"
"108820","무기 해제","Armor Cancellation","","18","0","0","2202","2","0","0","0","801","-1","7","20","1088","250","0","9","379060000","7","600","0","0","100","4","0","5","0","0","20","108820"
"109001","플레쉬","Flash","Use magic shocks to attack the enemy","16","0","0","2601","12","0","0","0","101","0","7","1","1090","4","0","9","0","15","43","0","0","30","3","0","25","0","0","1","103001"
"109003","쉬버","Shiver","Continuous attack done for a set period of time ","16","0","0","2601","12","0","0","0","201","0","7","3","1090","5","0","9","0","15","43","0","0","30","3","0","25","0","0","3","103003"
"109004","파티원 소환","summon friend","Retrieve a party member","16","0","0","2401","2","0","0","0","401","0","4","4","1090","5","0","9","0","15","0","0","0","100","8","0","10000","0","0","4","109004"
"109005","플레임","Flame","A flame attack","16","0","0","2101","2","0","0","0","101","0","7","5","1090","5","0","9","0","15","43","0","0","30","3","0","25","0","0","5","103005"
"109007","콜드 웨이브","Cold wave","An Glacier attack that slows down your enemy for a set period of time","16","0","0","2201","2","0","0","0","201","0","7","7","1090","7","0","9","0","15","43","0","0","30","3","4","25","0","0","7","103007"
"109009","스파크","Spark","Spark Lightningity on your enemy. It also has an added effect of neutralizing magic attacks.","16","0","0","2301","2","0","0","0","301","0","7","9","1090","15","0","9","0","15","43","0","0","30","3","0","25","0","0","9","103009"
"109015","게이트","Gate","Teleport to the chosen resurrection spot ","16","0","0","2401","2","0","0","0","401","-1","1","15","1090","30","0","9","0","15","100","0","0","30","8","0","25","0","0","15","109015"
"109035","에스케이프","Escape","Teleport all party members to your resurrection spot","16","0","0","2401","2","0","0","0","401","0","6","35","1090","400","0","9","0","15","600","0","0","30","8","0","10000","0","0","35","109035"
"109036","위핑","whipping","Temporarily incrases your running speed","24","0","0","2701","-1","0","0","0","10029","-1","1","1","1099","5","0","9","0","0","300","0","0","100","4","0","0","0","0","1","101010"
"109503","번","Burn","A failsafe flame attack","16","0","0","2101","2","0","0","0","101","0","7","3","1095","20","0","9","0","10","0","0","0","100","3","0","5","0","0","3","109503"
"109506","레지스트 파이어","Resist fire","Increase resistance to fire by 20","16","0","0","2701","-1","0","0","0","701","-1","2","6","1095","15","0","9","0","15","0","0","0","30","4","0","25","0","0","6","109506"
"109509","블레이즈","Blaze","Burn your enemy with flames for a  set period of time","16","0","0","2101","2","0","0","0","101","0","7","9","1095","30","0","9","0","15","53","0","0","30","3","0","25","0","0","9","109509"
"109515","파이어 볼","Fire ball","Launch fireball at your enemy from far away ","16","0","0","2101","2","0","0","191","101","0","7","15","1095","50","0","9","0","15","43","0","0","30","3","0","35","0","0","15","109515"
"109518","이그니션","Ignition","Spark flames on your enemy.  Additional damage are done to the enemy for a set period of time.","16","0","0","2101","2","0","0","0","111","0","7","18","1095","60","0","9","0","10","0","0","0","30","3","0","25","0","0","18","109518"
"109524","인듀어 파이어","Endure fire","Increase resistance to fire by 50","16","0","0","2701","-1","0","0","0","701","-1","2","24","1095","50","0","9","0","15","0","0","0","30","4","0","25","0","0","24","109524"
"109527","파이어 스피어","Fire spear","Launch fire spears at your enemy from far away","16","0","0","2102","2","0","0","192","102","0","7","27","1095","80","0","9","0","15","43","0","0","30","3","0","35","0","0","27","109527"
"109533","파이어 버스트","Fire burst","Launch solid fire objects at your enemy from far away","16","0","0","2102","2","0","0","191","101","0","10","33","1095","150","0","9","0","15","0","0","0","30","3","0","25","0","0","33","109533"
"109535","파이어 블래스트","Fire blast","Launch fire blast at your enemy from far away","16","0","0","2102","2","0","0","193","102","0","7","35","1095","150","0","9","370001000","15","43","0","0","30","3","0","35","0","0","35","109535"
"109539","헬파이어","Hell fire","Burn your enemy with the flames of hell for a set period of time","16","0","0","2102","2","0","0","0","131","0","7","39","1095","150","0","9","0","15","43","0","0","30","3","0","25","0","0","39","109539"
"109542","파이어 블레이드","fire blade","Hit your enemy with a staff.  It has additional fire damage.","130","0","0","2102","2","0","0","0","102","0","7","42","1095","100","0","11","0","0","0","0","0","100","1","3","5","0","0","10","109542"
"109543","스펙터 오브 파이어","specter of fire","","16","0","0","2102","2","0","0","0","102","0","7","43","1095","75","0","9","0","10","0","0","0","100","3","0","5","0","0","43","109543"
"109545","인페르노","Inferno","Retrieve fires of hell onto a specific location","16","0","0","2102","2","0","0","0","2911","255","10","45","1095","200","0","9","0","15","153","0","0","30","3","0","25","0","0","45","109545"
"109548","이뮤니티 파이어","Immunity fire","Increase resistance to fire by 80","16","0","0","2702","-1","0","0","0","701","-1","2","48","1095","80","0","9","0","15","0","0","0","30","4","0","25","0","0","48","109548"
"109551","필라 어브 파이어","Pillar of fire","Burn your enemy with a great flame","16","0","0","2103","0","0","0","0","113","0","7","51","1095","160","0","9","0","15","53","0","0","30","3","0","25","0","0","51","109551"
"109554","파이어 쏜","Fire Thorn","Inflict flame damage and absorb their HP.  Absorbing HP is allowed on other players only.  ","16","3","0","2103","0","0","0","0","113","0","7","54","1095","220","0","9","379069000","15","60","0","0","30","3","0","25","0","0","54","109554"
"109556","메이니즈 오브 파이어","Manes of fire","","16","0","0","2102","2","0","0","0","102","0","7","56","1095","95","0","9","0","10","0","0","0","100","3","0","5","0","0","56","109556"
"109557","파이어 임펙트","Fire Impact","Inflict powerful flame damage with continuous damage which lasts temporarily. ","16","0","0","2103","0","0","0","193","113","0","7","57","1095","220","0","9","379070000","15","203","0","0","30","3","0","25","0","0","57","109557"
"109560","슈퍼노바","Supernova","Retrieve a supernova that explodes with great power","16","0","0","2103","0","0","0","0","2901","255","10","60","1095","400","0","9","0","15","153","0","0","30","3","0","25","0","0","60","109560"
"109603","프리즈","Freeze","A failsafe Glacier attack","16","0","0","2201","2","0","0","0","201","0","7","3","1096","20","0","9","0","15","0","0","0","100","3","4","5","0","0","3","109603"
"109606","레지스트 콜드","Resist cold","Increase resistance to Glacier by 20","16","0","0","2701","-1","0","0","0","701","-1","2","6","1096","15","0","9","0","15","0","0","0","30","4","0","25","0","0","6","109606"
"109609","칠","Chill","Lowers the enemy's body temperature. It slows down your enemy for 20 seconds","16","0","0","2201","2","0","0","0","201","0","7","9","1096","30","0","9","0","15","53","0","0","30","3","4","25","0","0","9","109609"
"109612","프로즌 아머","Frozen armor","Incrases defense ability","16","0","0","2701","-1","0","0","0","701","-1","2","12","1096","40","0","9","0","15","0","0","0","30","4","0","25","0","0","12","109612"
"109615","아이스 애로우","Ice arrow","An Glacier magic which allows you to attack an opponent from far away.  It also slows down your enemy for a set period of time. ","16","0","0","2201","2","0","0","291","201","0","7","15","1096","50","0","9","0","15","43","0","0","30","3","4","35","0","0","15","109615"
"109618","솔리드","Solid","Inflict Glacier damage to your enemy. It has an added effect of slowing down your enemy.","16","0","0","2201","2","0","0","0","202","0","7","18","1096","60","0","9","0","15","0","0","0","30","3","4","25","0","0","18","109618"
"109624","인듀어 콜드","Endure cold","Increase resistance to Glacier by 50","16","0","0","2701","-1","0","0","0","701","-1","2","24","1096","50","0","9","0","15","0","0","0","30","4","0","25","0","0","24","109624"
"109627","아이스 오브","Ice orb","An Glacier magic which allows you to attack an opponent from far away.  It also slows down your enemy for a set period of time. ","16","0","0","2202","2","0","0","292","202","-1","7","27","1096","80","0","9","0","15","43","0","0","30","3","4","35","0","0","27","109627"
"109630","프로즌 쉘","Frozen shell","Incrases defense ability","16","0","0","2701","-1","0","0","0","701","-1","2","30","1096","80","0","9","0","15","0","0","0","30","4","0","25","0","0","30","109630"
"109633","아이스 버스트","Ice burst","Launch a big piece of ice at an enemy far away","16","0","0","2202","2","0","0","291","201","0","10","33","1096","150","0","9","0","15","0","0","0","30","3","4","25","0","0","33","109633"
"109635","아이스 블래스트","Ice blast","Launch Ice Blast at an an enemy far away","16","0","0","2202","2","0","0","293","202","-1","7","35","1096","150","0","9","370002000","15","43","0","0","30","3","4","35","0","0","35","109635"
"109639","프로스트바이트","Frostbite","Cause frostbite to an enemy.  It has an added effect of slowing down your enemy.","16","0","0","2202","2","0","0","0","231","0","7","39","1096","150","0","9","0","15","43","0","0","30","3","4","25","0","0","39","109639"
"109642","프로즌 블레이드","frozen blade","Hit your enemy with a staff.  It has additional ice damage.","114","0","0","2202","2","0","0","0","211","-1","7","42","1096","100","0","11","0","0","0","0","0","100","1","3","5","0","0","30","109642"
"109643","스펙터 오브 아이스","specter of Ice","","16","0","0","2202","2","0","0","0","202","-1","7","43","1096","75","0","9","0","10","0","0","0","100","3","0","5","0","0","40","109643"
"109645","블리자드","Blizzard","Snowstorm attack that inflicts damage to all your enemies around you ","16","0","0","2202","2","0","0","0","2912","255","10","45","1096","200","0","9","0","15","153","0","0","30","3","4","25","0","0","40","109645"
"109648","이뮤니티 콜드","Immunity cold","Increase resistance to Glacier by 80","16","0","0","2702","-1","0","0","0","701","-1","2","48","1096","80","0","9","0","15","0","0","0","30","4","0","25","0","0","40","109648"
"109651","아이스 코멧","Ice comet","Retrieve an ice comet to attack your enemy","16","0","0","2203","0","0","0","0","213","-1","7","51","1096","160","0","9","0","15","53","0","0","30","3","4","25","0","0","40","109651"
"109654","아이스 배리어","Ice barrier","Incrases defense ability","16","0","0","2701","-1","0","0","0","701","-1","2","54","1096","120","0","9","0","15","0","0","0","30","4","0","25","0","0","40","109654"
"109656","메이니즈 오브 아이스","Manes of Ice","","16","0","0","2202","2","0","0","0","202","-1","7","56","1096","95","0","9","0","10","0","0","0","100","3","0","5","0","0","40","109656"
"109657","아이스 임펙트","Ice Impact","Inflict powerful Glacier damage with continuous damage which lasts temporarily.","16","0","0","2203","0","0","0","293","213","-1","7","57","1096","220","0","9","379070000","15","203","0","0","30","3","4","25","0","0","40","109657"
"109660","프로스트 노바","Frost nova","Explosion of ice glacier. Inflicts damage to enemies in a certain range and slows them down","16","0","0","2203","0","0","0","0","2902","255","10","60","1096","400","0","9","0","15","153","0","0","30","3","4","25","0","0","40","109660"
"109703","차아지","Charge","A failsafe Lightning attack ","16","0","0","2301","2","0","0","0","301","-1","7","3","1097","20","0","9","0","15","0","0","0","100","3","0","5","0","0","3","109703"
"109706","레지스트 라이트닝","Resist lightning","Increase resistance to Lightningty by 20","16","0","0","2701","-1","0","0","0","701","-1","2","6","1097","15","0","9","0","15","0","0","0","30","4","0","25","0","0","6","109706"
"109709","카운터 스펠","Counter spell","A Lightning magic attak that neutralizes enemy's magic attack","16","0","0","2301","2","0","0","0","311","0","7","9","1097","30","0","9","0","15","53","0","0","30","3","0","25","0","0","9","109709"
"109715","라이트닝","Lightning","An Lightning attack that allows you to attack an enemy from far away. It has an added effect of neutralizing enemy's magic attacks","16","0","0","2301","2","0","0","0","311","0","7","15","1097","50","0","9","0","15","43","0","0","30","3","0","35","0","0","15","109715"
"109718","스테이틱 헤미스피어","Static hemisphere","Form an Lightning sphere around your enemy","16","0","0","2301","2","0","0","0","313","-1","7","18","1097","60","0","9","0","15","0","0","0","30","3","0","25","0","0","18","109718"
"109724","인듀어 라이트닝","Endure lightning","Increase resistance to Lightningty by 50","16","0","0","2701","-1","0","0","0","701","-1","2","24","1097","50","0","9","0","15","0","0","0","30","4","0","25","0","0","24","109724"
"109727","썬더","Thunder","A Lightning magic that allows you to attack an enemy from far away","16","0","0","2302","2","0","0","0","302","-1","7","27","1097","80","0","9","0","15","43","0","0","30","3","0","35","0","0","27","109727"
"109733","썬더 버스트","Thunder burst","Launch a Lightning sphere to attack an enemy from far away","16","0","0","2302","2","0","0","391","302","-1","10","33","1097","150","0","9","0","15","0","0","0","30","3","0","25","0","0","33","109733"
"109735","썬더 블래스트","Thunder blast","Use thunder blast to attack an enemy from far away","16","0","0","2302","2","0","0","391","313","0","7","35","1097","150","0","9","370003000","15","43","0","0","30","3","0","35","0","0","35","109735"
"109739","디스차아지","Discharge","Shock your enemy with Lightningity for a certain period of time. It has an added effect of neutralizing enemy's magic attack","16","0","0","2302","2","0","0","0","331","0","7","39","1097","150","0","9","0","15","43","0","0","30","3","0","25","0","0","39","109739"
"109742","차아지드 블레이드","charged blade","Hit your enemy with a staff.  It has additional Lightning damage.","122","0","0","2302","2","0","0","0","302","-1","7","42","1097","100","0","11","0","0","0","0","0","100","1","3","5","0","0","10","109742"
"109743","스펙터 오브 썬더","specter of thunder","","16","0","0","2302","2","0","0","0","313","0","7","43","1097","75","0","9","0","10","0","0","0","100","3","0","5","0","0","40","109743"
"109745","썬더클라우드","Thundercloud","Retrieve a thundercloud","16","0","0","2302","2","0","0","0","2913","255","10","45","1097","200","0","9","0","15","153","0","0","30","3","0","25","0","0","40","109745"
"109748","이뮤니티 라이트닝","Immunity lightning","Increase resistance to Lightningty by 80","16","0","0","2702","-1","0","0","0","701","-1","2","48","1097","80","0","9","0","15","0","0","0","30","4","0","25","0","0","40","109748"
"109751","스테이틱 오브","Static orb","Launch a charged Lightning ball","16","0","0","2303","0","0","0","392","313","0","7","51","1097","160","0","9","0","15","53","0","0","30","3","0","25","0","0","40","109751"
"109754","스테이틱 쏜","Static Thorn","Inflict Lightning damage and absorb their HP.  Absorbing HP is allowed on other players only. ","16","3","0","2303","0","0","0","392","313","0","7","54","1097","220","0","9","379069000","15","60","0","0","30","3","0","25","0","0","40","109754"
"109756","메이니즈 오브 썬더","Manes of thunder","","16","0","0","2302","2","0","0","0","313","0","7","56","1097","95","0","9","0","10","0","0","0","100","3","0","5","0","0","40","109756"
"109757","썬더 임펙트","Thunder Impact","Inflict powerful Lightning damage with continuous damage which lasts temporarily.","16","0","0","2303","0","0","0","392","313","0","7","57","1097","220","0","9","379070000","15","203","0","0","30","3","0","25","0","0","40","109757"
"109760","스테이틱 노바","Static nova","Great Lightning explosion","16","0","0","2303","0","0","0","0","2903","255","10","60","1097","400","0","9","0","15","153","0","0","30","3","0","25","0","0","40","109760"
"110001","플레쉬","Flash","Use magic shocks to attack the enemy","16","0","0","2601","12","0","0","0","101","0","7","1","1100","4","0","9","0","15","43","0","0","30","3","0","25","0","0","1","103001"
"110003","쉬버","Shiver","Continuous attack done for a set period of time ","16","0","0","2601","12","0","0","0","201","0","7","3","1100","5","0","9","0","15","43","0","0","30","3","0","25","0","0","3","103003"
"110004","파티원 소환","summon friend","Retrieve a party member","16","0","0","2401","2","0","0","0","401","0","4","4","1100","5","0","9","0","15","0","0","0","100","8","0","10000","0","0","4","109004"
"110005","플레임","Flame","Burn your enemy with flames","16","0","0","2101","2","0","0","0","101","0","7","5","1100","5","0","9","0","15","43","0","0","30","3","0","25","0","0","5","103005"
"110007","콜드 웨이브","Cold wave","A Glacier attack that slows down your enemy for a set period of time","16","0","0","2201","2","0","0","0","201","0","7","7","1100","7","0","9","0","15","43","0","0","30","3","4","25","0","0","7","103007"
"110009","스파크","Spark","Spark Lightningity on your enemy. It also has an added effect of neutralizing magic attacks.","16","0","0","2301","2","0","0","0","301","0","7","9","1100","15","0","9","0","15","43","0","0","30","3","0","25","0","0","9","103009"
"110015","게이트","Gate","Teleport to your chosen resurrection spot","16","0","0","2401","2","0","0","0","401","-1","1","15","1100","30","0","9","0","15","100","0","0","30","8","0","25","0","0","15","109015"
"110035","에스케이프","Escape","Teleport all party members to your resurrection spot","16","0","0","2401","2","0","0","0","401","0","6","35","1100","400","0","9","0","15","600","0","0","30","8","0","10000","0","0","35","109035"
"110036","위핑","whipping","Temporarily incrases your running speed","24","0","0","2701","-1","0","0","0","10029","-1","1","1","1109","5","0","9","0","0","300","0","0","100","4","0","0","0","0","1","101010"
"110503","번","Burn","A fail-safe flame attack","16","0","0","2101","2","0","0","0","101","0","7","3","1105","20","0","9","0","10","0","0","0","100","3","0","5","0","0","3","109503"
"110506","레지스트 파이어","Resist fire","Increase resistance to fire by 20","16","0","0","2701","-1","0","0","0","701","-1","2","6","1105","15","0","9","0","15","0","0","0","30","4","0","25","0","0","6","109506"
"110509","블레이즈","Blaze","Burn your enemy with flames for a  set period of time","16","0","0","2101","2","0","0","0","101","0","7","9","1105","30","0","9","0","15","53","0","0","30","3","0","25","0","0","9","109509"
"110515","파이어 볼","Fire ball","Launch fireball at your enemy from far away ","16","0","0","2101","2","0","0","191","101","0","7","15","1105","50","0","9","0","15","43","0","0","30","3","0","35","0","0","15","109515"
"110518","이그니션","Ignition","Spark flames on your enemy.  Additional damages are done to the enemy for a set period of time.","16","0","0","2101","2","0","0","0","111","0","7","18","1105","60","0","9","0","10","0","0","0","30","3","0","25","0","0","18","109518"
"110524","인듀어 파이어","Endure fire","Increase resistance to fire by 50","16","0","0","2701","-1","0","0","0","701","-1","2","24","1105","50","0","9","0","15","0","0","0","30","4","0","25","0","0","24","109524"
"110527","파이어 스피어","Fire spear","Launch fire spears at your enemy from far away","16","0","0","2102","2","0","0","192","102","0","7","27","1105","80","0","9","0","15","43","0","0","30","3","0","35","0","0","27","109527"
"110533","파이어 버스트","Fire burst","Launch solid fire objects at your enemy from far away","16","0","0","2102","2","0","0","191","101","0","10","33","1105","150","0","9","0","15","0","0","0","30","3","0","25","0","0","33","109533"
"110535","파이어 블래스트","Fire blast","Launch fire blast at your enemy from far away","16","0","0","2102","2","0","0","193","102","0","7","35","1105","150","0","9","370001000","15","43","0","0","30","3","0","35","0","0","35","109535"
"110539","헬파이어","Hell fire","Burn your enemy with the flames of hell for a set period of time","16","0","0","2102","2","0","0","0","131","0","7","39","1105","150","0","9","0","15","43","0","0","30","3","0","25","0","0","39","109539"
"110542","파이어 블레이드","fire blade","Hit your enemy with a staff.  It has additional fire damage.","130","0","0","2102","2","0","0","0","102","0","7","42","1105","100","0","11","0","0","0","0","0","100","1","3","5","0","0","42","109542"
"110543","스펙터 오브 파이어","specter of fire","","16","0","0","2102","2","0","0","0","102","0","7","43","1105","75","0","9","0","10","0","0","0","100","3","0","5","0","0","43","109543"
"110545","인페르노","Inferno","Retrieve fires of hell onto a specific location","16","0","0","2102","2","0","0","0","2911","255","10","45","1105","200","0","9","0","15","153","0","0","30","3","0","25","0","0","45","109545"
"110548","이뮤니티 파이어","Immunity fire","Increase resistance to fire by 80","16","0","0","2702","-1","0","0","0","701","-1","2","48","1105","80","0","9","0","15","0","0","0","30","4","0","25","0","0","48","109548"
"110551","필라 어브 파이어","Pillar of fire","Burn your enemy with a great flame","16","0","0","2103","0","0","0","0","113","0","7","51","1105","160","0","9","0","15","53","0","0","30","3","0","25","0","0","51","109551"
"110554","파이어 쏜","Fire Thorn","Inflict flame damage and absorb their HP.  Absorbing HP is allowed on other players only. ","16","3","0","2103","0","0","0","0","113","0","7","54","1105","220","0","9","379069000","15","60","0","0","30","3","0","25","0","0","54","109554"
"110556","메이니즈 오브 파이어","Manes of fire","","16","0","0","2102","2","0","0","0","102","0","7","56","1105","95","0","9","0","10","0","0","0","100","3","0","5","0","0","56","109556"
"110557","파이어 임펙트","Fire Impact","Inflict powerful flame damage with continuous damage which lasts temporarily. ","16","0","0","2103","0","0","0","0","113","0","7","57","1105","220","0","9","379070000","15","203","0","0","30","3","0","25","0","0","57","109557"
"110560","슈퍼노바","Supernova","Retrieve a supernova that explodes with great power","16","0","0","2103","0","0","0","0","2901","255","10","60","1105","400","0","9","0","15","153","0","0","30","3","0","25","0","0","60","109560"
"110570","인시너레이션","incineration","Retrieves a flaming meteor and drop it on an enemy. ","16","0","0","2103","0","0","0","0","113","0","7","70","1105","390","0","9","0","11","213","0","0","30","3","0","20","53","0","70","110570"
"110571","메테오 폴","meteor Fall","Retrieve flaming meteors to attack enemies standing within a certain area. ","16","0","0","2103","0","0","0","0","2901","255","10","70","1105","600","0","9","0","13","183","0","0","30","3","0","20","53","0","70","110571"
"110572","파이어 스테프","Fire Staff","","130","0","0","2102","2","0","0","0","102","0","7","72","1105","300","0","11","0","0","0","0","0","100","1","3","5","515","0","40","110572"
"110573","화염의 갑주","Fire Armor","","16","0","0","2103","0","0","0","0","141","0","1","75","1105","250","0","9","379061000","15","1200","0","0","100","4","0","0","516","0","75","110573"
"110574","화이어 뱀피릭","Vampiric Fire","","16","0","0","2101","2","0","0","192","141","0","7","80","1105","350","0","9","0","15","600","0","0","100","3","0","25","517","0","80","110574"
"110575","이그지네이션","Igzination","Retrieves a flaming meteor and drop it on an enemy. ","16","0","0","2103","0","0","0","0","141","0","7","80","1105","390","0","9","0","11","213","0","0","30","3","0","35","517","0","80","110575"
"110603","프리즈","Freeze","A fail-safe Glacier attack","16","0","0","2201","2","0","0","0","201","0","7","3","1106","20","0","9","0","15","0","0","0","100","3","4","5","0","0","3","109603"
"110606","레지스트 콜드","Resist cold","Increase resistance to Glacier by 20","16","0","0","2701","-1","0","0","0","701","-1","2","6","1106","15","0","9","0","15","0","0","0","30","4","0","25","0","0","6","109606"
"110609","칠","Chill","Lowers the enemy's body temperature. It slows down your enemy for 20 seconds","16","0","0","2201","2","0","0","0","201","0","7","9","1106","30","0","9","0","15","53","0","0","30","3","4","25","0","0","9","109609"
"110612","프로즌 아머","Frozen armor","Incrases defense ability","16","0","0","2701","-1","0","0","0","701","-1","2","12","1106","40","0","9","0","15","0","0","0","30","4","0","25","0","0","12","109612"
"110615","아이스 애로우","Ice arrow","A Glacier magic which allows you to attack an opponent from far away.  It also slows down your enemy for a set period of time. ","16","0","0","2201","2","0","0","291","201","0","7","15","1106","50","0","9","0","15","43","0","0","30","3","4","35","0","0","15","109615"
"110618","솔리드","Solid","Inflict Glacier damage to your enemy. It has an added effect of slowing down your enemy.","16","0","0","2201","2","0","0","0","202","0","7","18","1106","60","0","9","0","15","0","0","0","30","3","4","25","0","0","18","109618"
"110624","인듀어 콜드","Endure cold","Increase resistance to Glacier by 50","16","0","0","2701","-1","0","0","0","701","-1","2","24","1106","50","0","9","0","15","0","0","0","30","4","0","25","0","0","24","109624"
"110627","아이스 오브","Ice orb","A Glacier magic which allows you to attack an opponent from far away.  It also slows down your enemy for a set period of time. ","16","0","0","2202","2","0","0","292","202","-1","7","27","1106","80","0","9","0","15","43","0","0","30","3","4","35","0","0","27","109627"
"110630","프로즌 쉘","Frozen shell","Incrases defense ability","16","0","0","2701","-1","0","0","0","701","-1","2","30","1106","80","0","9","0","15","0","0","0","30","4","0","25","0","0","30","109630"
"110633","아이스 버스트","Ice burst","Launch a big piece of ice at an enemy far away","16","0","0","2202","2","0","0","291","201","0","10","33","1106","150","0","9","0","15","0","0","0","30","3","4","25","0","0","33","109633"
"110635","아이스 블래스트","Ice blast","Launch Ice Blast at an an enemy far away","16","0","0","2202","2","0","0","293","202","-1","7","35","1106","150","0","9","370002000","15","43","0","0","30","3","4","35","0","0","35","109635"
"110639","프로스트바이트","Frostbite","Cause frostbite to an enemy.  It has an added effect of slowing down your enemy.","16","0","0","2202","2","0","0","0","231","0","7","39","1106","150","0","9","0","15","43","0","0","30","3","4","25","0","0","39","109639"
"110642","프로즌 블레이드","frozen blade","Hit your enemy with a staff.  It has additional ice damage.","114","0","0","2202","2","0","0","0","211","-1","7","42","1106","100","0","11","0","0","0","0","0","100","1","3","5","0","0","10","109642"
"110643","스펙터 오브 아이스","specter of Ice","","16","0","0","2202","2","0","0","0","202","-1","7","43","1106","75","0","9","0","10","0","0","0","100","3","0","5","0","0","40","109643"
"110645","블리자드","Blizzard","Snowstorm attack that inflicts damage to all your enemies around you ","16","0","0","2202","2","0","0","0","2912","255","10","45","1106","200","0","9","0","15","153","0","0","30","3","4","25","0","0","40","109645"
"110648","이뮤니티 콜드","Immunity cold","Increase resistance to Glacier by 80","16","0","0","2702","-1","0","0","0","701","-1","2","48","1106","80","0","9","0","15","0","0","0","30","4","0","25","0","0","40","109648"
"110651","아이스 코멧","Ice comet","Retrieve an ice comet to attack your enemy","16","0","0","2203","0","0","0","0","213","-1","7","51","1106","160","0","9","0","15","53","0","0","30","3","4","25","0","0","40","109651"
"110654","아이스 배리어","Ice barrier","Incrases defense ability","16","0","0","2701","-1","0","0","0","701","-1","2","54","1106","120","0","9","0","15","0","0","0","30","4","0","25","0","0","40","109654"
"110656","메이니즈 오브 아이스","Manes of Ice","","16","0","0","2202","2","0","0","0","202","-1","7","56","1106","95","0","9","0","10","0","0","0","100","3","0","5","0","0","40","109656"
"110657","아이스 임펙트","Ice Impact","Inflict powerful Glacier damage with continuous damage which lasts temporarily. ","16","0","0","2203","0","0","0","293","213","-1","7","57","1106","220","0","9","379070000","15","203","0","0","30","3","4","25","0","0","40","109657"
"110660","프로스트 노바","Frost nova","Explosion of ice glacier. Inflicts damage to enemies in a certain range and slows them down","16","0","0","2203","0","0","0","0","2902","255","10","60","1106","400","0","9","0","15","153","0","0","30","3","4","25","0","0","40","109660"
"110670","프리즈매틱","Prismatic","Retrieves a frozen meteor and drop it on an enemy. ","16","0","0","2203","0","0","0","0","213","-1","7","70","1106","390","0","9","0","11","213","0","0","30","3","4","20","53","0","40","110670"
"110671","아이스 스톰","ice storm","Retrieve frozen meteors to attack enemies standing within a certain area. ","16","0","0","2203","0","0","0","0","2902","255","10","70","1106","600","0","9","0","13","183","0","0","30","3","4","20","53","0","40","110671"
"110672","아이스 스테프","Ice Staff","","114","0","0","2202","2","0","0","0","211","-1","7","72","1106","300","0","11","0","0","0","0","0","100","1","3","5","515","0","30","110672"
"110673","냉혹의 갑주","Ice Armor","","16","0","0","2701","-1","0","0","0","241","-1","1","75","1106","250","0","9","379061000","15","1200","0","0","100","4","0","0","516","0","75","110673"
"110674","프리징 디스턴스","Freezing Distance","","16","0","0","2203","0","0","0","293","241","-1","7","80","1106","350","0","9","379061000","15","600","0","0","100","4","0","25","517","0","80","110674"
"110703","차아지","Charge","A fail-safe Lightning attack ","16","0","0","2301","2","0","0","0","301","-1","7","3","1107","20","0","9","0","15","0","0","0","100","3","0","5","0","0","3","109703"
"110706","레지스트 라이트닝","Resist lightning","Increase resistance to Lightningty by 20","16","0","0","2701","-1","0","0","0","701","-1","2","6","1107","15","0","9","0","15","0","0","0","30","4","0","25","0","0","6","109706"
"110709","카운터 스펠","Counter spell","A Lightning magic attak that neutralizes enemy's magic attack","16","0","0","2301","2","0","0","0","311","0","7","9","1107","30","0","9","0","15","53","0","0","30","3","0","25","0","0","9","109709"
"110715","라이트닝","Lightning","An Lightning attack that allows you to attack an enemy from far away. It has an added effect of neutralizing enemy's magic attacks","16","0","0","2301","2","0","0","0","311","0","7","15","1107","50","0","9","0","15","43","0","0","30","3","0","35","0","0","15","109715"
"110718","스테이틱 헤미스피어","Static hemisphere","Form an Lightning sphere around your enemy","16","0","0","2301","2","0","0","0","313","-1","7","18","1107","60","0","9","0","15","0","0","0","30","3","0","25","0","0","18","109718"
"110724","인듀어 라이트닝","Endure lightning","Increase resistance to Lightningty by 50","16","0","0","2701","-1","0","0","0","701","-1","2","24","1107","50","0","9","0","15","0","0","0","30","4","0","25","0","0","24","109724"
"110727","썬더","Thunder","A Lightning magic that allows you to attack an enemy from far away","16","0","0","2302","2","0","0","0","302","-1","7","27","1107","80","0","9","0","15","43","0","0","30","3","0","35","0","0","27","109727"
"110733","썬더 버스트","Thunder burst","Launch a Lightning sphere to attack an enemy from far away","16","0","0","2302","2","0","0","391","302","-1","10","33","1107","150","0","9","0","15","0","0","0","30","3","0","25","0","0","33","109733"
"110735","썬더 블래스트","Thunder blast","Use thunder blast to attack an enemy from far away","16","0","0","2302","2","0","0","391","313","0","7","35","1107","150","0","9","370003000","15","43","0","0","30","3","0","35","0","0","35","109735"
"110739","디스차아지","Discharge","Shock your enemy with Lightningity for a certain period of time. It has an added effect of neutralizing enemy's magic attack","16","0","0","2302","2","0","0","0","331","0","7","39","1107","150","0","9","0","15","43","0","0","30","3","0","25","0","0","39","109739"
"110742","차아지드 블레이드","charged blade","Hit your enemy with a staff.  It has additional Lightning damage.","122","0","0","2302","2","0","0","0","302","-1","7","42","1107","100","0","11","0","0","0","0","0","100","1","3","5","0","0","10","109742"
"110743","스펙터 오브 썬더","specter of thunder","","16","0","0","2302","2","0","0","0","313","0","7","43","1107","75","0","9","0","10","0","0","0","100","3","0","5","0","0","40","109743"
"110745","썬더클라우드","Thundercloud","Retrieve a thundercloud","16","0","0","2302","2","0","0","0","2913","255","10","45","1107","200","0","9","0","15","153","0","0","30","3","0","25","0","0","40","109745"
"110748","이뮤니티 라이트닝","Immunity lightning","Increase resistance to Lightningty by 80","16","0","0","2702","-1","0","0","0","701","-1","2","48","1107","80","0","9","0","15","0","0","0","30","4","0","25","0","0","40","109748"
"110751","스테이틱 오브","Static orb","Launch a charged Lightning ball","16","0","0","2303","0","0","0","392","313","0","7","51","1107","160","0","9","0","15","53","0","0","30","3","0","25","0","0","40","109751"
"110754","스테이틱 쏜","Static Thorn","Inflict Lightning damage and absorb their HP.  Absorbing HP is allowed on other players only. ","16","3","0","2303","0","0","0","392","313","0","7","54","1107","220","0","9","379069000","15","60","0","0","30","3","0","25","0","0","40","109754"
"110756","메이니즈 오브 썬더","Manes of thunder","","16","0","0","2302","2","0","0","0","313","0","7","56","1107","95","0","9","0","10","0","0","0","100","3","0","5","0","0","40","109756"
"110757","썬더 임펙트","Thunder Impact","Inflict powerful Lightning damage with continuous damage which lasts temporarily.","16","0","0","2303","0","0","0","392","313","0","7","57","1107","220","0","9","379070000","15","203","0","0","30","3","0","25","0","0","40","109757"
"110760","스테이틱 노바","Static nova","Great Lightning explosion","16","0","0","2303","0","0","0","0","2903","255","10","60","1107","400","0","9","0","15","153","0","0","30","3","0","25","0","0","40","109760"
"110762","라이트 쇼크","Light Shock","","16","0","0","2303","0","0","0","0","2903","255","10","62","1107","400","0","9","0","15","1800","0","0","30","4","0","25","0","0","40","110762"
"110770","스턴 클라우드","Stun Cloud","Retrieves a electrically charged meteor and drop it on an enemy. ","16","0","0","2303","0","0","0","0","302","-1","7","70","1107","390","0","9","0","11","213","0","0","30","3","0","20","53","0","70","110770"
"110771","체인 라이트닝","Chain lightning","Retrieve electrically charged meteors to attack enemies standing within a certain area. ","16","0","0","2303","0","0","0","0","2903","255","10","70","1107","600","0","9","0","13","183","0","0","30","3","0","20","53","0","40","110771"
"110772","라이트 스테프","Light Staff","","122","0","0","2302","2","0","0","0","313","0","7","72","1107","300","0","11","0","0","0","0","0","100","1","3","5","515","0","30","110772"
"110773","전격의 갑주","Lightning Armor","","16","0","0","2303","0","0","0","0","331","0","1","75","1107","250","0","9","379061000","15","1200","0","0","100","4","0","0","516","0","75","110773"
"110774","블링크","Blink","","18","0","0","10122","-1","0","0","0","10123","-1","1","80","1107","100","0","9","0","0","500","0","0","100","8","0","0","517","0","80","110774"
"110800","브라이트 듀","Bright Dew","[Passive]Increase your MP recovery speed by 20% when your MP is down to 30% or below.","16","0","0","2601","12","0","0","0","10121","0","1","0","1108","0","0","0","0","0","0","0","0","100","0","0","0","0","0","0","110800"
"110802","앱솔루트 파워","Absolute power","Temporarily increase your magic attack power by 30%. ","18","3","0","10122","-1","0","0","0","10123","-1","1","2","1108","240","0","9","379065000","0","600","0","0","100","4","0","25","0","0","2","110802"
"110805","앱솔루트니스","absoluteness","[Passive]Decreases all damages received by 10%","16","0","0","2601","12","0","0","0","0","0","1","5","1108","0","0","9","0","0","0","0","0","100","0","0","0","0","0","5","108805"
"110810","매치리스","matchless","[Passive]Decreases all damages received by 15%","16","0","0","2601","12","0","0","0","0","0","1","10","1108","0","0","9","0","0","0","0","0","100","0","0","0","0","0","10","110810"
"110815","마나 실드","Mana Shield","","16","0","0","2701","-1","0","0","0","701","-1","1","12","1108","150","0","9","0","15","800","0","0","70","4","0","0","0","0","12","110815"
"110820","인스턴틀리 메직","Instantly Magic","","18","0","0","2701","-1","0","0","0","701","-1","1","15","1108","100","0","9","0","0","1800","0","0","100","4","0","0","0","0","15","110820"
"110825","마이너 레지스트","Minor Resist","","16","0","0","2303","0","0","0","0","2903","255","10","20","1108","450","0","9","379061000","13","600","0","0","30","4","0","25","0","0","20","110825"
"111001","티니 힐링","Tiny healing","Heal 15 HP","17","0","0","2601","7012","0","0","0","601","-1","2","1","1110","5","0","9","0","19","0","0","0","80","3","0","25","0","0","1","104001"
"111002","라이트 스트라이크","Light strike","Light magic attack","16","0","0","3101","12","0","0","0","1101","0","7","2","1110","5","0","9","0","15","54","0","0","50","3","0","25","0","0","2","104002"
"111004","스트랭스","Strength","Increase strength by 15","18","0","0","2601","7012","0","0","0","601","-1","2","4","1110","10","0","9","0","15","0","0","0","50","4","0","25","0","0","4","104004"
"111005","라이트 힐링","Light healing","Heal 30 HP","17","0","0","2601","7012","0","0","0","601","-1","2","5","1110","10","0","9","0","19","0","0","0","80","3","0","25","0","0","5","104005"
"111006","레지스트 포이즌","Resist poison","Increase resistance to poison by 20","18","0","0","2701","-1","0","0","0","701","-1","2","6","1110","10","0","9","0","15","0","0","0","50","4","0","25","0","0","6","104006"
"111007","브라이트니스","Brightness","Light magic attack","16","0","0","3101","12","0","0","0","1101","0","7","7","1110","10","0","9","0","15","54","0","0","50","3","0","25","0","0","7","104007"
"111008","티니 리스토어","Tiny restore","Heal 50 HP for 20 seconds","17","0","0","2601","7012","0","0","0","601","-1","2","8","1110","15","0","9","0","15","0","0","0","80","3","0","25","0","0","8","104008"
"111009","위핑","whipping","Temporarily incrases your running speed","24","0","0","2701","-1","0","0","0","10029","-1","1","1","1119","5","0","9","0","0","300","0","0","100","4","0","0","0","0","1","101010"
"111010","라이트 어택","Light Attack","Light magic attack","16","0","0","3101","12","0","0","0","1101","0","7","18","1110","50","0","9","0","15","52","0","0","80","3","0","15","0","0","18","104010"
"111011","라이트 카운터","Light Counter","Light magic attack","16","0","0","3101","12","0","0","0","1101","0","7","24","1110","100","0","9","0","15","54","0","0","80","3","0","15","0","0","24","104011"
"111012","크리티컬 라이트","Critical Light","Light magic attack","16","0","0","3101","12","0","0","0","1101","0","7","33","1110","150","0","9","0","15","54","0","0","80","3","0","15","0","0","33","104012"
"111500","마이너 힐링","minor healing","Heal 60 HP","17","0","0","2601","7012","0","0","0","601","-1","2","0","1115","10","0","9","0","15","0","0","0","80","3","0","25","0","0","0","107705"
"111503","라이트 리스토어","Light restore","Heal 100 HP for 20 seconds","17","0","0","2601","7012","0","0","0","601","-1","2","3","1115","25","0","9","0","15","0","0","0","80","3","0","25","0","0","3","111503"
"111509","힐링","healing","Heal 120 HP","17","0","0","2601","7012","0","0","0","601","-1","2","9","1115","20","0","9","0","15","0","0","0","80","3","0","25","0","0","9","111509"
"111511","컬리젼","collision","A fail-safe attack that inflicts 120% damage.","26","0","0","2601","12","0","0","0","10002","-1","7","12","1115","30","0","0","0","0","1","0","0","100","1","0","0","0","0","12","111511"
"111512","리스토어","Restore","Heal 200 HP for 20 seconds","17","0","0","2601","7012","0","0","0","601","-1","2","12","1115","30","0","9","0","15","0","0","0","80","3","0","25","0","0","12","111512"
"111518","메이져 힐링","major healing","Heal 240 HP","17","0","0","2601","7012","0","0","0","601","-1","2","18","1115","40","0","9","0","15","0","0","0","80","3","0","25","0","0","18","111518"
"111520","셔더링","shuddering","A fail-safe attack that inflicts 150% damage.","26","0","0","2601","12","0","0","0","10002","-1","7","21","1115","40","0","0","0","0","2","0","0","100","1","0","0","0","0","21","111520"
"111521","메이져 리스토어","Major restore","Heal 400 HP for 20 seconds","17","0","0","2601","7012","0","0","0","601","-1","2","21","1115","100","0","9","0","15","0","0","0","80","3","0","25","0","0","21","111521"
"111525","큐어 커스","Cure curse","Recovers lost skill points","18","0","0","2701","-1","0","0","0","702","-1","2","25","1115","60","0","9","0","15","15","0","0","100","5","0","25","0","0","25","111525"
"111527","그레이트 힐링","Great healing","Heal 480 HP","17","0","0","2601","7012","0","0","0","601","-1","2","27","1115","80","0","9","0","15","0","0","0","80","3","0","25","0","0","27","111527"
"111529","블래스팅","blasting","Increase strength by 30. ","18","0","0","2701","-1","0","0","0","701","-1","1","30","1115","80","0","9","0","0","10","0","0","100","4","0","0","0","0","30","111529"
"111530","그레이트 리스토어","Great restore","Heal 800 HP for 20 seconds","17","0","0","2602","1","0","0","0","602","15","2","30","1115","200","0","9","0","15","0","0","0","80","3","0","25","0","0","30","111530"
"111535","큐어 디지즈","Cure disease","Neutralizes magics that decrease your HP","18","0","0","2701","-1","0","0","0","702","-1","2","35","1115","120","0","9","0","15","15","0","0","100","5","0","25","0","0","35","111535"
"111536","메시브 힐링","Massive healing","Heal 960 HP","17","0","0","2602","1","0","0","0","602","15","2","36","1115","160","0","9","0","15","0","0","0","80","3","0","25","0","0","36","111536"
"111539","메시브 리스토어","Massive restore","Heal 1500 HP for 20 seconds","17","0","0","2602","1","0","0","0","602","15","2","39","1115","375","0","9","0","15","0","0","0","80","3","0","25","0","0","39","111539"
"111542","루인","ruin","A fail-safe attack that inflicts 150% damage and 100 damage. ","26","0","0","2601","12","0","0","0","10002","-1","7","42","1115","100","0","0","0","0","20","0","0","100","1","0","0","0","0","42","111542"
"111545","슈피리어 힐링","Superior healing","Heal 1920 HP","17","0","0","2603","0","0","0","0","603","0","2","45","1115","320","0","9","0","15","0","0","0","80","3","0","25","0","0","45","111545"
"111548","슈피리어 리스토어","Superior restore","Heal 2500 HP for 20 seconds","17","0","0","2603","0","0","0","0","603","0","2","48","1115","625","0","9","0","15","0","0","0","80","3","0","25","0","0","48","111548"
"111551","헬리쉬","Hellish","A fail-safe attack that inflicts 200% damage and 50 damage. ","26","0","0","2601","12","0","0","0","10002","-1","7","51","1115","120","0","0","0","0","30","0","0","100","1","0","0","0","0","51","111551"
"111554","컴플리트 힐링","Complete healing","Heal all the members of your party","17","0","0","2603","0","0","0","0","603","0","2","54","1115","960","0","9","0","15","54","0","0","80","3","0","25","0","0","54","111554"
"111557","그룹 메시브 힐링","Group massive healing","Heal all the members of your party with 960 HP","17","0","0","2603","0","0","0","0","603","0","6","57","1115","960","0","9","0","15","54","0","0","80","3","0","25","0","0","57","111557"
"111560","그룹 컴플리트 힐링","Group complete healing","Completely heal all the members of your party","17","0","0","2603","0","0","0","0","603","0","6","60","1115","1920","0","9","0","15","64","0","0","80","3","0","25","0","0","60","111560"
"111603","인센스빌리티 스킨","Insensibility Skin","Increase AC by 20","18","0","0","2701","-1","0","0","0","701","-1","2","3","1116","10","0","9","0","15","0","0","0","50","4","0","25","0","0","3","111603"
"111606","그레이스","Grace","Increase the max HP limit by 60","18","0","0","2701","-1","0","0","0","701","-1","4","6","1116","15","0","9","0","15","0","0","0","50","4","0","25","0","0","6","111606"
"111609","레지스트 올","Resist all","Increase magic, curse, and poison resistance by 20","18","0","0","2701","-1","0","0","0","701","-1","2","9","1116","15","0","9","0","15","0","0","0","50","4","0","25","0","0","9","111609"
"111611","레쓰","Wrath","A fail-safe attack that inflicts 120% damage.","26","0","0","2601","12","0","0","0","10002","-1","7","12","1116","30","0","0","0","0","1","0","0","100","1","0","0","0","0","12","111611"
"111612","인센스빌리티 쉘","Insensibility shell","Increase AC by 40","18","0","0","2701","-1","0","0","0","701","-1","2","12","1116","20","0","9","0","15","0","0","0","50","4","0","25","0","0","12","111612"
"111615","브레이브","Brave","Increase the max HP limit by 120","18","0","0","2701","-1","0","0","0","701","-1","4","15","1116","30","0","9","0","15","0","0","0","50","4","0","25","0","0","15","111615"
"111620","윌드","wield","A fail-safe attack that inflicts 150% damage.","26","0","0","2601","12","0","0","0","10002","-1","7","21","1116","40","0","0","0","0","2","0","0","100","1","0","0","0","0","21","111620"
"111621","인센스빌리티 아머","Insensibility armor","Increase AC by 80","18","0","0","2701","-1","0","0","0","701","-1","2","21","1116","40","0","9","0","15","0","0","0","50","4","0","25","0","0","21","111621"
"111624","스트롱","Strong","Increase the max HP limit by 240","18","0","0","2701","-1","0","0","0","701","-1","4","24","1116","60","0","9","0","15","0","0","0","50","4","0","25","0","0","24","111624"
"111627","브라이트 마인드","Bright mind","Increase magic, curse, and poison resistance by 40","18","0","0","2701","-1","0","0","0","701","-1","2","27","1116","30","0","9","0","15","0","0","0","50","4","0","25","0","0","27","111627"
"111629","와일드니스","wildness","Increase strength by 30. ","18","0","0","2701","-1","0","0","0","701","-1","1","30","1116","80","0","9","0","0","10","0","0","100","4","0","0","0","0","30","111629"
"111630","인센스빌리티 쉴드","Insensibility shield","Increase AC by 120","18","0","0","2702","-1","0","0","0","702","-1","2","30","1116","80","0","9","0","15","0","0","0","50","4","0","25","0","0","30","111630"
"111633","하드니스","Hardness","Increase the max HP limit by 480","18","0","0","2702","-1","0","0","0","702","-1","4","33","1116","120","0","9","0","15","0","0","0","50","4","0","25","0","0","33","111633"
"111636","캄 마인드","Calm mind","Increase magic, curse, and poison resistance by 60","18","0","0","2702","-1","0","0","0","702","-1","2","36","1116","45","0","9","0","15","0","0","0","50","4","0","25","0","0","36","111636"
"111639","인센스빌리티 배리어","Insensibility barrier","Increase AC by 160","18","0","0","2702","-1","0","0","0","702","-1","2","39","1116","80","0","9","0","15","0","0","0","50","4","0","25","0","0","39","111639"
"111641","하쉬","Harsh","A fail-safe attack that inflicts 150% damage and 100 damage. ","26","0","0","2601","12","0","0","0","10002","-1","7","42","1116","100","0","0","0","0","20","0","0","100","1","0","0","0","0","42","111641"
"111642","마이트니스","Mightness","Increase the max HP limit by 960","18","0","0","2703","0","0","0","0","703","-1","4","42","1116","240","0","9","0","15","0","0","0","50","4","0","25","0","0","42","111642"
"111645","프레쉬 마인드","Fresh mind","Increase magic, curse, and poison resistance by 80","18","0","0","2703","0","0","0","0","703","-1","2","45","1116","60","0","9","0","15","0","0","0","50","4","0","25","0","0","45","111645"
"111650","커렙스","collapse","A fail-safe attack that inflicts 200% damage and 50 damage. ","26","0","0","2601","12","0","0","0","10002","-1","7","51","1116","120","0","0","0","0","30","0","0","100","1","0","0","0","0","51","111650"
"111651","인센스빌리티 프로텍터","Insensibility protector","Increase AC by 200","18","0","0","2703","0","0","0","0","703","-1","2","51","1116","100","0","9","0","15","0","0","0","50","4","0","25","0","0","51","111651"
"111654","언다잉","Undying","Increase the max HP limit of the party member by 60%","18","0","0","2703","0","0","0","0","703","-1","4","54","1116","240","0","9","0","15","0","0","0","50","4","0","25","0","0","54","111654"
"111655","힙니스","Heapness","Increase the max HP limit of the party member by 1200","18","0","0","2703","0","0","0","0","703","-1","4","54","1116","300","0","9","0","15","0","0","0","50","4","0","25","0","0","54","111655"
"111656","그레이트니스","Greatness","Increase the max HP limit of all the party member by 1200","18","0","0","2703","0","0","0","0","703","-1","6","57","1116","570","0","9","0","15","0","0","0","50","4","0","45","0","0","57","111656"
"111657","메시브니스","massiveness","Increase the max HP limit of the party member by 1500","18","0","0","2703","0","0","0","0","703","-1","4","57","1116","360","0","9","0","15","0","0","0","50","4","0","25","0","0","57","111657"
"111660","인센스빌리티 필","Insensibility peel","Increase the AC by 300","18","0","0","2703","0","0","0","0","703","-1","2","60","1116","150","0","9","0","15","0","0","0","50","4","0","25","0","0","60","111660"
"111700","게이트","Gate","Teleport to your chosen resurrection spot","19","0","0","2401","2","0","0","0","401","-1","1","0","1117","20","0","9","0","15","74","0","0","50","8","0","25","0","0","0","111700"
"111703","멜리스","Malice","Decrease your enemy's defense ability by 20%","18","0","0","2702","-1","0","0","0","801","0","7","3","1117","40","0","9","0","15","74","0","0","50","4","0","25","0","0","3","111703"
"111709","클리어 마나","Clear mana","Decrease 480 of your enemy's Mana","18","0","0","3101","12","0","0","0","1101","0","7","9","1117","80","0","9","0","15","74","0","0","50","3","0","25","0","0","9","111709"
"111712","틸트","tilt","A fail-safe attack that inflicts 120% damage.","26","0","0","2601","12","0","0","0","10002","-1","7","12","1117","30","0","0","0","0","1","0","0","100","1","0","0","0","0","12","111712"
"111715","컨퓨젼","Confusion","Decrease 30 of your enemy's magic power","18","0","0","2702","-1","0","0","0","801","0","7","15","1117","80","0","9","0","15","74","0","0","50","4","0","25","0","0","15","111715"
"111721","블러디","Bloody","A fail-safe attack that inflicts 150% damage.","26","0","0","2601","12","0","0","0","10002","-1","7","21","1117","40","0","0","0","0","2","0","0","100","1","0","0","0","0","21","111721"
"111724","슬로우","Slow","Decrease your enemy's attack speed by 20%","18","0","0","2702","-1","0","0","0","801","0","7","24","1117","120","0","9","0","15","74","0","0","50","4","0","25","0","0","24","111724"
"111727","리버스 라이프","Reverse life","Neutralizes enemy's HP bonus","18","0","0","2702","-1","0","0","0","801","0","7","27","1117","50","0","9","0","15","94","0","0","50","4","0","25","0","0","27","111727"
"111729","이럽션","eruption","Increase strength by 30. ","18","0","0","2701","-1","0","0","0","701","-1","1","30","1117","80","0","9","0","0","10","0","0","100","4","0","0","0","0","30","111729"
"111730","슬립 윙","Sleep Wing","Puts a monster to sleep for 20 seconds","18","0","0","2702","-1","0","0","0","801","0","7","30","1117","120","0","9","0","15","74","0","0","50","7","0","25","0","0","30","111730"
"111733","사랑의 부활","Resurrection of love","Resurrect losing 40% of the original experience lose","18","0","0","2602","-1","0","0","0","702","-1","25","33","1117","400","0","9","379006000","15","250","0","0","50","5","0","5","0","0","33","111733"
"111736","스윕 마나","Sweep mana","Decrease 960 of your enemy's Mana","18","0","0","3101","12","0","0","0","1101","0","7","36","1117","160","0","9","0","15","74","0","0","50","3","0","25","0","0","36","111736"
"111739","레이빙 엣지","raving edge","A fail-safe attack that inflicts 150% damage and 100 damage. ","26","0","0","2601","12","0","0","0","10002","-1","7","39","1117","100","0","0","0","0","20","0","0","100","1","0","0","0","0","39","111739"
"111742","은총의 부활","Resurrection of grace","Resurrect losing 30% of the original experience lose","18","0","0","2602","-1","0","0","0","702","-1","25","42","1117","600","0","9","379006000","15","250","0","0","50","5","0","5","0","0","42","111742"
"111745","패러사이트","Parasite","Decrease your enemy's max HP by 20%","18","0","0","2702","-1","0","0","0","801","0","7","45","1117","100","0","9","0","15","74","0","0","50","4","0","25","0","0","45","111745"
"111750","하데스","Hades","A fail-safe attack that inflicts 200% damage and 50 damage. ","26","0","0","2601","12","0","0","0","10002","-1","7","51","1117","120","0","0","0","0","30","0","0","100","1","0","0","0","0","51","111750"
"111751","슬립 카펫","sleep Carpet","Puts all the monsters around you to sleep for 20 seconds","18","0","0","2702","-1","0","0","0","801","0","10","51","1117","240","0","9","0","15","94","0","0","50","7","0","25","0","0","51","111751"
"111754","은혜의 부활","Resurrection of favors","Resurrect losing 20% of the original experience lose","18","0","0","2602","-1","0","0","0","702","-1","25","54","1117","800","0","9","379006000","15","250","0","0","50","5","0","5","0","0","54","111754"
"111757","토먼트","Torment","Decrease your enemy's defense ability by 50%","18","0","0","2702","-1","0","0","0","801","0","10","57","1117","150","0","9","0","15","94","0","0","50","4","0","25","0","0","57","111757"
"111760","메시브","Massive","Decrease your enemy's attack power by 20%","18","0","0","2702","-1","0","0","0","801","0","7","60","1117","180","0","9","0","15","104","0","0","50","4","0","25","0","0","60","111760"
"112001","티니 힐링","Tiny healing","Heal 15 HP","17","0","0","2601","7012","0","0","0","601","-1","2","1","1120","5","0","9","0","19","0","0","0","80","3","0","25","0","0","1","104001"
"112002","라이트 스트라이크","Light strike","Light magic attack","16","0","0","3101","12","0","0","0","1101","0","7","2","1120","5","0","9","0","15","54","0","0","50","3","0","25","0","0","2","104002"
"112004","스트랭스","Strength","Increase strength by 15","18","0","0","2601","7012","0","0","0","601","-1","2","4","1120","10","0","9","0","15","0","0","0","50","4","0","25","0","0","4","104004"
"112005","라이트 힐링","Light healing","Heal 30 HP","17","0","0","2601","7012","0","0","0","601","-1","2","5","1120","10","0","9","0","19","0","0","0","80","3","0","25","0","0","5","104005"
"112006","레지스트 포이즌","Resist poison","Increase resistance to poison by 20","18","0","0","2701","-1","0","0","0","701","-1","2","6","1120","10","0","9","0","15","0","0","0","50","4","0","25","0","0","6","104006"
"112007","브라이트니스","Brightness","Light magic attack","16","0","0","3101","12","0","0","0","1101","0","7","7","1120","10","0","9","0","15","54","0","0","50","3","0","25","0","0","7","104007"
"112008","티니 리스토어","Tiny restore","Heal 50 HP for 20 seconds","17","0","0","2601","7012","0","0","0","601","-1","2","8","1120","15","0","9","0","15","0","0","0","80","3","0","25","0","0","8","104008"
"112009","위핑","whipping","Temporarily incrases your running speed","24","0","0","2701","-1","0","0","0","10029","-1","1","1","1129","5","0","9","0","0","300","0","0","100","4","0","0","0","0","1","101010"
"112010","라이트 어택","Light Attack","Light magic attack","16","0","0","3101","12","0","0","0","1101","0","7","18","1120","50","0","9","0","15","25","0","0","80","3","0","15","0","0","18","104010"
"112011","라이트 카운터","Light Counter","Light magic attack","16","0","0","3101","12","0","0","0","1101","0","7","24","1120","100","0","9","0","15","31","0","0","80","3","0","15","0","0","24","104011"
"112012","크리티컬 라이트","Critical Light","Light magic attack","16","0","0","3101","12","0","0","0","1101","0","7","33","1120","150","0","9","0","15","37","0","0","80","3","0","15","0","0","33","104012"
"112500","마이너 힐링","minor healing","Heal 60 HP","17","0","0","2601","7012","0","0","0","601","-1","2","0","1125","10","0","9","0","15","0","0","0","80","3","0","25","0","0","0","107705"
"112503","라이트 리스토어","Light restore","Heal 100 HP for 20 seconds","17","0","0","2601","7012","0","0","0","601","-1","2","3","1125","25","0","9","0","15","0","0","0","80","3","0","25","0","0","3","111503"
"112509","힐링","healing","Heal 120 HP","17","0","0","2601","7012","0","0","0","601","-1","2","9","1125","20","0","9","0","15","0","0","0","80","3","0","25","0","0","9","111509"
"112511","컬리젼","collision","A fail-safe attack that inflicts 120% damage.","26","0","0","2601","12","0","0","0","10002","-1","7","12","1125","30","0","0","0","0","1","0","0","100","1","0","0","0","0","12","111511"
"112512","리스토어","Restore","Heal 200 HP for 20 seconds","17","0","0","2601","7012","0","0","0","601","-1","2","12","1125","30","0","9","0","15","0","0","0","80","3","0","25","0","0","12","111512"
"112518","메이져 힐링","major healing","Heal 240 HP","17","0","0","2601","7012","0","0","0","601","-1","2","18","1125","40","0","9","0","15","0","0","0","80","3","0","25","0","0","18","111518"
"112520","셔더링","shuddering","A fail-safe attack that inflicts 150% damage.","26","0","0","2601","12","0","0","0","10002","-1","7","21","1125","40","0","0","0","0","2","0","0","100","1","0","0","0","0","21","111520"
"112521","메이져 리스토어","Major restore","Heal 400 HP for 20 seconds","17","0","0","2601","7012","0","0","0","601","-1","2","21","1125","100","0","9","0","15","0","0","0","80","3","0","25","0","0","21","111521"
"112525","큐어 커스","Cure curse","Recovers lost skill points","18","0","0","2701","-1","0","0","0","702","-1","2","25","1125","60","0","9","0","15","15","0","0","100","5","0","25","0","0","25","111525"
"112527","그레이트 힐링","Great healing","Heal 480 HP","17","0","0","2601","7012","0","0","0","601","-1","2","27","1125","80","0","9","0","15","0","0","0","80","3","0","25","0","0","27","111527"
"112529","블래스팅","blasting","Increase strength by 30. ","18","0","0","2701","-1","0","0","0","701","-1","1","30","1125","80","0","9","0","0","10","0","0","100","4","0","0","0","0","30","111529"
"112530","그레이트 리스토어","Great restore","Heal 800 HP for 20 seconds","17","0","0","2602","1","0","0","0","602","15","2","30","1125","200","0","9","0","15","0","0","0","80","3","0","25","0","0","30","111530"
"112535","큐어 디지즈","Cure disease","Neutralizes magics that decrease your HP","18","0","0","2701","-1","0","0","0","702","-1","2","35","1125","120","0","9","0","15","15","0","0","100","5","0","25","0","0","35","111535"
"112536","메시브 힐링","Massive healing","Heal 960 HP","17","0","0","2602","1","0","0","0","602","15","2","36","1125","160","0","9","0","15","0","0","0","80","3","0","25","0","0","36","111536"
"112539","메시브 리스토어","Massive restore","Heal 1500 HP for 20 seconds","17","0","0","2602","1","0","0","0","602","15","2","39","1125","375","0","9","0","15","0","0","0","80","3","0","25","0","0","39","111539"
"112542","루인","ruin","A fail-safe attack that inflicts 150% damage and 100 damage. ","26","0","0","2601","12","0","0","0","10002","-1","7","42","1125","100","0","0","0","0","20","0","0","100","1","0","0","0","0","42","111542"
"112545","슈피리어 힐링","Superior healing","Heal 1920 HP","17","0","0","2603","0","0","0","0","603","0","2","45","1125","320","0","9","0","15","0","0","0","80","3","0","25","0","0","45","111545"
"112548","슈피리어 리스토어","Superior restore","Heal 2500 HP for 20 seconds","17","0","0","2603","0","0","0","0","603","0","2","48","1125","625","0","9","0","15","0","0","0","80","3","0","25","0","0","48","111548"
"112551","헬리쉬","Hellish","A fail-safe attack that inflicts 200% damage and 50 damage. ","26","0","0","2601","12","0","0","0","10002","-1","7","51","1125","120","0","0","0","0","30","0","0","100","1","0","0","0","0","51","111551"
"112554","컴플리트 힐링","Complete healing","Heal all the members of your party","17","0","0","2603","0","0","0","0","603","0","2","54","1125","960","0","9","0","15","54","0","0","80","3","0","25","0","0","54","111554"
"112557","그룹 메시브 힐링","Group massive healing","Heal all the members of your party with 960 HP","17","0","0","2603","0","0","0","0","603","0","6","57","1125","960","0","9","0","15","54","0","0","80","3","0","25","0","0","57","111557"
"112560","그룹 컴플리트 힐링","Group complete healing","Completely heal all the members of your party","17","0","0","2603","0","0","0","0","603","0","6","60","1125","1920","0","9","0","15","64","0","0","80","3","0","25","0","0","60","111560"
"112570","크리티컬 리스토어","critical restore","Heals 3000HP for 20 seconds for party members that are standing within a certain distance. ","17","0","0","2603","0","0","0","0","603","0","6","70","1125","1000","0","9","0","15","0","0","0","70","3","0","25","54","0","70","112570"
"112575","페스트 리커버리","Past Recovery","Heals 3000HP for 20 seconds for party members that are standing within a certain distance. ","17","0","0","2603","0","0","0","0","603","0","6","75","1125","1200","0","9","0","15","0","0","0","70","3","0","30","520","0","75","112575"
"112580","페스트 리스토어","Past Restore","Heals 3000HP for 20 seconds for party members that are standing within a certain distance. ","17","0","0","2603","0","0","0","0","603","0","6","80","1125","1400","0","9","0","15","1200","0","0","70","3","0","30","523","0","80","112580"
"112603","인센스빌리티 스킨","Insensibility Skin","Increase AC by 20","18","0","0","2701","-1","0","0","0","701","-1","2","3","1126","10","0","9","0","15","0","0","0","50","4","0","25","0","0","3","111603"
"112606","그레이스","Grace","Increase the max HP limit by 60","18","0","0","2701","-1","0","0","0","701","-1","4","6","1126","15","0","9","0","15","0","0","0","50","4","0","25","0","0","6","111606"
"112609","레지스트 올","Resist all","Increase magic, curse, and poison resistance by 20","18","0","0","2701","-1","0","0","0","701","-1","2","9","1126","15","0","9","0","15","0","0","0","50","4","0","25","0","0","9","111609"
"112611","레쓰","Wrath","A fail-safe attack that inflicts 120% damage.","26","0","0","2601","12","0","0","0","10002","-1","7","12","1126","30","0","0","0","0","1","0","0","100","1","0","0","0","0","12","111611"
"112612","인센스빌리티 쉘","Insensibility shell","Increase AC by 40","18","0","0","2701","-1","0","0","0","701","-1","2","12","1126","20","0","9","0","15","0","0","0","50","4","0","25","0","0","12","111612"
"112615","브레이브","Brave","Increase the max HP limit by 120","18","0","0","2701","-1","0","0","0","701","-1","4","15","1126","30","0","9","0","15","0","0","0","50","4","0","25","0","0","15","111615"
"112620","윌드","wield","A fail-safe attack that inflicts 150% damage.","26","0","0","2601","12","0","0","0","10002","-1","7","21","1126","40","0","0","0","0","2","0","0","100","1","0","0","0","0","21","111620"
"112621","인센스빌리티 아머","Insensibility armor","Increase AC by 80","18","0","0","2701","-1","0","0","0","701","-1","2","21","1126","40","0","9","0","15","0","0","0","50","4","0","25","0","0","21","111621"
"112624","스트롱","Strong","Increase the max HP limit by 240","18","0","0","2701","-1","0","0","0","701","-1","4","24","1126","60","0","9","0","15","0","0","0","50","4","0","25","0","0","24","111624"
"112627","브라이트 마인드","Bright mind","Increase magic, curse, and poison resistance by 40","18","0","0","2701","-1","0","0","0","701","-1","2","27","1126","30","0","9","0","15","0","0","0","50","4","0","25","0","0","27","111627"
"112629","와일드니스","wildness","Increase strength by 30. ","18","0","0","2701","-1","0","0","0","701","-1","1","30","1126","80","0","9","0","0","10","0","0","100","4","0","0","0","0","30","111629"
"112630","인센스빌리티 쉴드","Insensibility shield","Increase AC by 120","18","0","0","2702","-1","0","0","0","702","-1","2","30","1126","80","0","9","0","15","0","0","0","50","4","0","25","0","0","30","111630"
"112633","하드니스","Hardness","Increase the max HP limit by 480","18","0","0","2702","-1","0","0","0","702","-1","4","33","1126","120","0","9","0","15","0","0","0","50","4","0","25","0","0","33","111633"
"112636","캄 마인드","Calm mind","Increase magic, curse, and poison resistance by 60","18","0","0","2702","-1","0","0","0","702","-1","2","36","1126","45","0","9","0","15","0","0","0","50","4","0","25","0","0","36","111636"
"112639","인센스빌리티 배리어","Insensibility barrier","Increase AC by 160","18","0","0","2702","-1","0","0","0","702","-1","2","39","1126","80","0","9","0","15","0","0","0","50","4","0","25","0","0","39","111639"
"112641","하쉬","Harsh","A fail-safe attack that inflicts 150% damage and 100 damage. ","26","0","0","2601","12","0","0","0","10002","-1","7","42","1126","100","0","0","0","0","20","0","0","100","1","0","0","0","0","42","111641"
"112642","마이트니스","Mightness","Increase the max HP limit by 960","18","0","0","2703","0","0","0","0","703","-1","4","42","1126","240","0","9","0","15","0","0","0","50","4","0","25","0","0","42","111642"
"112645","프레쉬 마인드","Fresh mind","Increase magic, curse, and poison resistance by 80","18","0","0","2703","0","0","0","0","703","-1","2","45","1126","60","0","9","0","15","0","0","0","50","4","0","25","0","0","45","111645"
"112650","커렙스","collapse","A fail-safe attack that inflicts 200% damage and 50 damage. ","26","0","0","2601","12","0","0","0","10002","-1","7","51","1126","120","0","0","0","0","30","0","0","100","1","0","0","0","0","51","111650"
"112651","인센스빌리티 프로텍터","Insensibility protector","Increase AC by 200","18","0","0","2703","0","0","0","0","703","-1","2","51","1126","100","0","9","0","15","0","0","0","50","4","0","25","0","0","51","111651"
"112654","언다잉","Undying","Increase the max HP limit of the party member by 60%","18","0","0","2703","0","0","0","0","703","-1","4","54","1126","240","0","9","0","15","0","0","0","50","4","0","25","0","0","54","111654"
"112655","힙니스","Heapness","Increase the max HP limit of the party member by 1200","18","0","0","2703","0","0","0","0","703","-1","4","54","1126","300","0","9","0","15","0","0","0","50","4","0","25","0","0","54","111655"
"112656","그레이트니스","Greatness","Increase the max HP limit of all the party member by 1200","18","0","0","2703","0","0","0","0","703","-1","6","57","1126","570","0","9","0","15","0","0","0","50","4","0","45","0","0","57","111656"
"112657","메시브니스","massiveness","Increase the max HP limit of the party member by 1500","18","0","0","2703","0","0","0","0","703","-1","4","57","1126","360","0","9","0","15","0","0","0","50","4","0","25","0","0","57","111657"
"112660","인센스빌리티 필","Insensibility peel","Increase the AC by 300","18","0","0","2703","0","0","0","0","703","-1","2","60","1126","150","0","9","0","15","0","0","0","50","4","0","25","0","0","60","111660"
"112670","임포징니스","imposingness","Increase the max HP limit of the party member by 2000","18","0","0","2703","0","0","0","0","703","-1","4","70","1126","460","0","9","0","15","0","0","0","47","4","0","25","54","0","70","112670"
"112671","블레스 오브 가드","bless of God","Recovers user ability that was lost for all the party members.","18","0","0","2701","-1","0","0","0","702","-1","6","70","1126","230","0","9","0","15","0","0","0","70","5","0","20","54","0","70","112671"
"112672","메시브 바인더","Massive Binder","Increase the max HP limit of the party member by 2000","18","0","0","2703","0","0","0","0","703","-1","6","72","1126","960","0","9","0","15","0","0","0","47","4","0","25","518","0","72","112672"
"112673","라운드 인센트빌리티","Round Insensibility","","18","0","0","2703","0","0","0","0","703","-1","6","74","1126","750","0","9","0","15","0","0","0","50","4","0","25","519","0","74","112673"
"112674","인센스빌리티 가드","Insensibility Guard","","18","0","0","2703","0","0","0","0","703","-1","2","76","1126","300","0","9","0","15","0","0","0","50","4","0","25","521","0","76","112674"
"112675","슈피리얼리스","Superioris","","18","0","0","2703","0","0","0","0","703","-1","4","78","1126","690","0","9","0","15","0","0","0","47","4","0","25","522","0","78","112675"
"112676","카운터 커스","Counter Curse","Recovers user ability that was lost for all the party members.","18","0","0","2701","-1","0","0","0","702","-1","6","80","1126","1200","0","9","379062000","15","1800","0","0","70","4","0","25","523","0","80","112676"
"112700","게이트","Gate","Teleport to your chosen resurrection spot","19","0","0","2401","2","0","0","0","401","-1","1","0","1127","20","0","9","0","15","74","0","0","50","8","0","25","0","0","0","111700"
"112703","멜리스","Malice","Decrease your enemy's defense ability by 20%","18","0","0","2702","-1","0","0","0","801","0","7","3","1127","40","0","9","0","15","74","0","0","50","4","0","25","0","0","3","111703"
"112709","클리어 마나","Clear mana","Decrease 480 of your enemy's Mana","18","0","0","3101","12","0","0","0","1101","0","7","9","1127","80","0","9","0","15","74","0","0","50","3","0","25","0","0","9","111709"
"112712","틸트","tilt","A fail-safe attack that inflicts 120% damage.","26","0","0","2601","12","0","0","0","10002","-1","7","12","1127","30","0","0","0","0","1","0","0","100","1","0","0","0","0","12","111712"
"112715","컨퓨젼","Confusion","Decrease 30 of your enemy's magic power","18","0","0","2702","-1","0","0","0","801","0","7","15","1127","80","0","9","0","15","74","0","0","50","4","0","25","0","0","15","111715"
"112721","블러디","Bloody","A fail-safe attack that inflicts 150% damage.","26","0","0","2601","12","0","0","0","10002","-1","7","21","1127","40","0","0","0","0","2","0","0","100","1","0","0","0","0","21","111721"
"112724","슬로우","Slow","Decrease your enemy's attack speed by 20%","18","0","0","2702","-1","0","0","0","801","0","7","24","1127","120","0","9","0","15","74","0","0","50","4","0","25","0","0","24","111724"
"112727","리버스 라이프","Reverse life","Neutralizes enemy's HP bonus","18","0","0","2702","-1","0","0","0","801","0","7","27","1127","50","0","9","0","15","94","0","0","50","4","0","25","0","0","27","111727"
"112729","이럽션","eruption","Increase strength by 30. ","18","0","0","2701","-1","0","0","0","701","-1","1","30","1127","80","0","9","0","0","10","0","0","100","4","0","0","0","0","30","111729"
"112730","슬립 윙","Sleep Wing","Puts a monster to sleep for 20 seconds","18","0","0","2702","-1","0","0","0","801","0","7","30","1127","120","0","0","0","15","74","0","0","50","7","0","25","0","0","30","111730"
"112733","사랑의 부활","Resurrection of love","Resurrect losing 40% of the original experience lose","18","0","0","2602","-1","0","0","0","702","-1","25","33","1127","400","0","9","379006000","15","250","0","0","50","5","0","5","0","0","33","111733"
"112736","스윕 마나","Sweep mana","Decrease 960 of your enemy's Mana","18","0","0","3101","12","0","0","0","1101","0","7","36","1127","160","0","9","0","15","74","0","0","50","3","0","25","0","0","36","111736"
"112739","레이빙 엣지","raving edge","A fail-safe attack that inflicts 150% damage and 100 damage. ","26","0","0","2601","12","0","0","0","10002","-1","7","39","1127","100","0","0","0","0","20","0","0","100","1","0","0","0","0","39","111739"
"112742","은총의 부활","Resurrection of grace","Resurrect losing 30% of the original experience lose","18","0","0","2602","-1","0","0","0","702","-1","25","42","1127","600","0","9","379006000","15","250","0","0","50","5","0","5","0","0","42","111742"
"112745","패러사이트","Parasite","Decrease your enemy's max HP by 20%","18","0","0","2702","-1","0","0","0","801","0","7","45","1127","100","0","9","0","15","74","0","0","50","4","0","25","0","0","45","111745"
"112750","하데스","Hades","A fail-safe attack that inflicts 200% damage and 50 damage. ","26","0","0","2601","12","0","0","0","10002","-1","7","51","1127","120","0","0","0","0","30","0","0","100","1","0","0","0","0","51","111750"
"112751","슬립 카펫","sleep Carpet","Puts all the monsters around you to sleep for 20 seconds","18","0","0","2702","-1","0","0","0","801","0","10","51","1127","240","0","0","0","15","94","0","0","50","7","0","25","0","0","51","111751"
"112754","은혜의 부활","Resurrection of favors","Resurrect losing 20% of the original experience lose","18","0","0","2602","-1","0","0","0","702","-1","25","54","1127","800","0","9","379006000","15","250","0","0","50","5","0","5","0","0","54","111754"
"112757","토먼트","Torment","Decrease 30% of defense ability of enemies if they're standing within a certain area. ","18","0","0","2702","-1","0","0","0","801","0","10","57","1127","150","0","9","0","15","94","0","0","50","4","0","25","0","0","57","111757"
"112760","메시브","Massive","Decrease your enemy's attack power by 20%","18","0","0","2702","-1","0","0","0","801","0","7","60","1127","180","0","9","0","15","104","0","0","50","4","0","25","0","0","60","111760"
"112770","서브사이드","subside","Decrease 20% of attack ability of enemies if they're standing within a certain area. ","18","0","0","2702","-1","0","0","0","801","255","10","70","1127","260","0","9","0","15","154","0","0","50","4","0","20","54","0","70","112770"
"112771","슈퍼리얼 페러사이트","Superior Parasite","","18","0","0","2702","-1","0","0","0","801","0","7","75","1127","350","0","9","0","15","600","0","0","50","4","0","25","520","0","75","112771"
"112772","디스카운티스","Discountis","","18","0","0","2702","-1","0","0","0","801","0","10","80","1127","960","0","9","379062000","15","600","0","0","50","3","0","25","523","0","80","112772"
"112800","데어링","daring","[Passive]Increase your defense by 20% when your HP is down to 30% or below.","18","0","0","2702","0","0","0","0","10121","0","1","0","1128","0","0","9","0","0","0","0","0","100","0","0","0","0","0","0","112800"
"112802","저지먼트","Judgment","A fail-safe attack that inflicts 200% damage and 150 damage. ","26","4","0","2601","0","0","0","0","10124","0","7","2","1128","200","0","0","379066000","0","5","0","0","100","1","0","0","0","0","2","112802"
"112805","앱솔루트니스","absoluteness","[Passive]Decreases all damages received by 10%","18","0","0","2702","0","0","0","0","0","0","1","5","1128","0","0","9","0","0","0","0","0","100","0","0","0","0","0","5","108805"
"112810","매치리스","matchless","[Passive]Decreases all damages received by 15%","18","0","0","2702","0","0","0","0","0","0","1","10","1128","0","0","9","0","0","0","0","0","100","0","0","0","0","0","10","110810"
"112815","헬레스","Helis","","26","4","0","2601","0","0","0","0","10124","0","7","12","1128","350","0","0","0","0","5","0","0","100","1","0","0","0","0","12","112815"
"112820","커스 리프렉션","Curse Refraction","","18","0","0","2701","-1","0","0","0","702","-1","1","15","1128","320","0","9","0","15","1800","0","0","70","4","0","20","0","0","15","112820"
"112825","일리전 웹","Elysian Web","","18","0","0","2703","0","0","0","0","703","-1","11","20","1128","640","0","9","379062000","15","1800","0","0","50","4","0","25","0","0","20","112825"
"120011","성문 파괴","Drawbridge Destruction","Inflict 3,500 damage to the castle gate disregarding its defense and resistance","4","122","0","0","0","0","0","0","13011","0","24","0","0","0","0","9","0","16","16","0","0","100","3","0","15","0","0","0","120011"
"120021","사다리 펼치기","Open Ladder Bridge","Put up a ladder","-1","132","0","0","0","0","0","0","0","0","1","30060","0","0","0","9","0","16","16","0","0","100","6","0","0","0","0","30060","120021"
"120022","사다리 접기","Close Ladder Bridge","Fold the ladder","-1","132","0","0","0","0","0","0","0","0","1","30061","0","0","0","9","0","16","16","0","0","100","6","0","0","0","0","30061","120022"
"130013","함성","Shouting","","104","0","0","2401","-1","0","0","0","702","-1","1","0","0","0","0","9","0","16","1800","0","0","100","0","0","0","0","0","0","130013"
"130014","돌격","Assault","","107","0","0","2401","-1","0","0","0","702","-1","1","0","0","0","0","9","0","16","1800","0","0","100","0","0","0","0","0","0","130014"
"189642","프로즌 블레이드","frozen blade","Hit your enemy with a staff.  It has additional ice damage.","114","0","0","2202","2","0","0","0","211","-1","7","42","1096","0","0","11","0","0","0","0","0","100","4","0","5","0","0","30","189642"
"190573","화염의 갑주","Fire Armor","","16","0","0","2102","2","0","0","0","131","0","7","75","1905","250","0","9","0","15","200","0","0","100","3","0","0","516","0","75","190573"
"190642","프로즌 블레이드","frozen blade","Hit your enemy with a staff.  It has additional ice damage.","114","0","0","2202","2","0","0","0","211","-1","7","42","1106","0","0","11","0","0","0","0","0","100","4","0","5","0","0","30","189642"
"190672","아이스 스테프","Ice Staff","","114","0","0","2202","2","0","0","0","211","-1","7","72","1106","0","0","11","0","0","0","0","0","100","4","0","5","515","0","30","190672"
"190673","냉혹의 갑주","Ice Armor","","16","0","0","2701","-1","0","0","0","211","-1","1","75","1906","250","0","9","0","15","200","0","0","100","3","4","0","516","0","75","190673"
"190773","전격의 갑주","Lightning Armor","","16","0","0","2303","0","0","0","0","331","0","1","75","1907","250","0","9","0","15","200","0","0","100","3","0","0","516","0","75","190773"
"201001","스프린트","Sprint","Temporarily incrases your running speed","24","0","0","2701","-1","0","0","0","10029","-1","1","1","2010","5","0","9","0","0","60","0","0","100","4","0","0","0","0","1","101001"
"201003","슬래쉬","slash","Inflict 120% damage","26","0","0","2601","12","0","0","0","10002","-1","7","3","2010","4","0","0","0","0","31","0","0","100","1","0","0","0","0","3","101003"
"201005","크래쉬","Crash","Increases your chances of succeeding an attack by 1.5 times","24","0","0","2601","12","0","0","0","10002","-1","7","5","2010","4","0","0","0","0","31","0","0","100","1","0","0","0","0","5","101005"
"201007","디펜스","Defense","Temporarily increases your defense","24","0","0","2701","-1","0","0","0","701","-1","1","7","2010","4","0","9","0","0","100","0","0","100","4","0","0","0","0","7","101007"
"201009","피어싱","Piercing","Increases your chances of succeeding an attack by 2 times","26","0","0","2601","12","0","0","0","10002","-1","7","9","2010","4","0","0","0","0","31","0","0","100","1","0","0","0","0","9","101009"
"201010","위핑","whipping","Temporarily incrases your running speed","24","0","0","2701","-1","0","0","0","10029","-1","1","1","2019","5","0","9","0","0","300","0","0","100","4","0","0","0","0","1","101010"
"202001","스프린트","Sprint","Temporarily incrases your running speed","24","0","0","2701","-1","0","0","0","10029","-1","1","1","2020","5","0","9","0","0","60","0","0","100","4","0","0","0","0","1","101001"
"202003","아쳐리","Archery","Use a bow to shoot arrows. ","26","0","0","500","12","0","0","531","551","0","7","3","2020","0","0","7","391010000","13","0","0","0","100","2","0","0","0","0","3","102003"
"202005","단검 찌르기","Stab","Use a dagger to inflict 150% damage","26","0","0","2601","12","0","0","0","10002","-1","7","5","2020","5","0","1","0","0","52","0","0","100","1","0","0","0","0","5","102005"
"202006","위핑","whipping","Continuous attack done for a set period of time ","24","0","0","2701","-1","0","0","0","10029","-1","1","1","2029","5","0","9","0","0","300","0","0","100","4","0","0","0","0","1","101010"
"203001","플레쉬","Flash","Use magic shocks to attack the enemy","16","0","0","2601","12","0","0","0","101","0","7","1","2030","4","0","9","0","15","43","0","0","50","3","0","25","0","0","1","103001"
"203003","쉬버","Shiver","Continuous attack done for a set period of time ","16","0","0","2601","12","0","0","0","201","-1","7","3","2030","5","0","9","0","15","43","0","0","50","3","0","25","0","0","3","103003"
"203005","프레임","Flame","Burn your enemy with flames","16","0","0","2101","2","0","0","0","101","0","7","5","2030","5","0","9","0","15","43","0","0","50","3","0","25","0","0","5","103005"
"203007","콜드 웨이브","Cold wave","An Glacier attack that slows down your enemy for a set period of time","16","0","0","2201","2","0","0","0","201","0","7","7","2030","5","0","9","0","15","43","0","0","50","3","4","25","0","0","7","103007"
"203009","스파크","Spark","Spark Lightningity on your enemy. It also has an added effect of neutralizing magic attacks.","16","0","0","2301","2","0","0","0","301","0","7","9","2030","7","0","9","0","15","43","0","0","50","3","0","25","0","0","9","103009"
"203010","위핑","whipping","Continuous attack done for a set period of time ","24","0","0","2701","-1","0","0","0","10029","-1","1","1","2039","5","0","9","0","0","300","0","0","100","4","0","0","0","0","1","101010"
"204001","티니 힐링","Tiny healing","Heal 15 HP","17","0","0","2601","7012","0","0","0","601","-1","2","1","2040","5","0","9","0","19","0","0","0","80","3","0","25","0","0","1","104001"
"204002","라이트 스트라이크","Light strike","Light magic attack","16","0","0","3101","12","0","0","0","1101","0","7","2","2040","5","0","9","0","15","54","0","0","50","3","0","25","0","0","2","104002"
"204004","스트랭스","Strength","Increase 15 Strength","18","0","0","2601","7012","0","0","0","601","-1","2","4","2040","10","0","9","0","15","0","0","0","50","4","0","25","0","0","4","104004"
"204005","라이트 힐링","Light healing","Heal 30 HP","17","0","0","2601","7012","0","0","0","601","-1","2","5","2040","10","0","9","0","19","0","0","0","80","3","0","25","0","0","5","104005"
"204006","레지스트 포이즌","Resist poison","Increase resistance to poison by 20","18","0","0","2701","-1","0","0","0","701","-1","2","6","2040","10","0","9","0","15","0","0","0","50","4","0","25","0","0","6","104006"
"204007","브라이트니스","Brightness","Light magic attack","16","0","0","3101","12","0","0","0","1101","0","7","7","2040","10","0","9","0","15","54","0","0","50","3","0","25","0","0","7","104007"
"204008","티니 리스토어","Tiny restore","Heal 50 HP for 20 seconds","17","0","0","2601","7012","0","0","0","601","-1","2","8","2040","15","0","9","0","19","0","0","0","80","3","0","25","0","0","8","104008"
"204009","위핑","whipping","Heal 50 HP for 20 seconds","24","0","0","2701","-1","0","0","0","10029","-1","1","1","2049","5","0","9","0","0","300","0","0","100","4","0","0","0","0","1","101010"
"204010","라이트 어택","Light Attack","Heal 50 HP for 20 seconds","16","0","0","3101","12","0","0","0","1101","0","7","18","2040","50","0","9","0","15","52","0","0","80","3","0","15","0","0","18","104010"
"204011","라이트 카운터","Light Counter","Heal 50 HP for 20 seconds","16","0","0","3101","12","0","0","0","1101","0","7","24","2040","100","0","9","0","15","54","0","0","80","3","0","15","0","0","24","104011"
"204012","크리티컬 라이트","Critical Light","Heal 50 HP for 20 seconds","16","0","0","3101","12","0","0","0","1101","0","7","33","2040","150","0","9","0","15","54","0","0","80","3","0","15","0","0","33","104012"
"205001","스프린트","Sprint","Temporarily increases your running speed","24","0","0","2701","-1","0","0","0","10029","-1","1","1","2050","5","0","9","0","0","60","0","0","100","4","0","0","0","0","1","101001"
"205003","슬래쉬","Slash","Inflict 120% damage","26","0","0","2601","12","0","0","0","10002","-1","7","3","2050","4","0","0","0","0","31","0","0","100","1","0","0","0","0","3","101003"
"205005","크래쉬","Crash","Increases your chances of succeeding an attack by 1.5 times","24","0","0","2601","12","0","0","0","10002","-1","7","5","2050","4","0","0","0","0","31","0","0","100","1","0","0","0","0","5","101005"
"205007","디펜스","Defense","Temporarily increases your defense","24","0","0","2701","-1","0","0","0","701","-1","1","7","2050","4","0","9","0","0","100","0","0","100","4","0","0","0","0","7","101007"
"205009","피어싱","Piercing","Increases your chances of succeeding an attack by 2 times","26","0","0","2601","12","0","0","0","10002","-1","7","9","2050","4","0","0","0","0","31","0","0","100","1","0","0","0","0","9","101009"
"205010","위핑","whipping","Heal 50 HP for 20 seconds","24","0","0","2701","-1","0","0","0","10029","-1","1","1","2059","5","0","9","0","0","300","0","0","100","4","0","0","0","0","1","101010"
"205500","해쉬","Hash","30 additional damage that are uneffected by the opponent's defense ability","26","0","0","2601","12","0","0","0","10002","-1","7","0","2055","10","0","0","0","0","31","0","0","100","1","0","0","0","0","0","105500"
"205505","후드 윙크","Hoodwink","Inflict 150% damage","26","0","0","2601","12","0","0","0","10002","-1","7","5","2055","30","0","0","0","0","5","0","0","100","1","0","0","0","0","5","105505"
"205510","쉬어","Shear","50 additional damage that are uneffected by the opponent's defense ability","26","0","0","2601","12","0","0","0","10002","-1","7","10","2055","20","0","0","0","0","31","0","0","100","1","0","0","0","0","10","105510"
"205515","피어스","Pierce","Inflict 100% damage with no chance of failure","26","0","0","2601","12","0","0","0","10002","-1","7","15","2055","60","0","0","0","0","5","0","0","100","1","0","0","0","0","15","105515"
"205520","레그 커팅","Leg cutting","Slows down your enemy","26","0","0","2601","12","0","0","0","10002","-1","7","20","2055","84","0","0","0","0","51","0","0","100","1","4","0","0","0","20","105520"
"205525","카빙","Carving","Inflict 200% damage ","26","0","0","2601","12","0","0","0","10002","-1","7","25","2055","90","0","0","0","0","5","0","0","100","1","0","0","0","0","25","105525"
"205530","세버","Sever","100 additional damage that are uneffected by the opponent's defense ability","26","0","0","2601","12","0","0","0","10002","-1","7","30","2055","40","0","0","0","0","31","0","0","100","1","0","0","0","0","30","105530"
"205535","프릭","Prick","Inflict 150% damage with no chance of failure","26","0","0","2601","12","0","0","0","10002","-1","7","35","2055","120","0","0","0","0","5","0","0","100","1","0","0","0","0","35","105535"
"205540","멀티플 쇼크","Multiple shock","Inflict 150% damage and 50 additional damage","26","0","0","2601","12","0","0","0","10002","-1","7","40","2055","60","0","0","0","0","31","0","0","100","1","0","0","0","0","40","105540"
"205545","클리브","Cleave","Inflict 250% damage","26","0","0","2601","12","0","0","0","10002","-1","7","45","2055","150","0","0","0","0","5","0","0","100","1","0","0","0","0","45","105545"
"205550","맹글링","mangling","150 additional damage that are uneffected by the opponent's defense ability","26","0","0","2601","12","0","0","0","10002","-1","7","50","2055","60","0","0","0","0","31","0","0","100","1","0","0","0","0","50","105550"
"205555","트러스트","thrust ","Inflict 200% damage with no chance of failure","26","0","0","2601","12","0","0","0","10002","-1","7","55","2055","200","0","0","0","0","5","0","0","100","1","0","0","0","0","55","105555"
"205557","소드 오러","sword aura","Inflict 200% damage with no chance of failure","26","0","0","2601","12","0","0","0","10002","-1","7","57","2055","250","0","0","0","0","5","0","0","100","1","0","0","0","0","57","105557"
"205560","소드 댄싱","sword dancing","Inflict 250% damage withno chance of failure and 150 additional damage","26","0","0","2601","12","0","0","0","10002","-1","7","60","2055","300","0","0","0","0","5","0","0","100","1","0","0","0","0","60","105560"
"205605","힌더","Hinder","[Passive]Increase defense by 10%. If a shield is not equipped, the effect will decrase by half. ","26","0","0","2601","12","0","0","0","10002","-1","1","5","2056","0","0","9","0","0","0","0","0","100","0","0","0","0","0","5","105605"
"205610","레지스트","resist","[Passive]Increaes all resistance by 30. If a shield is not equipped, the effect will decrase by half. ","26","0","0","2601","12","0","0","0","10002","-1","1","10","2056","0","0","9","0","0","0","0","0","100","0","0","0","0","0","10","105610"
"205615","어레스트","Arrest","[Passive]Increase defense by 15%. If a shield is not equipped, the effect will decrase by half. ","26","0","0","2601","12","0","0","0","10002","-1","1","15","2056","0","0","9","0","0","0","0","0","100","0","0","0","0","0","15","105615"
"205620","엔듀어","endure","[Passive]Increase all resistance by 60. If a shield is not equipped, the effect will decrase by half. ","26","0","0","2601","12","0","0","0","10002","-1","1","20","2056","0","0","9","0","0","0","0","0","100","0","0","0","0","0","20","105620"
"205630","바인딩","Binding","Trick monster into attacking itself","129","0","0","2601","12","0","0","0","10002","-1","7","30","2056","30","0","9","0","0","65","0","0","100","7","0","30","0","0","30","105630"
"205635","불워크","Bulwark","[Passive]Increase defense by 20%. If a shield is not equipped, the effect will decrase by half. ","26","0","0","2601","12","0","0","0","10002","-1","1","35","2056","0","0","9","0","0","0","0","0","100","0","0","0","0","0","35","105635"
"205640","이뮤니티","immunity","[Passive]Increase all resistance by 90. If a shield is not equipped, the effect will decrase by half. ","26","0","0","2601","12","0","0","0","10002","-1","1","40","2056","0","0","9","0","0","0","0","0","100","0","0","0","0","0","40","105640"
"205645","프러보크","provoke","Trick monsters within a certain range to attack themselves ","131","0","0","2601","12","0","0","0","10002","-1","10","45","2056","60","0","9","0","15","150","0","0","100","7","0","10","0","0","45","105645"
"205650","디센트","descent","Teleport to the location of a chosen party member ","0","0","0","701","-1","0","0","0","0","0","4","50","2056","50","0","9","0","0","91","0","0","100","8","0","100","0","0","50","105650"
"205655","이베이딩","evading","[Passive]Increase defense by 25%. If a shield is not equipped, the effect will decrase by half. ","26","0","0","2601","12","0","0","0","10002","-1","1","55","2056","0","0","9","0","0","0","0","0","100","0","0","0","0","0","55","105655"
"205660","새크리파이스","sacrifice","Sacrifice your own self to fill the HP one party member ","0","0","0","701","-1","0","0","0","602","-1","4","60","2056","180","10001","9","0","0","600","0","0","100","3","0","30","0","0","60","105660"
"205705","게인","Gain","Increase Strength by 15","26","0","0","2601","12","0","0","0","10002","-1","1","5","2057","10","0","9","0","0","91","0","0","100","4","0","0","0","0","5","104004"
"205710","페인 킬러","pain killer","Exchange 100 HP for 200 Stamina","26","0","0","2601","12","0","0","0","701","-1","1","10","2057","0","100","9","0","0","45","0","0","100","3","0","0","0","0","10","105710"
"205715","라이즈","Rise","Increase HP by 10","26","0","0","2601","12","0","0","0","701","-1","1","15","2057","30","0","9","0","0","91","0","0","100","4","0","0","0","0","15","105715"
"205720","아웃 레이지","Outrage","Temporarily increase attack speed by 20%","26","0","0","2601","12","0","0","0","701","-1","1","20","2057","60","0","9","0","0","600","0","0","100","4","0","0","0","0","20","105720"
"205725","블레이드 어브 헤이트","Blade of hate","Use mental power to attack an enemy that's standing at a distance. ","128","0","0","2601","12","0","0","0","10002","-1","7","25","2057","60","0","9","0","15","51","0","0","100","3","0","20","0","0","25","105725"
"205730","레스터레이션","restoration","Temporarily increase the HP regaining speed ","18","0","0","2601","12","0","0","0","601","-1","1","30","2057","105","0","9","0","0","600","0","0","100","3","0","0","0","0","30","105730"
"205731","블레이즈 킬러","Blaze Killer","Exchange 200HP for 400 Stamina","26","0","0","2601","12","0","0","0","701","-1","1","30","2057","0","200","9","0","0","65","0","0","100","3","0","0","0","0","30","105731"
"205735","님블 윈드","Nimble Wind","Increase your Dexterity by 20","128","0","0","2601","12","0","0","0","10002","-1","1","35","2057","90","0","9","0","0","91","0","0","100","4","0","0","0","0","35","105735"
"205740","리턴 투 라이프","Return to life","Exchange 500 Stamina for 250 HP","128","0","0","2601","12","0","0","0","10002","-1","1","40","2057","500","0","9","0","0","51","0","0","100","3","0","0","0","0","40","105740"
"205750","리제너레이션","Regeneration","Temporarily increase the HP regaining speed. Better than Restoration. ","128","0","0","2601","12","0","0","0","10002","-1","1","50","2057","210","0","9","0","0","600","0","0","100","3","0","0","0","0","50","105750"
"205755","프렌지","Frenzy","Temporarily increase the attack speed by 30%","26","0","0","2601","12","0","0","0","701","-1","1","55","2057","150","0","9","0","0","600","0","0","100","4","0","0","0","0","55","105755"
"205760","퀘이크","Quake","A sword skill that attacks all the opponents around you ","128","0","0","2601","12","0","0","0","10002","-1","10","60","2057","200","0","9","0","0","51","0","0","100","3","0","20","0","0","60","105760"
"206001","스프린트","sprint","Temporarily increase your running speed","24","0","0","2701","-1","0","0","0","10029","-1","1","1","2060","5","0","9","0","0","60","0","0","100","4","0","0","0","0","1","101001"
"206003","슬래쉬","slash","Inflict 120% damage","26","0","0","2601","12","0","0","0","10002","-1","7","3","2060","4","0","0","0","0","31","0","0","100","1","0","0","0","0","3","101003"
"206005","크래쉬","crash","Increases your chances of succeeding an attack by 1.5 times","24","0","0","2601","12","0","0","0","10002","-1","7","5","2060","4","0","0","0","0","31","0","0","100","1","0","0","0","0","5","101005"
"206007","디펜스","Defense","Temporarily increases your defense","24","0","0","2701","-1","0","0","0","701","-1","1","7","2060","4","0","9","0","0","100","0","0","100","4","0","0","0","0","7","101007"
"206009","피어싱","piercing","Increases your chances of succeeding an attack by 2 times","26","0","0","2601","12","0","0","0","10002","-1","7","9","2060","4","0","0","0","0","31","0","0","100","1","0","0","0","0","9","101009"
"206010","위핑","whipping","Increases your chances of succeeding an attack by 2 times","24","0","0","2701","-1","0","0","0","10029","-1","1","1","2069","5","0","9","0","0","300","0","0","100","4","0","0","0","0","1","101010"
"206500","해쉬","Hash","30 additional damage that are uneffected by the opponent's defense ability","26","0","0","2601","12","0","0","0","10002","-1","7","0","2065","10","0","0","0","0","31","0","0","100","1","0","0","0","0","0","105500"
"206505","후드 윙크","hoodwink","Inflict 150% damage","26","0","0","2601","12","0","0","0","10002","-1","7","5","2065","30","0","0","0","0","5","0","0","100","1","0","0","0","0","5","105505"
"206510","쉬어","Shear","50 additional damage that are uneffected by the opponent's defense ability","26","0","0","2601","12","0","0","0","10002","-1","7","10","2065","20","0","0","0","0","31","0","0","100","1","0","0","0","0","10","105510"
"206515","피어스","pierce","Inflict 100% damage with no chance of failure","26","0","0","2601","12","0","0","0","10002","-1","7","15","2065","60","0","0","0","0","5","0","0","100","1","0","0","0","0","15","105515"
"206520","레그 커팅","leg cutting","Slows down your enemy","26","0","0","2601","12","0","0","0","10002","-1","7","20","2065","84","0","0","0","0","51","0","0","100","1","4","0","0","0","20","105520"
"206525","카빙","Carving","Inflict 200% damage ","26","0","0","2601","12","0","0","0","10002","-1","7","25","2065","90","0","0","0","0","5","0","0","100","1","0","0","0","0","25","105525"
"206530","세버","Sever","100 additional damage that are uneffected by the opponent's defense ability","26","0","0","2601","12","0","0","0","10002","-1","7","30","2065","40","0","0","0","0","31","0","0","100","1","0","0","0","0","30","105530"
"206535","프릭","prick","Inflict 150% damage with no chance of failure","26","0","0","2601","12","0","0","0","10002","-1","7","35","2065","120","0","0","0","0","5","0","0","100","1","0","0","0","0","35","105535"
"206540","멀티플 쇼크","multiple shork","Inflict 150% damage and 50 additional damage","26","0","0","2601","12","0","0","0","10002","-1","7","40","2065","60","0","0","0","0","31","0","0","100","1","0","0","0","0","40","105540"
"206545","클리브","Cleave","Inflict 250% damage","26","0","0","2601","12","0","0","0","10002","-1","7","45","2065","150","0","0","0","0","5","0","0","100","1","0","0","0","0","45","105545"
"206550","맹글링","mangling","150 additional damage that are uneffected by the opponent's defense ability","26","0","0","2601","12","0","0","0","10002","-1","7","50","2065","60","0","0","0","0","31","0","0","100","1","0","0","0","0","50","105550"
"206555","트러스트","thrust ","Inflict 200% damage with no chance of failure","26","0","0","2601","12","0","0","0","10002","-1","7","55","2065","200","0","0","0","0","5","0","0","100","1","0","0","0","0","55","105555"
"206557","소드 오러","sword aura","Inflict 250% damage with no chance of failure and 150 additional damage","26","0","0","2601","12","0","0","0","10002","-1","7","57","2065","250","0","0","0","0","5","0","0","100","1","0","0","0","0","57","105557"
"206560","소드 댄싱","sword dancing","Inflict 250% damage with no chance of failure and 150 additional damage","26","0","0","2601","12","0","0","0","10002","-1","7","60","2065","300","0","0","0","0","5","0","0","100","1","0","0","0","0","60","105560"
"206570","하울링 스워드","Howling Sword","Inflict 300% damage with no chance of failure and 200 additional damage","26","0","0","2601","12","0","0","0","10002","-1","7","70","2065","400","0","0","0","0","8","0","0","100","1","0","0","51","0","70","106570"
"206575","블러딩","blooding","[Passive]Increase defense by 10%. If a shield is not equipped, the effect will decrase by half. ","26","0","0","2601","12","0","0","0","10124","0","7","75","2065","350","0","9","0","0","210","0","0","100","1","3","0","510","0","75","106575"
"206580","헬블레이드","Hell blade","[Passive]Increase defense by 10%. If a shield is not equipped, the effect will decrase by half. ","26","0","0","2601","12","0","0","0","10124","0","7","80","2065","400","0","9","0","0","8","0","0","100","1","0","0","511","0","80","106580"
"206605","힌더","Hinder","[Passive]Increase defense by 10%. If a shield is not equipped, the effect will decrase by half. ","26","0","0","2601","12","0","0","0","10002","-1","1","5","2066","0","0","9","0","0","0","0","0","100","0","0","0","0","0","5","105605"
"206610","레지스트","resist","[Passive]Increaes all resistance by 30. If a shield is not equipped, the effect will decrase by half. ","26","0","0","2601","12","0","0","0","10002","-1","1","10","2066","0","0","9","0","0","0","0","0","100","0","0","0","0","0","10","105610"
"206615","어레스트","Arrest","[Passive]Increase defense by 15%. If a shield is not equipped, the effect will decrase by half. ","26","0","0","2601","12","0","0","0","10002","-1","1","15","2066","0","0","9","0","0","0","0","0","100","0","0","0","0","0","15","105615"
"206620","엔듀어","endure","[Passive]Increase all resistance by 60. If a shield is not equipped, the effect will decrase by half. ","26","0","0","2601","12","0","0","0","10002","-1","1","20","2066","0","0","9","0","0","0","0","0","100","0","0","0","0","0","20","105620"
"206630","바인딩","Binding","Trick monster into attacking itself","129","0","0","2601","12","0","0","0","10002","-1","7","30","2066","30","0","9","0","0","65","0","0","100","7","0","30","0","0","30","105630"
"206635","불워크","Bulwark","[Passive]Increase defense by 20%. If a shield is not equipped, the effect will decrase by half. ","26","0","0","2601","12","0","0","0","10002","-1","1","35","2066","0","0","9","0","0","0","0","0","100","0","0","0","0","0","35","105635"
"206640","이뮤니티","immunity","[Passive]Increase all resistance by 90. If a shield is not equipped, the effect will decrase by half. ","26","0","0","2601","12","0","0","0","10002","-1","1","40","2066","0","0","9","0","0","0","0","0","100","0","0","0","0","0","40","105640"
"206645","프러보크","provoke","Trick monsters within a certain range to attack themselves ","131","0","0","2601","12","0","0","0","10002","-1","10","45","2066","60","0","9","0","15","150","0","0","100","7","0","10","0","0","45","105645"
"206650","디센트","descent","Teleport to the location of a chosen party member ","0","0","0","701","-1","0","0","0","0","0","4","50","2066","50","0","9","0","0","91","0","0","100","8","0","100","0","0","50","105650"
"206655","이베이딩","evading","[Passive]Increase defense by 25%. If a shield is not equipped, the effect will decrase by half. ","26","0","0","2601","12","0","0","0","10002","-1","1","55","2066","0","0","9","0","0","0","0","0","100","0","0","0","0","0","55","105655"
"206660","새크리파이스","sacrifice","Sacrifice your own self to fill the HP one party member ","0","0","0","701","-1","0","0","0","602","-1","4","60","2066","180","10001","9","0","0","600","0","0","100","3","0","30","0","0","60","105660"
"206670","아이언 스킨","Iron Skin","[Passive]Increase defense by 30%. If a shield is not equipped, the effect will decrase by half. ","26","0","0","2601","12","0","0","0","10002","-1","1","70","2066","0","0","9","0","0","101","0","0","100","0","0","0","51","0","70","106670"
"206675","월 오브 아이언","wall of Iron","[Passive]Increase defense by 30%. If a shield is not equipped, the effect will decrase by half. ","24","0","0","2708","-1","0","0","0","2708","-1","1","75","2066","250","0","0","0","0","200","0","0","100","4","0","0","510","0","75","106675"
"206680","아이언 링커","iron linker","[Passive]Increase defense by 30%. If a shield is not equipped, the effect will decrase by half. ","26","0","0","2601","12","0","0","0","10002","-1","1","80","2066","0","0","9","0","0","101","0","0","100","0","0","0","511","0","80","106680"
"206705","게인","Gain","Increase Strength by 15","26","0","0","2601","12","0","0","0","10002","-1","1","5","2067","10","0","9","0","0","91","0","0","100","4","0","0","0","0","5","104004"
"206710","페인 킬러","pain killer","Exchange 100 HP for 200 Stamina","26","0","0","2601","12","0","0","0","701","-1","1","10","2067","0","100","9","0","0","45","0","0","100","3","0","0","0","0","10","105710"
"206715","라이즈","Rise","Increase HP by 10","26","0","0","2601","12","0","0","0","701","-1","1","15","2067","30","0","9","0","0","91","0","0","100","4","0","0","0","0","15","105715"
"206720","아웃 레이지","Outrage","Temporarily increases attack speed by 20%","26","0","0","2601","12","0","0","0","701","-1","1","20","2067","60","0","9","0","0","600","0","0","100","4","0","0","0","0","20","105720"
"206725","블레이드 어브 헤이트","Blade of hate","Use mental power to attack an enemy that's standing at a distance. ","128","0","0","2601","12","0","0","0","10002","-1","7","25","2067","60","0","9","0","15","51","0","0","100","3","0","20","0","0","25","105725"
"206730","레스터레이션","restoration","Temporarily increases the HP regaining speed ","18","0","0","2601","7012","0","0","0","601","-1","1","30","2067","105","0","9","0","0","600","0","0","100","3","0","0","0","0","30","105730"
"206731","블레이즈 킬러","Blaze Killer","Exchange 200HP for 400 Stamina","26","0","0","2601","12","0","0","0","701","-1","1","30","2067","0","200","9","0","0","65","0","0","100","3","0","0","0","0","30","105731"
"206735","님블 윈드","Nimble Wind","Increase your Dexterity by 20","128","0","0","2601","12","0","0","0","10002","-1","1","35","2067","90","0","9","0","0","91","0","0","100","4","0","0","0","0","35","105735"
"206740","리턴 투 라이프","Return to life","Exchange 500 Stamina for 250 HP","128","0","0","2601","12","0","0","0","10002","-1","1","40","2067","500","0","9","0","0","51","0","0","100","3","0","0","0","0","40","105740"
"206750","리제너레이션","Regeneration","Temporarily increases the HP regaining speed. Better than Restoration. ","128","0","0","2601","12","0","0","0","10002","-1","1","50","2067","210","0","9","0","0","600","0","0","100","3","0","0","0","0","50","105750"
"206755","프렌지","Frenzy","Temporarily increases the attack speed by 30%","26","0","0","2601","12","0","0","0","701","-1","1","55","2067","150","0","9","0","0","600","0","0","100","4","0","0","0","0","55","105755"
"206760","퀘이크","Quake","A sword skill that attacks all the opponents around you ","128","0","0","2601","12","0","0","0","10002","-1","10","60","2067","160","0","9","0","15","51","0","0","100","3","0","20","0","0","60","105760"
"206770","버서크 에코","berserk Echo","Temporarily increases the attack speed by 40%. ","26","0","0","2601","12","0","0","0","701","-1","1","70","2067","250","0","9","0","0","101","0","0","100","4","0","0","51","0","70","106770"
"206775","버서커","Berserker","Temporarily increases the attack speed by 40%. ","26","0","0","2601","12","0","0","0","701","-1","1","75","2067","300","0","9","0","0","400","0","0","100","4","0","0","510","0","75","106775"
"206780","HP부스터","HP Booster","Temporarily increases the attack speed by 40%. ","26","0","0","2601","12","0","0","0","701","-1","1","80","2067","200","0","9","0","0","400","0","0","100","3","0","0","511","0","80","106780"
"206800","볼드니스","boldness","[Passive]Increase your defense by 20% when your HP is down to 30% or below.","24","0","0","2601","0","0","0","0","10121","0","1","0","2068","0","0","9","0","0","0","0","0","100","0","0","0","0","0","0","106800"
"206802","스크림","Scream","A fail-safe attack that inflicts 250% Damage and 150 Damage.  It also freezes the enemy temporarily.  ","26","1","0","2601","0","0","0","0","10124","0","7","2","2068","300","0","0","379063000","0","101","0","0","100","1","4","0","0","0","2","106802"
"206805","앱솔루트니스","absoluteness","[Passive]Decreases all damages received by 10%","24","0","0","2601","0","0","0","0","0","0","1","5","2068","0","0","9","0","0","0","0","0","100","0","0","0","0","0","5","106805"
"206810","매치리스","matchless","[Passive]Decreases all damages received by 15%","24","0","0","2601","0","0","0","0","0","0","1","10","2068","0","0","9","0","0","0","0","0","100","0","0","0","0","0","10","106810"
"206815","액시드 브레이크","Exceed Break","[Passive]Decreases all damages received by 15%","26","0","0","2601","0","0","0","0","10124","0","7","15","2068","400","0","9","379059000","0","600","0","0","100","1","3","0","0","0","15","106815"
"206820","쇼크 스턴","Shock Stun","[Passive]Decreases all damages received by 15%","26","0","0","2601","12","0","0","0","10124","0","7","20","2068","250","0","9","379059000","0","300","0","0","100","1","3","0","0","0","20","106820"
"207001","스프린트","sprint","Temporarily increase your running speed","24","0","0","2701","-1","0","0","0","10029","-1","1","1","2070","5","0","9","0","0","60","0","0","100","4","0","0","0","0","1","101001"
"207003","아쳐리","Archery","Shoot arrows","26","0","0","500","12","0","0","531","551","0","7","3","2070","0","0","7","391010000","13","0","0","0","100","2","0","0","0","0","3","102003"
"207005","단검 찌르기","stab","Use a dagger to inflict 150% damage","26","0","0","2601","12","0","0","0","10002","-1","7","5","2070","5","0","1","0","0","52","0","0","100","1","0","0","0","0","5","102005"
"207010","스위프트","swift","Increase the running speed of a friend","18","0","0","2701","-1","0","0","0","702","-1","2","10","2070","15","0","9","0","15","0","0","0","100","4","0","25","0","0","10","107010"
"207030","늑대의 힘","Strength of wolf","Increase the attack powers of your party members. ","19","0","0","2701","-1","0","0","0","702","-1","6","30","2070","30","0","9","370004000","17","0","0","0","100","4","0","30","0","0","30","107030"
"207031","위핑","whipping","Inflict 150% damage","24","0","0","2701","-1","0","0","0","10029","-1","1","1","2079","5","0","9","0","0","300","0","0","100","4","0","0","0","0","1","101010"
"207500","트루 샷","through shot","Inflict 150% damage","26","0","0","500","12","0","0","531","551","0","7","0","2075","15","0","7","391010000","13","0","0","0","100","2","0","0","0","0","0","107500"
"207505","파이어 애로우","fire arrow","Shoot flame arrows","26","0","0","10109","12","0","0","10110","101","0","7","5","2075","10","0","7","391010000","13","32","0","0","100","2","3","0","0","0","5","107505"
"207510","포이즌 애로우","poison arrow","Shoot poison arrows","26","0","0","10115","12","0","0","10116","801","0","7","10","2075","10","0","7","391010000","13","32","0","0","100","2","3","0","0","0","10","107510"
"207515","멀티플 샷","multiple shot","Shoot 3 arrows simultaneously","26","0","0","500","12","0","0","10064","801","0","7","15","2075","40","0","7","391010000","13","0","0","0","100","2","0","0","0","0","15","107515"
"207520","가이디드 에로우","Guided arrow","100% accurate arrow","26","0","0","500","12","0","0","592","550","0","7","20","2075","40","0","7","391010000","13","0","0","0","100","2","0","0","0","0","20","107520"
"207525","퍼펙트 샷","perfect shot","Inflict 200% damage","26","0","0","500","12","0","0","531","551","0","7","25","2075","70","0","7","391010000","13","0","0","0","100","2","0","0","0","0","25","107525"
"207530","파이어 샷","fire shot","Arrow attack that inflicts additional flame damage","26","0","0","10109","12","0","0","10110","101","0","7","30","2075","30","0","7","391010000","13","42","0","0","100","2","3","0","0","0","30","107530"
"207535","포이즌 샷","poison shot","Arrow attack that inflicts additional poison damage","26","0","0","10115","12","0","0","10116","801","0","7","35","2075","30","0","7","391010000","13","42","0","0","100","2","3","0","0","0","35","107535"
"207540","아크 샷","arc shot","Inflict 250% damage","26","0","0","500","12","0","0","531","551","0","7","40","2075","100","0","7","391010000","13","0","0","0","100","2","0","0","0","0","40","107540"
"207545","익스플로시브 샷","explosive shot","The strongest flame arrow","26","0","0","146","12","147","0","10110","148","0","7","45","2075","50","0","7","391010000","13","42","0","0","100","2","3","0","0","0","45","107545"
"207550","바이퍼","viper","The strongest poison arrow","26","0","0","155","12","156","0","10116","157","0","7","50","2075","50","0","7","391010000","13","42","0","0","100","2","3","0","0","0","50","107550"
"207552","카운터 스트라이크","Counter Strike","Inflict 250% damage","26","0","0","500","12","0","0","531","551","0","7","52","2075","150","0","7","391010000","10","600","0","0","100","2","0","0","0","0","52","107552"
"207555","애로우 샤워","arrow shower","Shoot 5 arrows simulataneously ","26","0","0","500","12","0","0","10064","801","0","7","55","2075","150","0","7","391010000","15","0","0","0","100","2","0","0","0","0","55","107555"
"207557","쉐도우 샷","shadow shot","100% accurate arrow with 250% damage","26","0","0","500","12","0","0","592","550","0","7","57","2075","200","0","7","391010000","13","0","0","0","100","2","0","0","0","0","57","107557"
"207560","쉐도우 헌터","shadow hunter","100% accurate arrow with 250% damage","26","0","0","500","12","0","0","592","550","0","7","60","2075","300","0","7","391010000","13","0","0","0","100","2","0","0","0","0","60","107560"
"207600","잽","Jab","A stabbing technique that disregards opponent's defense ","26","0","0","2601","12","0","0","0","10002","-1","7","0","2076","10","0","1","0","0","52","0","0","100","1","0","0","0","0","0","107600"
"207610","블러드 드레인","Blood drain","Obsolve 5% of the enemy's HP. Can be used only once every minute. ","114","0","0","2202","2","0","0","0","801","-1","7","10","2076","20","0","1","0","16","600","0","0","100","3","0","5","0","0","10","107610"
"207615","피어스","Pierce","Inflict 200% damage","26","0","0","2601","12","0","0","0","10002","-1","7","15","2076","20","0","1","0","0","102","0","0","100","1","0","0","0","0","15","107615"
"207620","쇼크","shock","A stabbing technique that disregards opponent's defense ","26","0","0","2601","12","0","0","0","10002","-1","7","20","2076","20","0","1","0","0","52","0","0","100","1","0","0","0","0","20","107620"
"207630","일루젼","Illusion","Temporarily decreases enemy's attack accuracy","128","0","0","3101","12","0","0","0","801","0","7","30","2076","30","0","1","0","16","102","0","0","100","4","0","20","0","0","30","107630"
"207635","트러스트","Thrust","Inflict 400% damage","26","0","0","2601","12","0","0","0","10002","-1","7","35","2076","50","0","1","0","0","102","0","0","100","1","0","0","0","0","35","107635"
"207640","커트","Cut","A stabbing technique that disregards opponent's defense ","26","0","0","2601","12","0","0","0","10002","-1","7","40","2076","50","0","1","0","0","52","0","0","100","1","0","0","0","0","40","107640"
"207645","스텔스","Stealth","Stay invisible for 80 seconds without attacking","18","0","0","2705","-1","0","0","0","0","-1","1","45","2076","270","0","9","0","30","90","0","0","25","9","0","0","0","0","45","107645"
"207650","뱀파이어릭 터치","Vampiric touch","Obsolve 10% of the enemy's HP. Can be used only once every minute. ","126","0","0","2202","2","0","0","0","801","-1","7","50","2076","50","0","1","0","16","600","0","0","100","3","0","5","0","0","50","107650"
"207655","스파이크","Spike","Inflict 600% damage","26","0","0","2601","12","0","0","0","10002","-1","7","55","2076","100","0","1","0","0","112","0","0","100","1","0","0","0","0","55","107655"
"207700","하이드","Hide","Stay invisible for 40 seconds without moving","18","0","0","2704","-1","0","0","0","0","-1","1","0","2077","40","0","9","0","15","55","0","0","40","9","0","0","0","0","0","107700"
"207705","마이너 힐링","minor healing","Heal 60 HP","16","0","0","2601","7012","0","0","0","601","-1","2","5","2077","100","0","9","0","0","0","0","0","100","3","0","25","0","0","5","107705"
"207710","이베이드","evade","Increases your Defense Ability by 200. ","24","0","0","2701","-1","0","0","0","2706","-1","1","10","2077","40","0","9","0","0","300","0","0","100","4","0","0","0","0","10","107710"
"207715","캣츠 아이즈","Cat's eyes","Allows you to see an invisible enemy for 20 seconds","18","0","0","2701","-1","0","0","0","0","-1","1","15","2077","60","0","9","0","15","40","0","0","70","9","0","0","0","0","15","107715"
"207725","라이트 핏","light feet","Temporarily increases your running speed by 2 times","24","0","0","2701","-1","0","0","0","702","-1","1","25","2077","40","0","9","0","0","102","0","0","100","4","0","0","0","0","25","107725"
"207730","세이프티","safety","Increases your Defense Ability by 400. ","24","0","0","2701","-1","0","0","0","2707","-1","1","30","2077","80","0","9","0","0","300","0","0","100","4","0","0","0","0","30","107730"
"207735","루페인 아이즈","Lupine Eyes","Allows you and your party members to see an invisible enemy for 50 seconds","18","0","0","2701","-1","0","0","0","0","-1","1","35","2077","200","0","9","0","20","90","0","0","70","9","0","25","0","0","35","107735"
"207736","큐어 커스","Cure curse","Recovers user ability that was lost for a user of same nationality.","18","0","0","2701","-1","0","0","0","702","-1","2","36","2077","80","0","9","370005000","15","12","0","0","100","5","0","25","0","0","36","107736"
"207748","큐어 디지즈","Cure disease","Neutralizes magics that decrease your HP","18","0","0","2701","-1","0","0","0","702","-1","2","48","2077","80","0","9","370006000","15","12","0","0","100","5","0","25","0","0","48","107748"
"207760","스케일드 스킨","scaled skin","Increases your Defense Ability by 800. ","24","0","0","2701","-1","0","0","0","2708","-1","1","60","2077","160","0","9","0","0","300","0","0","100","4","0","0","0","0","60","107760"
"208001","스프린트","sprint","Temporarily increase your running speed","24","0","0","2701","-1","0","0","0","10029","-1","1","1","2080","5","0","9","0","0","60","0","0","100","4","0","0","0","0","1","101001"
"208003","아쳐리","Archery","Shoot arrows","26","0","0","500","12","0","0","531","551","0","7","3","2080","0","0","7","391010000","13","0","0","0","100","2","0","0","0","0","3","102003"
"208005","단검 찌르기","stab","Use a dagger to inflict 150% damage","26","0","0","2601","12","0","0","0","10002","-1","7","5","2080","5","0","1","0","0","52","0","0","100","1","0","0","0","0","5","102005"
"208010","스위프트","swift","Increase the running speed of a friend","18","0","0","2701","-1","0","0","0","702","-1","2","10","2080","15","0","9","0","15","0","0","0","100","4","0","25","0","0","10","107010"
"208030","늑대의 힘","Strength of wolf","Increase the attack powers of your party members. ","19","0","0","2701","-1","0","0","0","702","-1","6","30","2080","30","0","9","370004000","17","0","0","0","100","4","0","30","0","0","30","107030"
"208031","위핑","whipping","Increase the running speed of a friend","24","0","0","2701","-1","0","0","0","10029","-1","1","1","2089","5","0","9","0","0","300","0","0","100","4","0","0","0","0","1","101010"
"208500","트루 샷","through shot","Inflict 150% damage","26","0","0","500","12","0","0","531","551","0","7","0","2085","15","0","7","391010000","13","0","0","0","100","2","0","0","0","0","0","107500"
"208505","파이어 애로우","fire arrow","Shoot flame arrows","26","0","0","10109","12","0","0","10110","101","0","7","5","2085","10","0","7","391010000","13","32","0","0","100","2","3","0","0","0","5","107505"
"208510","포이즌 애로우","poison arrow","Shoot poison arrows","26","0","0","10115","12","0","0","10116","801","0","7","10","2085","10","0","7","391010000","13","32","0","0","100","2","3","0","0","0","10","107510"
"208515","멀티플 샷","multiple shot","Shoot 3 arrows simultaneously","26","0","0","500","12","0","0","10064","801","0","7","15","2085","40","0","7","391010000","13","0","0","0","100","2","0","0","0","0","15","107515"
"208520","가이디드 에로우","Guided arrow","100% accurate arrow","26","0","0","500","12","0","0","592","550","0","7","20","2085","40","0","7","391010000","13","0","0","0","100","2","0","0","0","0","20","107520"
"208525","퍼펙트 샷","perfect shot","Inflict 200% damage","26","0","0","500","12","0","0","531","551","0","7","25","2085","70","0","7","391010000","13","0","0","0","100","2","0","0","0","0","25","107525"
"208530","파이어 샷","fire shot","Arrow attack that inflicts additional flame damage","26","0","0","10109","12","0","0","10110","101","0","7","30","2085","30","0","7","391010000","13","42","0","0","100","2","3","0","0","0","30","107530"
"208535","포이즌 샷","poison shot","Arrow attack that inflicts additional poison damage","26","0","0","10115","12","0","0","10116","801","0","7","35","2085","30","0","7","391010000","13","42","0","0","100","2","3","0","0","0","35","107535"
"208540","아크 샷","arc shot","Inflict 250% damage","26","0","0","500","12","0","0","531","551","0","7","40","2085","100","0","7","391010000","13","0","0","0","100","2","0","0","0","0","40","107540"
"208545","익스플로시브 샷","explosive shot","The strongest flame arrow","26","0","0","146","12","147","0","10117","148","0","7","45","2085","50","0","7","391010000","13","42","0","0","100","2","3","0","0","0","45","107545"
"208550","바이퍼","viper","The strongest poison arrow","26","0","0","155","12","156","0","10120","157","0","7","50","2085","50","0","7","391010000","13","42","0","0","100","2","3","0","0","0","50","107550"
"208552","카운터 스트라이크","Counter Strike","Inflict 250% damage","26","0","0","500","12","0","0","531","551","0","7","52","2085","150","0","7","391010000","10","600","0","0","100","2","0","0","0","0","52","107552"
"208555","애로우 샤워","arrow shower","Shoot 5 arrows simulataneously ","26","0","0","500","12","0","0","10064","801","0","7","55","2085","150","0","7","391010000","15","0","0","0","100","2","0","0","0","0","55","107555"
"208557","쉐도우 샷","shadow shot","100% accurate arrow with 250% damage","26","0","0","500","12","0","0","592","550","0","7","57","2085","200","0","7","391010000","13","0","0","0","100","2","0","0","0","0","57","107557"
"208560","쉐도우 헌터","shadow hunter","100% accurate arrow with 250% damage","26","0","0","500","12","0","0","592","550","0","7","60","2085","300","0","7","391010000","13","0","0","0","100","2","0","0","0","0","60","107560"
"208562","아이스 샷","ice shot","100% accurate arrow with 250% damage","26","0","0","143","12","144","0","10118","145","0","7","62","2085","200","0","7","391010000","13","60","0","0","100","2","4","0","0","0","62","108562"
"208566","라이트닝 샷","lighting shot","100% accurate arrow with 250% damage","26","0","0","152","12","153","0","10119","154","0","7","66","2085","200","0","7","391010000","13","60","0","0","100","2","3","0","0","0","66","108566"
"208570","다크 퍼슈어","Dark pursuer","100% accurate arrow with 300% damage","26","0","0","500","12","0","0","592","550","0","7","70","2085","350","0","7","391010000","13","0","0","0","100","2","0","0","52","0","70","108570"
"208575","블로우 에로우","Blow Arrow","100% accurate arrow with 300% damage","26","0","0","2601","12","0","0","0","10002","-1","7","72","2085","200","0","7","391010000","0","0","0","0","100","1","0","5","512","0","72","108575"
"208580","블라인딩 스트레이프","Blinding Strafe","100% accurate arrow with 300% damage","26","0","0","500","12","0","0","10125","550","0","7","75","2085","300","0","7","391010000","13","600","0","0","100","2","4","10","513","0","75","108580"
"208585","파워샷","Power Shot","100% accurate arrow with 300% damage","26","0","0","158","12","159","0","10125","160","0","7","80","2085","400","0","7","391010000","13","600","0","0","100","2","0","0","514","0","80","108585"
"208600","잽","Jab","A stabbing technique that disregards opponent's defense ","26","0","0","2601","12","0","0","0","10002","-1","7","0","2086","10","0","1","0","0","52","0","0","100","1","0","0","0","0","0","107600"
"208610","블러드 드레인","Blood drain","Obsolve 5% of the enemy's HP. Can be used only once every minute. ","114","0","0","2202","2","0","0","0","801","-1","7","10","2086","20","0","1","0","16","600","0","0","100","3","0","5","0","0","10","107610"
"208615","피어스","Pierce","Inflict 200% damage","26","0","0","2601","12","0","0","0","10002","-1","7","15","2086","20","0","1","0","0","102","0","0","100","1","0","0","0","0","15","107615"
"208620","쇼크","shock","A stabbing technique that disregards opponent's defense ","26","0","0","2601","12","0","0","0","10002","-1","7","20","2086","20","0","1","0","0","52","0","0","100","1","0","0","0","0","20","107620"
"208630","일루젼","Illusion","Temporarily decreases enemy's attack accuracy","128","0","0","3101","12","0","0","0","801","0","7","30","2086","30","0","1","0","16","102","0","0","100","4","0","20","0","0","30","107630"
"208635","트러스트","Thrust","Inflict 400% damage","26","0","0","2601","12","0","0","0","10002","-1","7","35","2086","50","0","1","0","0","102","0","0","100","1","0","0","0","0","35","107635"
"208640","커트","Cut","A stabbing technique that disregards opponent's defense ","26","0","0","2601","12","0","0","0","10002","-1","7","40","2086","50","0","1","0","0","52","0","0","100","1","0","0","0","0","40","107640"
"208645","스텔스","Stealth","Stay invisible for 80 seconds without attacking","18","0","0","2705","-1","0","0","0","0","-1","1","45","2086","270","0","9","0","30","90","0","0","25","9","0","0","0","0","45","107645"
"208650","뱀파이어릭 터치","Vampiric touch","Obsolve 10% of the enemy's HP. Can be used only once every minute. ","126","0","0","2202","2","0","0","0","801","-1","7","50","2086","50","0","1","0","16","600","0","0","100","3","0","5","0","0","50","107650"
"208655","스파이크","Spike","Inflict 600% damage","26","0","0","2601","12","0","0","0","10002","-1","7","55","2086","100","0","1","0","0","112","0","0","100","1","0","0","0","0","55","107655"
"208670","블러디 비스트","Bloody Beast","A stabbing technique that disregards opponent's defense ","26","0","0","2601","12","0","0","0","10002","-1","7","70","2086","100","0","1","0","0","52","0","0","0","1","0","0","52","0","70","108670"
"208675","블라인딩","Blinding ","A stabbing technique that disregards opponent's defense ","26","0","0","2601","12","0","0","0","10002","-1","7","72","2086","200","0","1","379060000","0","600","0","0","0","1","4","0","512","0","72","108680"
"208680","비스트 하이딩","Beast Hiding","A stabbing technique that disregards opponent's defense ","26","0","0","2601","12","0","0","0","10002","-1","7","75","2086","250","0","1","0","0","400","0","0","0","1","9","0","513","0","75","108685"
"208685","크리티컬 포인트","Critical Point","A stabbing technique that disregards opponent's defense ","26","0","0","2601","12","0","0","0","10002","-1","1","80","2086","200","0","1","0","0","600","0","0","0","4","0","0","514","0","80","108675"
"208700","하이드","Hide","Stay invisible for 40 seconds without moving","18","0","0","2704","-1","0","0","0","0","-1","1","0","2087","40","0","9","0","15","55","0","0","40","9","0","0","0","0","0","107700"
"208705","마이너 힐링","minor healing","Heal 60 HP","16","0","0","2601","7012","0","0","0","601","-1","2","5","2087","100","0","9","0","0","0","0","0","100","3","0","25","0","0","5","107705"
"208710","이베이드","evade","Increases your defense ability by 200. ","24","0","0","2701","-1","0","0","0","2706","-1","1","10","2087","40","0","9","0","0","300","0","0","100","4","0","0","0","0","10","107710"
"208715","캣츠 아이즈","Cat's eyes","Allows you to see an invisible enemy for 20 seconds","18","0","0","2701","-1","0","0","0","0","-1","1","15","2087","60","0","9","0","15","40","0","0","70","9","0","0","0","0","15","107715"
"208725","라이트 핏","light feet","Temporarily increases your running speed by 2 times","24","0","0","2701","-1","0","0","0","702","-1","1","25","2087","40","0","9","0","0","102","0","0","100","4","0","0","0","0","25","107725"
"208730","세이프티","safety","Increases your defense ability by 400. ","24","0","0","2701","-1","0","0","0","2707","-1","1","30","2087","80","0","9","0","0","300","0","0","100","4","0","0","0","0","30","107730"
"208735","루페인 아이즈","Lupine Eyes","Allows you and your party members to see an invisible enemy for 50 seconds","18","0","0","2701","-1","0","0","0","0","-1","1","35","2087","200","0","9","0","20","90","0","0","70","9","0","25","0","0","35","107735"
"208736","큐어 커스","Cure curse","Recovers lost skill points","18","0","0","2701","-1","0","0","0","702","-1","2","36","2087","80","0","9","370005000","15","12","0","0","100","5","0","25","0","0","36","107736"
"208748","큐어 디지즈","Cure disease","Neutralizes magics that decrease your HP","18","0","0","2701","-1","0","0","0","702","-1","2","48","2087","80","0","9","370006000","15","12","0","0","100","5","0","25","0","0","48","107748"
"208760","스케일드 스킨","scaled skin","Increases your defense ability by 800. ","24","0","0","2701","-1","0","0","0","2708","-1","1","60","2087","160","0","9","0","0","300","0","0","100","4","0","0","0","0","60","107760"
"208770","와일드 어드벤트","Wild advent","Teleports to an enemy that are standing within a certain distance from you. ","0","0","0","701","-1","0","0","0","0","0","7","70","2087","130","0","9","0","0","1200","0","0","80","8","0","50","52","0","70","108770"
"208775","집중력 강화","Concentration","Teleports to an enemy that are standing within a certain distance from you. ","18","0","0","2701","-1","0","0","0","702","-1","1","75","2087","200","0","9","0","15","400","0","0","100","4","0","0","513","0","75","108775"
"208780","스모크 스크린","Smoke Screen","Teleports to an enemy that are standing within a certain distance from you. ","36","0","0","10059","12","0","0","10060","10045","0","12","80","2087","250","0","9","379060000","15","600","0","0","100","4","0","25","514","0","80","108780"
"208800","밸러","valor","[Passive]Increase your defense by 50% when your HP is down to 30% or below.","18","0","0","2701","-1","0","0","0","10121","0","1","0","2088","0","0","9","0","0","0","0","0","100","0","0","0","0","0","0","108800"
"208802","매직 쉴드","Magic Shield","Temporarily increases all your resistant point ","18","2","0","10122","-1","0","0","0","10123","-1","1","2","2088","200","0","9","379064000","10","600","0","0","100","4","0","0","0","0","2","108802"
"208805","앱솔루트니스","absoluteness","[Passive]Decreases all damages received by 10%","18","0","0","2701","-1","0","0","0","0","0","1","5","2088","0","0","9","0","0","0","0","0","100","0","0","0","0","0","5","108805"
"208810","매치리스","matchless","[Passive]Decreases all damages received by 15%","18","0","0","2701","-1","0","0","0","0","0","1","10","2088","0","0","9","0","0","0","0","0","100","0","0","0","0","0","10","108810"
"208815","소스 마킹","Source Marking","[Passive]Decreases all damages received by 15%","36","0","0","10059","12","0","0","10060","10045","0","7","15","2088","200","0","9","0","15","1200","0","0","100","4","0","25","0","0","15","108815"
"208820","무기 해제","Armor Cancellation","[Passive]Decreases all damages received by 15%","18","0","0","2202","2","0","0","0","801","-1","7","20","2088","250","0","9","379060000","7","600","0","0","100","4","0","5","0","0","20","108820"
"209001","플레쉬","Flash","Use magic shocks to attack the enemy","16","0","0","2601","12","0","0","0","101","0","7","1","2090","4","0","9","0","15","43","0","0","30","3","0","25","0","0","1","103001"
"209003","쉬버","Shiver","Continuous attack done for a set period of time ","16","0","0","2601","12","0","0","0","201","0","7","3","2090","5","0","9","0","15","43","0","0","30","3","0","25","0","0","3","103003"
"209004","파티원 소환","summon friend","Retrieve a party member","16","0","0","2401","2","0","0","0","401","0","4","4","2090","5","0","9","0","15","0","0","0","100","8","0","10000","0","0","4","109004"
"209005","플레임","Flame","A flame attack","16","0","0","2101","2","0","0","0","101","0","7","5","2090","5","0","9","0","15","43","0","0","30","3","0","25","0","0","5","103005"
"209007","콜드 웨이브","Cold wave","An Glacier attack that slows down your enemy for a set period of time","16","0","0","2201","2","0","0","0","201","0","7","7","2090","7","0","9","0","15","43","0","0","30","3","4","25","0","0","7","103007"
"209009","스파크","Spark","Spark Lightningity on your enemy. It also has an added effect of neutralizing magic attacks.","16","0","0","2301","2","0","0","0","301","0","7","9","2090","15","0","9","0","15","43","0","0","30","3","0","25","0","0","9","103009"
"209015","게이트","Gate","Teleport to the chosen resurrection spot ","16","0","0","2401","2","0","0","0","401","-1","1","15","2090","30","0","9","0","15","100","0","0","30","8","0","25","0","0","15","109015"
"209035","에스케이프","Escape","Teleport all party members to your resurrection spot","16","0","0","2401","2","0","0","0","401","0","6","35","2090","400","0","9","0","15","600","0","0","30","8","0","10000","0","0","35","109035"
"209036","위핑","whipping","Teleport to the chosen resurrection spot ","24","0","0","2701","-1","0","0","0","10029","-1","1","1","2099","5","0","9","0","0","300","0","0","100","4","0","0","0","0","1","101010"
"209503","번","Burn","A failsafe flame attack","16","0","0","2101","2","0","0","0","101","0","7","3","2095","20","0","9","0","10","0","0","0","100","3","0","5","0","0","3","109503"
"209506","레지스트 파이어","Resist fire","Increase resistance to fire by 20","16","0","0","2701","-1","0","0","0","701","-1","2","6","2095","15","0","9","0","15","0","0","0","30","4","0","25","0","0","6","109506"
"209509","블레이즈","Blaze","Burn your enemy with flames for a  set period of time","16","0","0","2101","2","0","0","0","101","0","7","9","2095","30","0","9","0","15","53","0","0","30","3","0","25","0","0","9","109509"
"209515","파이어 볼","Fire ball","Launch fireball at your enemy from far away ","16","0","0","2101","2","0","0","191","101","0","7","15","2095","50","0","9","0","15","43","0","0","30","3","0","35","0","0","15","109515"
"209518","이그니션","Ignition","Spark flames on your enemy.  Additional damage are done to the enemy for a set period of time.","16","0","0","2101","2","0","0","0","111","0","7","18","2095","60","0","9","0","10","0","0","0","30","3","0","25","0","0","18","109518"
"209524","인듀어 파이어","Endure fire","Increase resistance to fire by 50","16","0","0","2701","-1","0","0","0","701","-1","2","24","2095","50","0","9","0","15","0","0","0","30","4","0","25","0","0","24","109524"
"209527","파이어 스피어","Fire spear","Launch fire spears at your enemy from far away","16","0","0","2102","2","0","0","192","102","0","7","27","2095","80","0","9","0","15","43","0","0","30","3","0","35","0","0","27","109527"
"209533","파이어 버스트","Fire burst","Launch solid fire objects at your enemy from far away","16","0","0","2102","2","0","0","191","101","0","10","33","2095","150","0","9","0","15","0","0","0","30","3","0","25","0","0","33","109533"
"209535","파이어 블래스트","Fire blast","Launch fire blast at your enemy from far away","16","0","0","2102","2","0","0","193","102","0","7","35","2095","150","0","9","370001000","15","43","0","0","30","3","0","35","0","0","35","109535"
"209539","헬파이어","Hell fire","Burn your enemy with the flames of hell for a set period of time","16","0","0","2102","2","0","0","0","131","0","7","39","2095","150","0","9","0","15","43","0","0","30","3","0","25","0","0","39","109539"
"209542","파이어 블레이드","fire blade","Hit your enemy with a staff.  It has additional fire damage.","130","0","0","2102","2","0","0","0","102","0","7","42","2095","100","0","11","0","0","0","0","0","100","1","3","5","0","0","10","109542"
"209543","스펙터 오브 파이어","specter of fire","Retrieve fires of hell onto a specific location","16","0","0","2102","2","0","0","0","102","0","7","43","2095","75","0","9","0","10","0","0","0","100","3","0","5","0","0","43","109543"
"209545","인페르노","Inferno","Increase resistance to fire by 80","16","0","0","2102","2","0","0","0","2911","255","10","45","2095","200","0","9","0","15","153","0","0","30","3","0","25","0","0","45","109545"
"209548","이뮤니티 파이어","Immunity fire","Burn your enemy with a great flame","16","0","0","2702","-1","0","0","0","701","-1","2","48","2095","80","0","9","0","15","0","0","0","30","4","0","25","0","0","48","109548"
"209551","필라 어브 파이어","Pillar of fire","Inflict flame damage and absorb their HP.  Absorbing HP is allowed on other players only.  ","16","0","0","2103","0","0","0","0","113","0","7","51","2095","160","0","9","0","15","53","0","0","30","3","0","25","0","0","51","109551"
"209554","파이어 쏜","Fire Thorn","Inflict powerful flame damage with continuous damage which lasts temporarily. ","16","3","0","2103","0","0","0","0","113","0","7","54","2095","220","0","9","379069000","15","60","0","0","30","3","0","25","0","0","54","109554"
"209556","메이니즈 오브 파이어","Manes of fire","Retrieve a supernova that explodes with great power","16","0","0","2102","2","0","0","0","102","0","7","56","2095","95","0","9","0","10","0","0","0","100","3","0","5","0","0","56","109556"
"209557","파이어 임펙트","Fire Impact","A failsafe Glacier attack","16","0","0","2103","0","0","0","193","113","0","7","57","2095","220","0","9","379070000","15","203","0","0","30","3","0","25","0","0","57","109557"
"209560","슈퍼노바","Supernova","Increase resistance to Glacier by 20","16","0","0","2103","0","0","0","0","2901","255","10","60","2095","400","0","9","0","15","153","0","0","30","3","0","25","0","0","60","109560"
"209603","프리즈","Freeze","Lowers the enemy's body temperature. It slows down your enemy for 20 seconds","16","0","0","2201","2","0","0","0","201","0","7","3","2096","20","0","9","0","15","0","0","0","100","3","4","5","0","0","3","109603"
"209606","레지스트 콜드","Resist cold","Incrases defense ability","16","0","0","2701","-1","0","0","0","701","-1","2","6","2096","15","0","9","0","15","0","0","0","30","4","0","25","0","0","6","109606"
"209609","칠","Chill","An Glacier magic which allows you to attack an opponent from far away.  It also slows down your enemy for a set period of time. ","16","0","0","2201","2","0","0","0","201","0","7","9","2096","30","0","9","0","15","53","0","0","30","3","4","25","0","0","9","109609"
"209612","프로즌 아머","Frozen armor","Inflict Glacier damage to your enemy. It has an added effect of slowing down your enemy.","16","0","0","2701","-1","0","0","0","701","-1","2","12","2096","40","0","9","0","15","0","0","0","30","4","0","25","0","0","12","109612"
"209615","아이스 애로우","Ice arrow","Increase resistance to Glacier by 50","16","0","0","2201","2","0","0","291","201","0","7","15","2096","50","0","9","0","15","43","0","0","30","3","4","35","0","0","15","109615"
"209618","솔리드","Solid","An Glacier magic which allows you to attack an opponent from far away.  It also slows down your enemy for a set period of time. ","16","0","0","2201","2","0","0","0","202","0","7","18","2096","60","0","9","0","15","0","0","0","30","3","4","25","0","0","18","109618"
"209624","인듀어 콜드","Endure cold","Incrases defense ability","16","0","0","2701","-1","0","0","0","701","-1","2","24","2096","50","0","9","0","15","0","0","0","30","4","0","25","0","0","24","109624"
"209627","아이스 오브","Ice orb","Launch a big piece of ice at an enemy far away","16","0","0","2202","2","0","0","292","202","-1","7","27","2096","80","0","9","0","15","43","0","0","30","3","4","35","0","0","27","109627"
"209630","프로즌 쉘","Frozen shell","Launch Ice Blast at an an enemy far away","16","0","0","2701","-1","0","0","0","701","-1","2","30","2096","80","0","9","0","15","0","0","0","30","4","0","25","0","0","30","109630"
"209633","아이스 버스트","Ice burst","Cause frostbite to an enemy.  It has an added effect of slowing down your enemy.","16","0","0","2202","2","0","0","291","201","0","10","33","2096","150","0","9","0","15","0","0","0","30","3","4","25","0","0","33","109633"
"209635","아이스 블래스트","Ice blast","Hit your enemy with a staff.  It has additional ice damage.","16","0","0","2202","2","0","0","293","202","-1","7","35","2096","150","0","9","370002000","15","43","0","0","30","3","4","35","0","0","35","109635"
"209639","프로스트바이트","Frostbite","Snowstorm attack that inflicts damage to all your enemies around you ","16","0","0","2202","2","0","0","0","231","0","7","39","2096","150","0","9","0","15","43","0","0","30","3","4","25","0","0","39","109639"
"209642","프로즌 블레이드","frozen blade","Increase resistance to Glacier by 80","114","0","0","2202","2","0","0","0","211","-1","7","42","2096","100","0","11","0","0","0","0","0","100","1","3","5","0","0","30","109642"
"209643","스펙터 오브 아이스","specter of Ice","Retrieve an ice comet to attack your enemy","16","0","0","2202","2","0","0","0","202","-1","7","43","2096","75","0","9","0","10","0","0","0","100","3","0","5","0","0","40","109643"
"209645","블리자드","Blizzard","Incrases defense ability","16","0","0","2202","2","0","0","0","2912","255","10","45","2096","200","0","9","0","15","153","0","0","30","3","4","25","0","0","40","109645"
"209648","이뮤니티 콜드","Immunity cold","Inflict powerful Glacier damage with continuous damage which lasts temporarily.","16","0","0","2702","-1","0","0","0","701","-1","2","48","2096","80","0","9","0","15","0","0","0","30","4","0","25","0","0","40","109648"
"209651","아이스 코멧","Ice comet","Explosion of ice glacier. Inflicts damage to enemies in a certain range and slows them down","16","0","0","2203","0","0","0","0","213","-1","7","51","2096","160","0","9","0","15","53","0","0","30","3","4","25","0","0","40","109651"
"209654","아이스 배리어","Ice barrier","A failsafe Lightning attack ","16","0","0","2701","-1","0","0","0","701","-1","2","54","2096","120","0","9","0","15","0","0","0","30","4","0","25","0","0","40","109654"
"209656","메이니즈 오브 아이스","Manes of Ice","Increase resistance to Lightningty by 20","16","0","0","2202","2","0","0","0","202","-1","7","56","2096","95","0","9","0","10","0","0","0","100","3","0","5","0","0","40","109656"
"209657","아이스 임펙트","Ice Impact","A Lightning magic attak that neutralizes enemy's magic attack","16","0","0","2203","0","0","0","293","213","-1","7","57","2096","220","0","9","379070000","15","203","0","0","30","3","4","25","0","0","40","109657"
"209660","프로스트 노바","Frost nova","An Lightning attack that allows you to attack an enemy from far away. It has an added effect of neutralizing enemy's magic attacks","16","0","0","2203","0","0","0","0","2902","255","10","60","2096","400","0","9","0","15","153","0","0","30","3","4","25","0","0","40","109660"
"209703","차아지","Charge","Form an Lightning sphere around your enemy","16","0","0","2301","2","0","0","0","301","-1","7","3","2097","20","0","9","0","15","0","0","0","100","3","0","5","0","0","3","109703"
"209706","레지스트 라이트닝","Resist lightning","Increase resistance to Lightningty by 50","16","0","0","2701","-1","0","0","0","701","-1","2","6","2097","15","0","9","0","15","0","0","0","30","4","0","25","0","0","6","109706"
"209709","카운터 스펠","Counter spell","A Lightning magic that allows you to attack an enemy from far away","16","0","0","2301","2","0","0","0","311","0","7","9","2097","30","0","9","0","15","53","0","0","30","3","0","25","0","0","9","109709"
"209715","라이트닝","Lightning","Launch a Lightning sphere to attack an enemy from far away","16","0","0","2301","2","0","0","0","311","0","7","15","2097","50","0","9","0","15","43","0","0","30","3","0","35","0","0","15","109715"
"209718","스테이틱 헤미스피어","Static hemisphere","Use thunder blast to attack an enemy from far away","16","0","0","2301","2","0","0","0","313","-1","7","18","2097","60","0","9","0","15","0","0","0","30","3","0","25","0","0","18","109718"
"209724","인듀어 라이트닝","Endure lightning","Shock your enemy with Lightningity for a certain period of time. It has an added effect of neutralizing enemy's magic attack","16","0","0","2701","-1","0","0","0","701","-1","2","24","2097","50","0","9","0","15","0","0","0","30","4","0","25","0","0","24","109724"
"209727","썬더","Thunder","Hit your enemy with a staff.  It has additional Lightning damage.","16","0","0","2302","2","0","0","0","302","-1","7","27","2097","80","0","9","0","15","43","0","0","30","3","0","35","0","0","27","109727"
"209733","썬더 버스트","Thunder burst","Retrieve a thundercloud","16","0","0","2302","2","0","0","391","302","-1","10","33","2097","150","0","9","0","15","0","0","0","30","3","0","25","0","0","33","109733"
"209735","썬더 블래스트","Thunder blast","Increase resistance to Lightningty by 80","16","0","0","2302","2","0","0","391","313","0","7","35","2097","150","0","9","370003000","15","43","0","0","30","3","0","35","0","0","35","109735"
"209739","디스차아지","Discharge","Launch a charged Lightning ball","16","0","0","2302","2","0","0","0","331","0","7","39","2097","150","0","9","0","15","43","0","0","30","3","0","25","0","0","39","109739"
"209742","차아지드 블레이드","charged blade","Inflict Lightning damage and absorb their HP.  Absorbing HP is allowed on other players only. ","122","0","0","2302","2","0","0","0","302","-1","7","42","2097","100","0","11","0","0","0","0","0","100","1","3","5","0","0","10","109742"
"209743","스펙터 오브 썬더","specter of thunder","Inflict powerful Lightning damage with continuous damage which lasts temporarily.","16","0","0","2302","2","0","0","0","313","0","7","43","2097","75","0","9","0","10","0","0","0","100","3","0","5","0","0","40","109743"
"209745","썬더클라우드","Thundercloud","Great Lightning explosion","16","0","0","2302","2","0","0","0","2913","255","10","45","2097","200","0","9","0","15","153","0","0","30","3","0","25","0","0","40","109745"
"209748","이뮤니티 라이트닝","Immunity lightning","Use magic shocks to attack the enemy","16","0","0","2702","-1","0","0","0","701","-1","2","48","2097","80","0","9","0","15","0","0","0","30","4","0","25","0","0","40","109748"
"209751","스테이틱 오브","Static orb","Continuous attack done for a set period of time ","16","0","0","2303","0","0","0","392","313","0","7","51","2097","160","0","9","0","15","53","0","0","30","3","0","25","0","0","40","109751"
"209754","스테이틱 쏜","Static Thorn","Retrieve a party member","16","3","0","2303","0","0","0","392","313","0","7","54","2097","220","0","9","379069000","15","60","0","0","30","3","0","25","0","0","40","109754"
"209756","메이니즈 오브 썬더","Manes of thunder","Burn your enemy with flames","16","0","0","2302","2","0","0","0","313","0","7","56","2097","95","0","9","0","10","0","0","0","100","3","0","5","0","0","40","109756"
"209757","썬더 임펙트","Thunder Impact","A Glacier attack that slows down your enemy for a set period of time","16","0","0","2303","0","0","0","392","313","0","7","57","2097","220","0","9","379070000","15","203","0","0","30","3","0","25","0","0","40","109757"
"209760","스테이틱 노바","Static nova","Spark Lightningity on your enemy. It also has an added effect of neutralizing magic attacks.","16","0","0","2303","0","0","0","0","2903","255","10","60","2097","400","0","9","0","15","153","0","0","30","3","0","25","0","0","40","109760"
"210001","플레쉬","Flash","Teleport to your chosen resurrection spot","16","0","0","2601","12","0","0","0","101","0","7","1","2100","4","0","9","0","15","43","0","0","30","3","0","25","0","0","1","103001"
"210003","쉬버","Shiver","Teleport all party members to your resurrection spot","16","0","0","2601","12","0","0","0","201","0","7","3","2100","5","0","9","0","15","43","0","0","30","3","0","25","0","0","3","103003"
"210004","파티원 소환","summon friend","A fail-safe flame attack","16","0","0","2401","2","0","0","0","401","0","4","4","2100","5","0","9","0","15","0","0","0","100","8","0","10000","0","0","4","109004"
"210005","플레임","Flame","Increase resistance to fire by 20","16","0","0","2101","2","0","0","0","101","0","7","5","2100","5","0","9","0","15","43","0","0","30","3","0","25","0","0","5","103005"
"210007","콜드 웨이브","Cold wave","Burn your enemy with flames for a  set period of time","16","0","0","2201","2","0","0","0","201","0","7","7","2100","7","0","9","0","15","43","0","0","30","3","4","25","0","0","7","103007"
"210009","스파크","Spark","Launch fireball at your enemy from far away ","16","0","0","2301","2","0","0","0","301","0","7","9","2100","15","0","9","0","15","43","0","0","30","3","0","25","0","0","9","103009"
"210015","게이트","Gate","Spark flames on your enemy.  Additional damages are done to the enemy for a set period of time.","16","0","0","2401","2","0","0","0","401","-1","1","15","2100","30","0","9","0","15","100","0","0","30","8","0","25","0","0","15","109015"
"210035","에스케이프","Escape","Increase resistance to fire by 50","16","0","0","2401","2","0","0","0","401","0","6","35","2100","400","0","9","0","15","600","0","0","30","8","0","10000","0","0","35","109035"
"210036","위핑","whipping","Launch fireball at your enemy from far away ","24","0","0","2701","-1","0","0","0","10029","-1","1","1","2109","5","0","9","0","0","300","0","0","100","4","0","0","0","0","1","101010"
"210503","번","Burn","Launch fire spears at your enemy from far away","16","0","0","2101","2","0","0","0","101","0","7","3","2105","20","0","9","0","10","0","0","0","100","3","0","5","0","0","3","109503"
"210506","레지스트 파이어","Resist fire","Launch solid fire objects at your enemy from far away","16","0","0","2701","-1","0","0","0","701","-1","2","6","2105","15","0","9","0","15","0","0","0","30","4","0","25","0","0","6","109506"
"210509","블레이즈","Blaze","Launch fire blast at your enemy from far away","16","0","0","2101","2","0","0","0","101","0","7","9","2105","30","0","9","0","15","53","0","0","30","3","0","25","0","0","9","109509"
"210515","파이어 볼","Fire ball","Burn your enemy with the flames of hell for a set period of time","16","0","0","2101","2","0","0","191","101","0","7","15","2105","50","0","9","0","15","43","0","0","30","3","0","35","0","0","15","109515"
"210518","이그니션","Ignition","Hit your enemy with a staff.  It has additional fire damage.","16","0","0","2101","2","0","0","0","111","0","7","18","2105","60","0","9","0","10","0","0","0","30","3","0","25","0","0","18","109518"
"210524","인듀어 파이어","Endure fire","Retrieve fires of hell onto a specific location","16","0","0","2701","-1","0","0","0","701","-1","2","24","2105","50","0","9","0","15","0","0","0","30","4","0","25","0","0","24","109524"
"210527","파이어 스피어","Fire spear","Increase resistance to fire by 80","16","0","0","2102","2","0","0","192","102","0","7","27","2105","80","0","9","0","15","43","0","0","30","3","0","35","0","0","27","109527"
"210533","파이어 버스트","Fire burst","Burn your enemy with a great flame","16","0","0","2102","2","0","0","191","101","0","10","33","2105","150","0","9","0","15","0","0","0","30","3","0","25","0","0","33","109533"
"210535","파이어 블래스트","Fire blast","Inflict flame damage and absorb their HP.  Absorbing HP is allowed on other players only. ","16","0","0","2102","2","0","0","193","102","0","7","35","2105","150","0","9","370001000","15","43","0","0","30","3","0","35","0","0","35","109535"
"210539","헬파이어","Hell fire","Inflict powerful flame damage with continuous damage which lasts temporarily. ","16","0","0","2102","2","0","0","0","131","0","7","39","2105","150","0","9","0","15","43","0","0","30","3","0","25","0","0","39","109539"
"210542","파이어 블레이드","fire blade","Retrieve a supernova that explodes with great power","130","0","0","2102","2","0","0","0","102","0","7","42","2105","100","0","11","0","0","0","0","0","100","1","3","5","0","0","42","109542"
"210543","스펙터 오브 파이어","specter of fire","Retrieves a flaming meteor and drop it on an enemy. ","16","0","0","2102","2","0","0","0","102","0","7","43","2105","75","0","9","0","10","0","0","0","100","3","0","5","0","0","43","109543"
"210545","인페르노","Inferno","Retrieve flaming meteors to attack enemies standing within a certain area. ","16","0","0","2102","2","0","0","0","2911","255","10","45","2105","200","0","9","0","15","153","0","0","30","3","0","25","0","0","45","109545"
"210548","이뮤니티 파이어","Immunity fire","A fail-safe Glacier attack","16","0","0","2702","-1","0","0","0","701","-1","2","48","2105","80","0","9","0","15","0","0","0","30","4","0","25","0","0","48","109548"
"210551","필라 어브 파이어","Pillar of fire","Increase resistance to Glacier by 20","16","0","0","2103","0","0","0","0","113","0","7","51","2105","160","0","9","0","15","53","0","0","30","3","0","25","0","0","51","109551"
"210554","파이어 쏜","Fire Thorn","Lowers the enemy's body temperature. It slows down your enemy for 20 seconds","16","3","0","2103","0","0","0","0","113","0","7","54","2105","220","0","9","379069000","15","60","0","0","30","3","0","25","0","0","54","109554"
"210556","메이니즈 오브 파이어","Manes of fire","Incrases defense ability","16","0","0","2102","2","0","0","0","102","0","7","56","2105","95","0","9","0","10","0","0","0","100","3","0","5","0","0","56","109556"
"210557","파이어 임펙트","Fire Impact","A Glacier magic which allows you to attack an opponent from far away.  It also slows down your enemy for a set period of time. ","16","0","0","2103","0","0","0","0","113","0","7","57","2105","220","0","9","379070000","15","203","0","0","30","3","0","25","0","0","57","109557"
"210560","슈퍼노바","Supernova","Inflict Glacier damage to your enemy. It has an added effect of slowing down your enemy.","16","0","0","2103","0","0","0","0","2901","255","10","60","2105","400","0","9","0","15","153","0","0","30","3","0","25","0","0","60","109560"
"210570","인시너레이션","incineration","Increase resistance to Glacier by 50","16","0","0","2103","0","0","0","0","113","0","7","70","2105","390","0","9","0","11","213","0","0","30","3","0","20","53","0","70","110570"
"210571","메테오 폴","meteor Fall","A Glacier magic which allows you to attack an opponent from far away.  It also slows down your enemy for a set period of time. ","16","0","0","2103","0","0","0","0","2901","255","10","70","2105","600","0","9","0","13","183","0","0","30","3","0","20","53","0","70","110571"
"210572","파이어 스테프","Fire Staff","A Glacier magic which allows you to attack an opponent from far away.  It also slows down your enemy for a set period of time. ","130","0","0","2102","2","0","0","0","102","0","7","72","2105","300","0","11","0","0","0","0","0","100","1","3","5","515","0","40","110572"
"210573","화염의 갑주","Fire Armor","A Glacier magic which allows you to attack an opponent from far away.  It also slows down your enemy for a set period of time. ","16","0","0","2103","0","0","0","0","141","0","1","75","2105","250","0","9","379061000","15","1200","0","0","100","4","0","0","516","0","75","110573"
"210574","화이어 뱀피릭","Vampiric Fire","A Glacier magic which allows you to attack an opponent from far away.  It also slows down your enemy for a set period of time. ","16","0","0","2101","2","0","0","192","141","0","7","80","2105","350","0","9","0","15","600","0","0","100","3","0","25","517","0","80","110574"
"210575","이그지네이션","Igzination","A Glacier magic which allows you to attack an opponent from far away.  It also slows down your enemy for a set period of time. ","16","0","0","2103","0","0","0","0","141","0","7","80","2105","390","0","9","0","11","213","0","0","30","3","0","35","517","0","80","110575"
"210603","프리즈","Freeze","Incrases defense ability","16","0","0","2201","2","0","0","0","201","0","7","3","2106","20","0","9","0","15","0","0","0","100","3","4","5","0","0","3","109603"
"210606","레지스트 콜드","Resist cold","Launch a big piece of ice at an enemy far away","16","0","0","2701","-1","0","0","0","701","-1","2","6","2106","15","0","9","0","15","0","0","0","30","4","0","25","0","0","6","109606"
"210609","칠","Chill","Launch Ice Blast at an an enemy far away","16","0","0","2201","2","0","0","0","201","0","7","9","2106","30","0","9","0","15","53","0","0","30","3","4","25","0","0","9","109609"
"210612","프로즌 아머","Frozen armor","Cause frostbite to an enemy.  It has an added effect of slowing down your enemy.","16","0","0","2701","-1","0","0","0","701","-1","2","12","2106","40","0","9","0","15","0","0","0","30","4","0","25","0","0","12","109612"
"210615","아이스 애로우","Ice arrow","Hit your enemy with a staff.  It has additional ice damage.","16","0","0","2201","2","0","0","291","201","0","7","15","2106","50","0","9","0","15","43","0","0","30","3","4","35","0","0","15","109615"
"210618","솔리드","Solid","Snowstorm attack that inflicts damage to all your enemies around you ","16","0","0","2201","2","0","0","0","202","0","7","18","2106","60","0","9","0","15","0","0","0","30","3","4","25","0","0","18","109618"
"210624","인듀어 콜드","Endure cold","Increase resistance to Glacier by 80","16","0","0","2701","-1","0","0","0","701","-1","2","24","2106","50","0","9","0","15","0","0","0","30","4","0","25","0","0","24","109624"
"210627","아이스 오브","Ice orb","Retrieve an ice comet to attack your enemy","16","0","0","2202","2","0","0","292","202","-1","7","27","2106","80","0","9","0","15","43","0","0","30","3","4","35","0","0","27","109627"
"210630","프로즌 쉘","Frozen shell","Incrases defense ability","16","0","0","2701","-1","0","0","0","701","-1","2","30","2106","80","0","9","0","15","0","0","0","30","4","0","25","0","0","30","109630"
"210633","아이스 버스트","Ice burst","Inflict powerful Glacier damage with continuous damage which lasts temporarily. ","16","0","0","2202","2","0","0","291","201","0","10","33","2106","150","0","9","0","15","0","0","0","30","3","4","25","0","0","33","109633"
"210635","아이스 블래스트","Ice blast","Explosion of ice glacier. Inflicts damage to enemies in a certain range and slows them down","16","0","0","2202","2","0","0","293","202","-1","7","35","2106","150","0","9","370002000","15","43","0","0","30","3","4","35","0","0","35","109635"
"210639","프로스트바이트","Frostbite","Retrieves a frozen meteor and drop it on an enemy. ","16","0","0","2202","2","0","0","0","231","0","7","39","2106","150","0","9","0","15","43","0","0","30","3","4","25","0","0","39","109639"
"210642","프로즌 블레이드","frozen blade","Retrieve frozen meteors to attack enemies standing within a certain area. ","114","0","0","2202","2","0","0","0","211","-1","7","42","2106","100","0","11","0","0","0","0","0","100","1","3","5","0","0","10","109642"
"210643","스펙터 오브 아이스","specter of Ice","A fail-safe Lightning attack ","16","0","0","2202","2","0","0","0","202","-1","7","43","2106","75","0","9","0","10","0","0","0","100","3","0","5","0","0","40","109643"
"210645","블리자드","Blizzard","Increase resistance to Lightningty by 20","16","0","0","2202","2","0","0","0","2912","255","10","45","2106","200","0","9","0","15","153","0","0","30","3","4","25","0","0","40","109645"
"210648","이뮤니티 콜드","Immunity cold","A Lightning magic attak that neutralizes enemy's magic attack","16","0","0","2702","-1","0","0","0","701","-1","2","48","2106","80","0","9","0","15","0","0","0","30","4","0","25","0","0","40","109648"
"210651","아이스 코멧","Ice comet","An Lightning attack that allows you to attack an enemy from far away. It has an added effect of neutralizing enemy's magic attacks","16","0","0","2203","0","0","0","0","213","-1","7","51","2106","160","0","9","0","15","53","0","0","30","3","4","25","0","0","40","109651"
"210654","아이스 배리어","Ice barrier","Form an Lightning sphere around your enemy","16","0","0","2701","-1","0","0","0","701","-1","2","54","2106","120","0","9","0","15","0","0","0","30","4","0","25","0","0","40","109654"
"210656","메이니즈 오브 아이스","Manes of Ice","Increase resistance to Lightningty by 50","16","0","0","2202","2","0","0","0","202","-1","7","56","2106","95","0","9","0","10","0","0","0","100","3","0","5","0","0","40","109656"
"210657","아이스 임펙트","Ice Impact","A Lightning magic that allows you to attack an enemy from far away","16","0","0","2203","0","0","0","293","213","-1","7","57","2106","220","0","9","379070000","15","203","0","0","30","3","4","25","0","0","40","109657"
"210660","프로스트 노바","Frost nova","Launch a Lightning sphere to attack an enemy from far away","16","0","0","2203","0","0","0","0","2902","255","10","60","2106","400","0","9","0","15","153","0","0","30","3","4","25","0","0","40","109660"
"210670","프리즈매틱","Prismatic","Use thunder blast to attack an enemy from far away","16","0","0","2203","0","0","0","0","213","-1","7","70","2106","390","0","9","0","11","213","0","0","30","3","4","20","53","0","40","110670"
"210671","아이스 스톰","ice storm","Shock your enemy with Lightningity for a certain period of time. It has an added effect of neutralizing enemy's magic attack","16","0","0","2203","0","0","0","0","2902","255","10","70","2106","600","0","9","0","13","183","0","0","30","3","4","20","53","0","40","110671"
"210672","아이스 스테프","Ice Staff","Shock your enemy with Lightningity for a certain period of time. It has an added effect of neutralizing enemy's magic attack","114","0","0","2202","2","0","0","0","211","-1","7","72","2106","300","0","11","0","0","0","0","0","100","1","3","5","515","0","30","110672"
"210673","냉혹의 갑주","Ice Armor","Shock your enemy with Lightningity for a certain period of time. It has an added effect of neutralizing enemy's magic attack","16","0","0","2701","-1","0","0","0","241","-1","1","75","2106","250","0","9","379061000","15","1200","0","0","100","4","0","0","516","0","75","110673"
"210674","프리징 디스턴스","Freezing Distance","Shock your enemy with Lightningity for a certain period of time. It has an added effect of neutralizing enemy's magic attack","16","0","0","2203","0","0","0","293","241","-1","7","80","2106","350","0","9","379061000","15","600","0","0","100","4","0","25","517","0","80","110674"
"210703","차아지","Charge","Hit your enemy with a staff.  It has additional Lightning damage.","16","0","0","2301","2","0","0","0","301","-1","7","3","2107","20","0","9","0","15","0","0","0","100","3","0","5","0","0","3","109703"
"210706","레지스트 라이트닝","Resist lightning","Retrieve a thundercloud","16","0","0","2701","-1","0","0","0","701","-1","2","6","2107","15","0","9","0","15","0","0","0","30","4","0","25","0","0","6","109706"
"210709","카운터 스펠","Counter spell","Increase resistance to Lightningty by 80","16","0","0","2301","2","0","0","0","311","0","7","9","2107","30","0","9","0","15","53","0","0","30","3","0","25","0","0","9","109709"
"210715","라이트닝","Lightning","Launch a charged Lightning ball","16","0","0","2301","2","0","0","0","311","0","7","15","2107","50","0","9","0","15","43","0","0","30","3","0","35","0","0","15","109715"
"210718","스테이틱 헤미스피어","Static hemisphere","Inflict Lightning damage and absorb their HP.  Absorbing HP is allowed on other players only. ","16","0","0","2301","2","0","0","0","313","-1","7","18","2107","60","0","9","0","15","0","0","0","30","3","0","25","0","0","18","109718"
"210724","인듀어 라이트닝","Endure lightning","Inflict powerful Lightning damage with continuous damage which lasts temporarily.","16","0","0","2701","-1","0","0","0","701","-1","2","24","2107","50","0","9","0","15","0","0","0","30","4","0","25","0","0","24","109724"
"210727","썬더","Thunder","Great Lightning explosion","16","0","0","2302","2","0","0","0","302","-1","7","27","2107","80","0","9","0","15","43","0","0","30","3","0","35","0","0","27","109727"
"210733","썬더 버스트","Thunder burst","Retrieves a electrically charged meteor and drop it on an enemy. ","16","0","0","2302","2","0","0","391","302","-1","10","33","2107","150","0","9","0","15","0","0","0","30","3","0","25","0","0","33","109733"
"210735","썬더 블래스트","Thunder blast","Retrieve electrically charged meteors to attack enemies standing within a certain area. ","16","0","0","2302","2","0","0","391","313","0","7","35","2107","150","0","9","370003000","15","43","0","0","30","3","0","35","0","0","35","109735"
"210739","디스차아지","Discharge","[Passive]Increase your MP recovery speed by 20% when your MP is down to 30% or below.","16","0","0","2302","2","0","0","0","331","0","7","39","2107","150","0","9","0","15","43","0","0","30","3","0","25","0","0","39","109739"
"210742","차아지드 블레이드","charged blade","Temporarily increase your magic attack power by 30%. ","122","0","0","2302","2","0","0","0","302","-1","7","42","2107","100","0","11","0","0","0","0","0","100","1","3","5","0","0","10","109742"
"210743","스펙터 오브 썬더","specter of thunder","[Passive]Decreases all damages received by 10%","16","0","0","2302","2","0","0","0","313","0","7","43","2107","75","0","9","0","10","0","0","0","100","3","0","5","0","0","40","109743"
"210745","썬더클라우드","Thundercloud","[Passive]Decreases all damages received by 15%","16","0","0","2302","2","0","0","0","2913","255","10","45","2107","200","0","9","0","15","153","0","0","30","3","0","25","0","0","40","109745"
"210748","이뮤니티 라이트닝","Immunity lightning","Heal 15 HP","16","0","0","2702","-1","0","0","0","701","-1","2","48","2107","80","0","9","0","15","0","0","0","30","4","0","25","0","0","40","109748"
"210751","스테이틱 오브","Static orb","Light magic attack","16","0","0","2303","0","0","0","392","313","0","7","51","2107","160","0","9","0","15","53","0","0","30","3","0","25","0","0","40","109751"
"210754","스테이틱 쏜","Static Thorn","Increase strength by 15","16","3","0","2303","0","0","0","392","313","0","7","54","2107","220","0","9","379069000","15","60","0","0","30","3","0","25","0","0","40","109754"
"210756","메이니즈 오브 썬더","Manes of thunder","Heal 30 HP","16","0","0","2302","2","0","0","0","313","0","7","56","2107","95","0","9","0","10","0","0","0","100","3","0","5","0","0","40","109756"
"210757","썬더 임펙트","Thunder Impact","Increase resistance to poison by 20","16","0","0","2303","0","0","0","392","313","0","7","57","2107","220","0","9","379070000","15","203","0","0","30","3","0","25","0","0","40","109757"
"210760","스테이틱 노바","Static nova","Light magic attack","16","0","0","2303","0","0","0","0","2903","255","10","60","2107","400","0","9","0","15","153","0","0","30","3","0","25","0","0","40","109760"
"210762","라이트 쇼크","Light Shock","Light magic attack","16","0","0","2303","0","0","0","0","2903","255","10","62","2107","400","0","9","0","15","1800","0","0","30","4","0","25","0","0","40","110762"
"210770","스턴 클라우드","Stun Cloud","Heal 50 HP for 20 seconds","16","0","0","2303","0","0","0","0","302","-1","7","70","2107","390","0","9","0","11","213","0","0","30","3","0","20","53","0","70","110770"
"210771","체인 라이트닝","Chain lightning","Heal 60 HP","16","0","0","2303","0","0","0","0","2903","255","10","70","2107","600","0","9","0","13","183","0","0","30","3","0","20","53","0","40","110771"
"210772","라이트 스테프","Light Staff","Heal 60 HP","122","0","0","2302","2","0","0","0","313","0","7","72","2107","300","0","11","0","0","0","0","0","100","1","3","5","515","0","30","110772"
"210773","전격의 갑주","Lightning Armor","Heal 60 HP","16","0","0","2303","0","0","0","0","331","0","1","75","2107","250","0","9","379061000","15","1200","0","0","100","4","0","0","516","0","75","110773"
"210774","블링크","Blink","Heal 60 HP","18","0","0","10122","-1","0","0","0","10123","-1","1","80","2107","100","0","9","0","0","500","0","0","100","8","0","0","517","0","80","110774"
"210800","브라이트 듀","Bright Dew","Heal 100 HP for 20 seconds","16","0","0","2601","12","0","0","0","10121","0","1","0","2108","0","0","0","0","0","0","0","0","100","0","0","0","0","0","0","110800"
"210802","앱솔루트 파워","Absolute power","Heal 120 HP","18","3","0","10122","-1","0","0","0","10123","-1","1","2","2108","240","0","9","379065000","0","600","0","0","100","4","0","25","0","0","2","110802"
"210805","앱솔루트니스","absoluteness","A fail-safe attack that inflicts 120% damage.","16","0","0","2601","12","0","0","0","0","0","1","5","2108","0","0","9","0","0","0","0","0","100","0","0","0","0","0","5","108805"
"210810","매치리스","matchless","Heal 200 HP for 20 seconds","16","0","0","2601","12","0","0","0","0","0","1","10","2108","0","0","9","0","0","0","0","0","100","0","0","0","0","0","10","110810"
"210815","마나 실드","Mana Shield","Heal 200 HP for 20 seconds","16","0","0","2701","-1","0","0","0","701","-1","1","12","2108","150","0","9","0","15","800","0","0","70","4","0","0","0","0","12","110815"
"210820","인스턴틀리 메직","Instantly Magic","Heal 200 HP for 20 seconds","18","0","0","2701","-1","0","0","0","701","-1","1","15","2108","100","0","9","0","0","1800","0","0","100","4","0","0","0","0","15","110820"
"210825","마이너 레지스트","Minor Resist","Heal 200 HP for 20 seconds","16","0","0","2303","0","0","0","0","2903","255","10","20","2108","450","0","9","379061000","13","600","0","0","30","4","0","25","0","0","20","110825"
"211001","티니 힐링","Tiny healing","Heal 240 HP","17","0","0","2601","7012","0","0","0","601","-1","2","1","2110","5","0","9","0","19","0","0","0","80","3","0","25","0","0","1","104001"
"211002","라이트 스트라이크","Light strike","A fail-safe attack that inflicts 150% damage.","16","0","0","3101","12","0","0","0","1101","0","7","2","2110","5","0","9","0","15","54","0","0","50","3","0","25","0","0","2","104002"
"211004","스트랭스","Strength","Heal 400 HP for 20 seconds","18","0","0","2601","7012","0","0","0","601","-1","2","4","2110","10","0","9","0","15","0","0","0","50","4","0","25","0","0","4","104004"
"211005","라이트 힐링","Light healing","Recovers lost skill points","17","0","0","2601","7012","0","0","0","601","-1","2","5","2110","10","0","9","0","19","0","0","0","80","3","0","25","0","0","5","104005"
"211006","레지스트 포이즌","Resist poison","Heal 480 HP","18","0","0","2701","-1","0","0","0","701","-1","2","6","2110","10","0","9","0","15","0","0","0","50","4","0","25","0","0","6","104006"
"211007","브라이트니스","Brightness","Increase strength by 30. ","16","0","0","3101","12","0","0","0","1101","0","7","7","2110","10","0","9","0","15","54","0","0","50","3","0","25","0","0","7","104007"
"211008","티니 리스토어","Tiny restore","Heal 800 HP for 20 seconds","17","0","0","2601","7012","0","0","0","601","-1","2","8","2110","15","0","9","0","15","0","0","0","80","3","0","25","0","0","8","104008"
"211009","위핑","whipping","Heal 480 HP","24","0","0","2701","-1","0","0","0","10029","-1","1","1","2119","5","0","9","0","0","300","0","0","100","4","0","0","0","0","1","101010"
"211010","라이트 어택","Light Attack","Heal 480 HP","16","0","0","3101","12","0","0","0","1101","0","7","18","2110","50","0","9","0","15","52","0","0","80","3","0","15","0","0","18","104010"
"211011","라이트 카운터","Light Counter","Heal 480 HP","16","0","0","3101","12","0","0","0","1101","0","7","24","2110","100","0","9","0","15","54","0","0","80","3","0","15","0","0","24","104011"
"211012","크리티컬 라이트","Critical Light","Heal 480 HP","16","0","0","3101","12","0","0","0","1101","0","7","33","2110","150","0","9","0","15","54","0","0","80","3","0","15","0","0","33","104012"
"211500","마이너 힐링","minor healing","Neutralizes magics that decrease your HP","17","0","0","2601","7012","0","0","0","601","-1","2","0","2115","10","0","9","0","15","0","0","0","80","3","0","25","0","0","0","107705"
"211503","라이트 리스토어","Light restore","Heal 960 HP","17","0","0","2601","7012","0","0","0","601","-1","2","3","2115","25","0","9","0","15","0","0","0","80","3","0","25","0","0","3","111503"
"211509","힐링","healing","Heal 1500 HP for 20 seconds","17","0","0","2601","7012","0","0","0","601","-1","2","9","2115","20","0","9","0","15","0","0","0","80","3","0","25","0","0","9","111509"
"211511","컬리젼","collision","A fail-safe attack that inflicts 150% damage and 100 damage. ","26","0","0","2601","12","0","0","0","10002","-1","7","12","2115","30","0","0","0","0","1","0","0","100","1","0","0","0","0","12","111511"
"211512","리스토어","Restore","Heal 1920 HP","17","0","0","2601","7012","0","0","0","601","-1","2","12","2115","30","0","9","0","15","0","0","0","80","3","0","25","0","0","12","111512"
"211518","메이져 힐링","major healing","Heal 2500 HP for 20 seconds","17","0","0","2601","7012","0","0","0","601","-1","2","18","2115","40","0","9","0","15","0","0","0","80","3","0","25","0","0","18","111518"
"211520","셔더링","shuddering","A fail-safe attack that inflicts 200% damage and 50 damage. ","26","0","0","2601","12","0","0","0","10002","-1","7","21","2115","40","0","0","0","0","2","0","0","100","1","0","0","0","0","21","111520"
"211521","메이져 리스토어","Major restore","Heal all the members of your party","17","0","0","2601","7012","0","0","0","601","-1","2","21","2115","100","0","9","0","15","0","0","0","80","3","0","25","0","0","21","111521"
"211525","큐어 커스","Cure curse","Heal all the members of your party with 960 HP","18","0","0","2701","-1","0","0","0","702","-1","2","25","2115","60","0","9","0","15","15","0","0","100","5","0","25","0","0","25","111525"
"211527","그레이트 힐링","Great healing","Completely heal all the members of your party","17","0","0","2601","7012","0","0","0","601","-1","2","27","2115","80","0","9","0","15","0","0","0","80","3","0","25","0","0","27","111527"
"211529","블래스팅","blasting","Increase AC by 20","18","0","0","2701","-1","0","0","0","701","-1","1","30","2115","80","0","9","0","0","10","0","0","100","4","0","0","0","0","30","111529"
"211530","그레이트 리스토어","Great restore","Increase the max HP limit by 60","17","0","0","2602","1","0","0","0","602","15","2","30","2115","200","0","9","0","15","0","0","0","80","3","0","25","0","0","30","111530"
"211535","큐어 디지즈","Cure disease","Increase magic, curse, and poison resistance by 20","18","0","0","2701","-1","0","0","0","702","-1","2","35","2115","120","0","9","0","15","15","0","0","100","5","0","25","0","0","35","111535"
"211536","메시브 힐링","Massive healing","A fail-safe attack that inflicts 120% damage.","17","0","0","2602","1","0","0","0","602","15","2","36","2115","160","0","9","0","15","0","0","0","80","3","0","25","0","0","36","111536"
"211539","메시브 리스토어","Massive restore","Increase AC by 40","17","0","0","2602","1","0","0","0","602","15","2","39","2115","375","0","9","0","15","0","0","0","80","3","0","25","0","0","39","111539"
"211542","루인","ruin","Increase the max HP limit by 120","26","0","0","2601","12","0","0","0","10002","-1","7","42","2115","100","0","0","0","0","20","0","0","100","1","0","0","0","0","42","111542"
"211545","슈피리어 힐링","Superior healing","A fail-safe attack that inflicts 150% damage.","17","0","0","2603","0","0","0","0","603","0","2","45","2115","320","0","9","0","15","0","0","0","80","3","0","25","0","0","45","111545"
"211548","슈피리어 리스토어","Superior restore","Increase AC by 80","17","0","0","2603","0","0","0","0","603","0","2","48","2115","625","0","9","0","15","0","0","0","80","3","0","25","0","0","48","111548"
"211551","헬리쉬","Hellish","Increase the max HP limit by 240","26","0","0","2601","12","0","0","0","10002","-1","7","51","2115","120","0","0","0","0","30","0","0","100","1","0","0","0","0","51","111551"
"211554","컴플리트 힐링","Complete healing","Increase magic, curse, and poison resistance by 40","17","0","0","2603","0","0","0","0","603","0","2","54","2115","960","0","9","0","15","54","0","0","80","3","0","25","0","0","54","111554"
"211557","그룹 메시브 힐링","Group massive healing","Increase strength by 30. ","17","0","0","2603","0","0","0","0","603","0","6","57","2115","960","0","9","0","15","54","0","0","80","3","0","25","0","0","57","111557"
"211560","그룹 컴플리트 힐링","Group complete healing","Increase AC by 120","17","0","0","2603","0","0","0","0","603","0","6","60","2115","1920","0","9","0","15","64","0","0","80","3","0","25","0","0","60","111560"
"211603","인센스빌리티 스킨","Insensibility Skin","Increase the max HP limit by 480","18","0","0","2701","-1","0","0","0","701","-1","2","3","2116","10","0","9","0","15","0","0","0","50","4","0","25","0","0","3","111603"
"211606","그레이스","Grace","Increase magic, curse, and poison resistance by 60","18","0","0","2701","-1","0","0","0","701","-1","4","6","2116","15","0","9","0","15","0","0","0","50","4","0","25","0","0","6","111606"
"211609","레지스트 올","Resist all","Increase AC by 160","18","0","0","2701","-1","0","0","0","701","-1","2","9","2116","15","0","9","0","15","0","0","0","50","4","0","25","0","0","9","111609"
"211611","레쓰","Wrath","A fail-safe attack that inflicts 150% damage and 100 damage. ","26","0","0","2601","12","0","0","0","10002","-1","7","12","2116","30","0","0","0","0","1","0","0","100","1","0","0","0","0","12","111611"
"211612","인센스빌리티 쉘","Insensibility shell","Increase the max HP limit by 960","18","0","0","2701","-1","0","0","0","701","-1","2","12","2116","20","0","9","0","15","0","0","0","50","4","0","25","0","0","12","111612"
"211615","브레이브","Brave","Increase magic, curse, and poison resistance by 80","18","0","0","2701","-1","0","0","0","701","-1","4","15","2116","30","0","9","0","15","0","0","0","50","4","0","25","0","0","15","111615"
"211620","윌드","wield","A fail-safe attack that inflicts 200% damage and 50 damage. ","26","0","0","2601","12","0","0","0","10002","-1","7","21","2116","40","0","0","0","0","2","0","0","100","1","0","0","0","0","21","111620"
"211621","인센스빌리티 아머","Insensibility armor","Increase AC by 200","18","0","0","2701","-1","0","0","0","701","-1","2","21","2116","40","0","9","0","15","0","0","0","50","4","0","25","0","0","21","111621"
"211624","스트롱","Strong","Increase the max HP limit of the party member by 60%","18","0","0","2701","-1","0","0","0","701","-1","4","24","2116","60","0","9","0","15","0","0","0","50","4","0","25","0","0","24","111624"
"211627","브라이트 마인드","Bright mind","Increase the max HP limit of the party member by 1200","18","0","0","2701","-1","0","0","0","701","-1","2","27","2116","30","0","9","0","15","0","0","0","50","4","0","25","0","0","27","111627"
"211629","와일드니스","wildness","Increase the max HP limit of all the party member by 1200","18","0","0","2701","-1","0","0","0","701","-1","1","30","2116","80","0","9","0","0","10","0","0","100","4","0","0","0","0","30","111629"
"211630","인센스빌리티 쉴드","Insensibility shield","Increase the max HP limit of the party member by 1500","18","0","0","2702","-1","0","0","0","702","-1","2","30","2116","80","0","9","0","15","0","0","0","50","4","0","25","0","0","30","111630"
"211633","하드니스","Hardness","Increase the AC by 300","18","0","0","2702","-1","0","0","0","702","-1","4","33","2116","120","0","9","0","15","0","0","0","50","4","0","25","0","0","33","111633"
"211636","캄 마인드","Calm mind","Teleport to your chosen resurrection spot","18","0","0","2702","-1","0","0","0","702","-1","2","36","2116","45","0","9","0","15","0","0","0","50","4","0","25","0","0","36","111636"
"211639","인센스빌리티 배리어","Insensibility barrier","Decrease your enemy's defense ability by 20%","18","0","0","2702","-1","0","0","0","702","-1","2","39","2116","80","0","9","0","15","0","0","0","50","4","0","25","0","0","39","111639"
"211641","하쉬","Harsh","Decrease 480 of your enemy's Mana","26","0","0","2601","12","0","0","0","10002","-1","7","42","2116","100","0","0","0","0","20","0","0","100","1","0","0","0","0","42","111641"
"211642","마이트니스","Mightness","A fail-safe attack that inflicts 120% damage.","18","0","0","2703","0","0","0","0","703","-1","4","42","2116","240","0","9","0","15","0","0","0","50","4","0","25","0","0","42","111642"
"211645","프레쉬 마인드","Fresh mind","Decrease 30 of your enemy's magic power","18","0","0","2703","0","0","0","0","703","-1","2","45","2116","60","0","9","0","15","0","0","0","50","4","0","25","0","0","45","111645"
"211650","커렙스","collapse","A fail-safe attack that inflicts 150% damage.","26","0","0","2601","12","0","0","0","10002","-1","7","51","2116","120","0","0","0","0","30","0","0","100","1","0","0","0","0","51","111650"
"211651","인센스빌리티 프로텍터","Insensibility protector","Decrease your enemy's attack speed by 20%","18","0","0","2703","0","0","0","0","703","-1","2","51","2116","100","0","9","0","15","0","0","0","50","4","0","25","0","0","51","111651"
"211654","언다잉","Undying","Neutralizes enemy's HP bonus","18","0","0","2703","0","0","0","0","703","-1","4","54","2116","240","0","9","0","15","0","0","0","50","4","0","25","0","0","54","111654"
"211655","힙니스","Heapness","Increase strength by 30. ","18","0","0","2703","0","0","0","0","703","-1","4","54","2116","300","0","9","0","15","0","0","0","50","4","0","25","0","0","54","111655"
"211656","그레이트니스","Greatness","Puts a monster to sleep for 20 seconds","18","0","0","2703","0","0","0","0","703","-1","6","57","2116","570","0","9","0","15","0","0","0","50","4","0","45","0","0","57","111656"
"211657","메시브니스","massiveness","Resurrect losing 40% of the original experience lose","18","0","0","2703","0","0","0","0","703","-1","4","57","2116","360","0","9","0","15","0","0","0","50","4","0","25","0","0","57","111657"
"211660","인센스빌리티 필","Insensibility peel","Decrease 960 of your enemy's Mana","18","0","0","2703","0","0","0","0","703","-1","2","60","2116","150","0","9","0","15","0","0","0","50","4","0","25","0","0","60","111660"
"211700","게이트","Gate","A fail-safe attack that inflicts 150% damage and 100 damage. ","19","0","0","2401","2","0","0","0","401","-1","1","0","2117","20","0","9","0","15","74","0","0","50","8","0","25","0","0","0","111700"
"211703","멜리스","Malice","Resurrect losing 30% of the original experience lose","18","0","0","2702","-1","0","0","0","801","0","7","3","2117","40","0","9","0","15","74","0","0","50","4","0","25","0","0","3","111703"
"211709","클리어 마나","Clear mana","Decrease your enemy's max HP by 20%","18","0","0","3101","12","0","0","0","1101","0","7","9","2117","80","0","9","0","15","74","0","0","50","3","0","25","0","0","9","111709"
"211712","틸트","tilt","A fail-safe attack that inflicts 200% damage and 50 damage. ","26","0","0","2601","12","0","0","0","10002","-1","7","12","2117","30","0","0","0","0","1","0","0","100","1","0","0","0","0","12","111712"
"211715","컨퓨젼","Confusion","Puts all the monsters around you to sleep for 20 seconds","18","0","0","2702","-1","0","0","0","801","0","7","15","2117","80","0","9","0","15","74","0","0","50","4","0","25","0","0","15","111715"
"211721","블러디","Bloody","Resurrect losing 20% of the original experience lose","26","0","0","2601","12","0","0","0","10002","-1","7","21","2117","40","0","0","0","0","2","0","0","100","1","0","0","0","0","21","111721"
"211724","슬로우","Slow","Decrease your enemy's defense ability by 50%","18","0","0","2702","-1","0","0","0","801","0","7","24","2117","120","0","9","0","15","74","0","0","50","4","0","25","0","0","24","111724"
"211727","리버스 라이프","Reverse life","Decrease your enemy's attack power by 20%","18","0","0","2702","-1","0","0","0","801","0","7","27","2117","50","0","9","0","15","94","0","0","50","4","0","25","0","0","27","111727"
"211729","이럽션","eruption","Heal 15 HP","18","0","0","2701","-1","0","0","0","701","-1","1","30","2117","80","0","9","0","0","10","0","0","100","4","0","0","0","0","30","111729"
"211730","슬립 윙","Sleep Wing","Light magic attack","18","0","0","2702","-1","0","0","0","801","0","7","30","2117","120","0","9","0","15","74","0","0","50","7","0","25","0","0","30","111730"
"211733","사랑의 부활","Resurrection of love","Increase strength by 15","18","0","0","2602","-1","0","0","0","702","-1","25","33","2117","400","0","9","379006000","15","250","0","0","50","5","0","5","0","0","33","111733"
"211736","스윕 마나","Sweep mana","Heal 30 HP","18","0","0","3101","12","0","0","0","1101","0","7","36","2117","160","0","9","0","15","74","0","0","50","3","0","25","0","0","36","111736"
"211739","레이빙 엣지","raving edge","Increase resistance to poison by 20","26","0","0","2601","12","0","0","0","10002","-1","7","39","2117","100","0","0","0","0","20","0","0","100","1","0","0","0","0","39","111739"
"211742","은총의 부활","Resurrection of grace","Light magic attack","18","0","0","2602","-1","0","0","0","702","-1","25","42","2117","600","0","9","379006000","15","250","0","0","50","5","0","5","0","0","42","111742"
"211745","패러사이트","Parasite","Heal 50 HP for 20 seconds","18","0","0","2702","-1","0","0","0","801","0","7","45","2117","100","0","9","0","15","74","0","0","50","4","0","25","0","0","45","111745"
"211750","하데스","Hades","Heal 60 HP","26","0","0","2601","12","0","0","0","10002","-1","7","51","2117","120","0","0","0","0","30","0","0","100","1","0","0","0","0","51","111750"
"211751","슬립 카펫","sleep Carpet","Heal 100 HP for 20 seconds","18","0","0","2702","-1","0","0","0","801","0","10","51","2117","240","0","9","0","15","94","0","0","50","7","0","25","0","0","51","111751"
"211754","은혜의 부활","Resurrection of favors","Heal 120 HP","18","0","0","2602","-1","0","0","0","702","-1","25","54","2117","800","0","9","379006000","15","250","0","0","50","5","0","5","0","0","54","111754"
"211757","토먼트","Torment","A fail-safe attack that inflicts 120% damage.","18","0","0","2702","-1","0","0","0","801","0","10","57","2117","150","0","9","0","15","94","0","0","50","4","0","25","0","0","57","111757"
"211760","메시브","Massive","Heal 200 HP for 20 seconds","18","0","0","2702","-1","0","0","0","801","0","7","60","2117","180","0","9","0","15","104","0","0","50","4","0","25","0","0","60","111760"
"212001","티니 힐링","Tiny healing","Heal 240 HP","17","0","0","2601","7012","0","0","0","601","-1","2","1","2120","5","0","9","0","19","0","0","0","80","3","0","25","0","0","1","104001"
"212002","라이트 스트라이크","Light strike","A fail-safe attack that inflicts 150% damage.","16","0","0","3101","12","0","0","0","1101","0","7","2","2120","5","0","9","0","15","54","0","0","50","3","0","25","0","0","2","104002"
"212004","스트랭스","Strength","Heal 400 HP for 20 seconds","18","0","0","2601","7012","0","0","0","601","-1","2","4","2120","10","0","9","0","15","0","0","0","50","4","0","25","0","0","4","104004"
"212005","라이트 힐링","Light healing","Recovers lost skill points","17","0","0","2601","7012","0","0","0","601","-1","2","5","2120","10","0","9","0","19","0","0","0","80","3","0","25","0","0","5","104005"
"212006","레지스트 포이즌","Resist poison","Heal 480 HP","18","0","0","2701","-1","0","0","0","701","-1","2","6","2120","10","0","9","0","15","0","0","0","50","4","0","25","0","0","6","104006"
"212007","브라이트니스","Brightness","Increase strength by 30. ","16","0","0","3101","12","0","0","0","1101","0","7","7","2120","10","0","9","0","15","54","0","0","50","3","0","25","0","0","7","104007"
"212008","티니 리스토어","Tiny restore","Heal 800 HP for 20 seconds","17","0","0","2601","7012","0","0","0","601","-1","2","8","2120","15","0","9","0","15","0","0","0","80","3","0","25","0","0","8","104008"
"212009","위핑","whipping","Increase strength by 30. ","24","0","0","2701","-1","0","0","0","10029","-1","1","1","2129","5","0","9","0","0","300","0","0","100","4","0","0","0","0","1","101010"
"212010","라이트 어택","Light Attack","Increase strength by 30. ","16","0","0","3101","12","0","0","0","1101","0","7","18","2120","50","0","9","0","15","25","0","0","80","3","0","15","0","0","18","104010"
"212011","라이트 카운터","Light Counter","Increase strength by 30. ","16","0","0","3101","12","0","0","0","1101","0","7","24","2120","100","0","9","0","15","31","0","0","80","3","0","15","0","0","24","104011"
"212012","크리티컬 라이트","Critical Light","Increase strength by 30. ","16","0","0","3101","12","0","0","0","1101","0","7","33","2120","150","0","9","0","15","37","0","0","80","3","0","15","0","0","33","104012"
"212500","마이너 힐링","minor healing","Neutralizes magics that decrease your HP","17","0","0","2601","7012","0","0","0","601","-1","2","0","2125","10","0","9","0","15","0","0","0","80","3","0","25","0","0","0","107705"
"212503","라이트 리스토어","Light restore","Heal 960 HP","17","0","0","2601","7012","0","0","0","601","-1","2","3","2125","25","0","9","0","15","0","0","0","80","3","0","25","0","0","3","111503"
"212509","힐링","healing","Heal 1500 HP for 20 seconds","17","0","0","2601","7012","0","0","0","601","-1","2","9","2125","20","0","9","0","15","0","0","0","80","3","0","25","0","0","9","111509"
"212511","컬리젼","collision","A fail-safe attack that inflicts 150% damage and 100 damage. ","26","0","0","2601","12","0","0","0","10002","-1","7","12","2125","30","0","0","0","0","1","0","0","100","1","0","0","0","0","12","111511"
"212512","리스토어","Restore","Heal 1920 HP","17","0","0","2601","7012","0","0","0","601","-1","2","12","2125","30","0","9","0","15","0","0","0","80","3","0","25","0","0","12","111512"
"212518","메이져 힐링","major healing","Heal 2500 HP for 20 seconds","17","0","0","2601","7012","0","0","0","601","-1","2","18","2125","40","0","9","0","15","0","0","0","80","3","0","25","0","0","18","111518"
"212520","셔더링","shuddering","A fail-safe attack that inflicts 200% damage and 50 damage. ","26","0","0","2601","12","0","0","0","10002","-1","7","21","2125","40","0","0","0","0","2","0","0","100","1","0","0","0","0","21","111520"
"212521","메이져 리스토어","Major restore","Heal all the members of your party","17","0","0","2601","7012","0","0","0","601","-1","2","21","2125","100","0","9","0","15","0","0","0","80","3","0","25","0","0","21","111521"
"212525","큐어 커스","Cure curse","Heal all the members of your party with 960 HP","18","0","0","2701","-1","0","0","0","702","-1","2","25","2125","60","0","9","0","15","15","0","0","100","5","0","25","0","0","25","111525"
"212527","그레이트 힐링","Great healing","Completely heal all the members of your party","17","0","0","2601","7012","0","0","0","601","-1","2","27","2125","80","0","9","0","15","0","0","0","80","3","0","25","0","0","27","111527"
"212529","블래스팅","blasting","Heals 3000HP for 20 seconds for party members that are standing within a certain distance. ","18","0","0","2701","-1","0","0","0","701","-1","1","30","2125","80","0","9","0","0","10","0","0","100","4","0","0","0","0","30","111529"
"212530","그레이트 리스토어","Great restore","Increase AC by 20","17","0","0","2602","1","0","0","0","602","15","2","30","2125","200","0","9","0","15","0","0","0","80","3","0","25","0","0","30","111530"
"212535","큐어 디지즈","Cure disease","Increase the max HP limit by 60","18","0","0","2701","-1","0","0","0","702","-1","2","35","2125","120","0","9","0","15","15","0","0","100","5","0","25","0","0","35","111535"
"212536","메시브 힐링","Massive healing","Increase magic, curse, and poison resistance by 20","17","0","0","2602","1","0","0","0","602","15","2","36","2125","160","0","9","0","15","0","0","0","80","3","0","25","0","0","36","111536"
"212539","메시브 리스토어","Massive restore","A fail-safe attack that inflicts 120% damage.","17","0","0","2602","1","0","0","0","602","15","2","39","2125","375","0","9","0","15","0","0","0","80","3","0","25","0","0","39","111539"
"212542","루인","ruin","Increase AC by 40","26","0","0","2601","12","0","0","0","10002","-1","7","42","2125","100","0","0","0","0","20","0","0","100","1","0","0","0","0","42","111542"
"212545","슈피리어 힐링","Superior healing","Increase the max HP limit by 120","17","0","0","2603","0","0","0","0","603","0","2","45","2125","320","0","9","0","15","0","0","0","80","3","0","25","0","0","45","111545"
"212548","슈피리어 리스토어","Superior restore","A fail-safe attack that inflicts 150% damage.","17","0","0","2603","0","0","0","0","603","0","2","48","2125","625","0","9","0","15","0","0","0","80","3","0","25","0","0","48","111548"
"212551","헬리쉬","Hellish","Increase AC by 80","26","0","0","2601","12","0","0","0","10002","-1","7","51","2125","120","0","0","0","0","30","0","0","100","1","0","0","0","0","51","111551"
"212554","컴플리트 힐링","Complete healing","Increase the max HP limit by 240","17","0","0","2603","0","0","0","0","603","0","2","54","2125","960","0","9","0","15","54","0","0","80","3","0","25","0","0","54","111554"
"212557","그룹 메시브 힐링","Group massive healing","Increase magic, curse, and poison resistance by 40","17","0","0","2603","0","0","0","0","603","0","6","57","2125","960","0","9","0","15","54","0","0","80","3","0","25","0","0","57","111557"
"212560","그룹 컴플리트 힐링","Group complete healing","Increase strength by 30. ","17","0","0","2603","0","0","0","0","603","0","6","60","2125","1920","0","9","0","15","64","0","0","80","3","0","25","0","0","60","111560"
"212570","크리티컬 리스토어","critical restore","Increase AC by 120","17","0","0","2603","0","0","0","0","603","0","6","70","2125","1000","0","9","0","15","0","0","0","70","3","0","25","54","0","70","112570"
"212575","페스트 리커버리","Past Recovery","Increase AC by 120","17","0","0","2603","0","0","0","0","603","0","6","75","2125","1200","0","9","0","15","0","0","0","70","3","0","30","520","0","75","112575"
"212580","페스트 리스토어","Past Restore","Increase AC by 120","17","0","0","2603","0","0","0","0","603","0","6","80","2125","1400","0","9","0","15","1200","0","0","70","3","0","30","523","0","80","112580"
"212603","인센스빌리티 스킨","Insensibility Skin","Increase the max HP limit by 480","18","0","0","2701","-1","0","0","0","701","-1","2","3","2126","10","0","9","0","15","0","0","0","50","4","0","25","0","0","3","111603"
"212606","그레이스","Grace","Increase magic, curse, and poison resistance by 60","18","0","0","2701","-1","0","0","0","701","-1","4","6","2126","15","0","9","0","15","0","0","0","50","4","0","25","0","0","6","111606"
"212609","레지스트 올","Resist all","Increase AC by 160","18","0","0","2701","-1","0","0","0","701","-1","2","9","2126","15","0","9","0","15","0","0","0","50","4","0","25","0","0","9","111609"
"212611","레쓰","Wrath","A fail-safe attack that inflicts 150% damage and 100 damage. ","26","0","0","2601","12","0","0","0","10002","-1","7","12","2126","30","0","0","0","0","1","0","0","100","1","0","0","0","0","12","111611"
"212612","인센스빌리티 쉘","Insensibility shell","Increase the max HP limit by 960","18","0","0","2701","-1","0","0","0","701","-1","2","12","2126","20","0","9","0","15","0","0","0","50","4","0","25","0","0","12","111612"
"212615","브레이브","Brave","Increase magic, curse, and poison resistance by 80","18","0","0","2701","-1","0","0","0","701","-1","4","15","2126","30","0","9","0","15","0","0","0","50","4","0","25","0","0","15","111615"
"212620","윌드","wield","A fail-safe attack that inflicts 200% damage and 50 damage. ","26","0","0","2601","12","0","0","0","10002","-1","7","21","2126","40","0","0","0","0","2","0","0","100","1","0","0","0","0","21","111620"
"212621","인센스빌리티 아머","Insensibility armor","Increase AC by 200","18","0","0","2701","-1","0","0","0","701","-1","2","21","2126","40","0","9","0","15","0","0","0","50","4","0","25","0","0","21","111621"
"212624","스트롱","Strong","Increase the max HP limit of the party member by 60%","18","0","0","2701","-1","0","0","0","701","-1","4","24","2126","60","0","9","0","15","0","0","0","50","4","0","25","0","0","24","111624"
"212627","브라이트 마인드","Bright mind","Increase the max HP limit of the party member by 1200","18","0","0","2701","-1","0","0","0","701","-1","2","27","2126","30","0","9","0","15","0","0","0","50","4","0","25","0","0","27","111627"
"212629","와일드니스","wildness","Increase the max HP limit of all the party member by 1200","18","0","0","2701","-1","0","0","0","701","-1","1","30","2126","80","0","9","0","0","10","0","0","100","4","0","0","0","0","30","111629"
"212630","인센스빌리티 쉴드","Insensibility shield","Increase the max HP limit of the party member by 1500","18","0","0","2702","-1","0","0","0","702","-1","2","30","2126","80","0","9","0","15","0","0","0","50","4","0","25","0","0","30","111630"
"212633","하드니스","Hardness","Increase the AC by 300","18","0","0","2702","-1","0","0","0","702","-1","4","33","2126","120","0","9","0","15","0","0","0","50","4","0","25","0","0","33","111633"
"212636","캄 마인드","Calm mind","Increase the max HP limit of the party member by 2000","18","0","0","2702","-1","0","0","0","702","-1","2","36","2126","45","0","9","0","15","0","0","0","50","4","0","25","0","0","36","111636"
"212639","인센스빌리티 배리어","Insensibility barrier","Recovers user ability that was lost for all the party members.","18","0","0","2702","-1","0","0","0","702","-1","2","39","2126","80","0","9","0","15","0","0","0","50","4","0","25","0","0","39","111639"
"212641","하쉬","Harsh","Teleport to your chosen resurrection spot","26","0","0","2601","12","0","0","0","10002","-1","7","42","2126","100","0","0","0","0","20","0","0","100","1","0","0","0","0","42","111641"
"212642","마이트니스","Mightness","Decrease your enemy's defense ability by 20%","18","0","0","2703","0","0","0","0","703","-1","4","42","2126","240","0","9","0","15","0","0","0","50","4","0","25","0","0","42","111642"
"212645","프레쉬 마인드","Fresh mind","Decrease 480 of your enemy's Mana","18","0","0","2703","0","0","0","0","703","-1","2","45","2126","60","0","9","0","15","0","0","0","50","4","0","25","0","0","45","111645"
"212650","커렙스","collapse","A fail-safe attack that inflicts 120% damage.","26","0","0","2601","12","0","0","0","10002","-1","7","51","2126","120","0","0","0","0","30","0","0","100","1","0","0","0","0","51","111650"
"212651","인센스빌리티 프로텍터","Insensibility protector","Decrease 30 of your enemy's magic power","18","0","0","2703","0","0","0","0","703","-1","2","51","2126","100","0","9","0","15","0","0","0","50","4","0","25","0","0","51","111651"
"212654","언다잉","Undying","A fail-safe attack that inflicts 150% damage.","18","0","0","2703","0","0","0","0","703","-1","4","54","2126","240","0","9","0","15","0","0","0","50","4","0","25","0","0","54","111654"
"212655","힙니스","Heapness","Decrease your enemy's attack speed by 20%","18","0","0","2703","0","0","0","0","703","-1","4","54","2126","300","0","9","0","15","0","0","0","50","4","0","25","0","0","54","111655"
"212656","그레이트니스","Greatness","Neutralizes enemy's HP bonus","18","0","0","2703","0","0","0","0","703","-1","6","57","2126","570","0","9","0","15","0","0","0","50","4","0","45","0","0","57","111656"
"212657","메시브니스","massiveness","Increase strength by 30. ","18","0","0","2703","0","0","0","0","703","-1","4","57","2126","360","0","9","0","15","0","0","0","50","4","0","25","0","0","57","111657"
"212660","인센스빌리티 필","Insensibility peel","Puts a monster to sleep for 20 seconds","18","0","0","2703","0","0","0","0","703","-1","2","60","2126","150","0","9","0","15","0","0","0","50","4","0","25","0","0","60","111660"
"212670","임포징니스","imposingness","Resurrect losing 40% of the original experience lose","18","0","0","2703","0","0","0","0","703","-1","4","70","2126","460","0","9","0","15","0","0","0","47","4","0","25","54","0","70","112670"
"212671","블레스 오브 가드","bless of God","Decrease 960 of your enemy's Mana","18","0","0","2701","-1","0","0","0","702","-1","6","70","2126","230","0","9","0","15","0","0","0","70","5","0","20","54","0","70","112671"
"212672","메시브 바인더","Massive Binder","Decrease 960 of your enemy's Mana","18","0","0","2703","0","0","0","0","703","-1","6","72","2126","960","0","9","0","15","0","0","0","47","4","0","25","518","0","72","112672"
"212673","라운드 인센트빌리티","Round Insensibility","Decrease 960 of your enemy's Mana","18","0","0","2703","0","0","0","0","703","-1","6","74","2126","750","0","9","0","15","0","0","0","50","4","0","25","519","0","74","112673"
"212674","인센스빌리티 가드","Insensibility Guard","Decrease 960 of your enemy's Mana","18","0","0","2703","0","0","0","0","703","-1","2","76","2126","300","0","9","0","15","0","0","0","50","4","0","25","521","0","76","112674"
"212675","슈피리얼리스","Superioris","Decrease 960 of your enemy's Mana","18","0","0","2703","0","0","0","0","703","-1","4","78","2126","690","0","9","0","15","0","0","0","47","4","0","25","522","0","78","112675"
"212676","카운터 커스","Counter Curse","Decrease 960 of your enemy's Mana","18","0","0","2701","-1","0","0","0","702","-1","6","80","2126","1200","0","9","379062000","15","1800","0","0","70","4","0","25","523","0","80","112676"
"212700","게이트","Gate","A fail-safe attack that inflicts 150% damage and 100 damage. ","19","0","0","2401","2","0","0","0","401","-1","1","0","2127","20","0","9","0","15","74","0","0","50","8","0","25","0","0","0","111700"
"212703","멜리스","Malice","Resurrect losing 30% of the original experience lose","18","0","0","2702","-1","0","0","0","801","0","7","3","2127","40","0","9","0","15","74","0","0","50","4","0","25","0","0","3","111703"
"212709","클리어 마나","Clear mana","Decrease your enemy's max HP by 20%","18","0","0","3101","12","0","0","0","1101","0","7","9","2127","80","0","9","0","15","74","0","0","50","3","0","25","0","0","9","111709"
"212712","틸트","tilt","A fail-safe attack that inflicts 200% damage and 50 damage. ","26","0","0","2601","12","0","0","0","10002","-1","7","12","2127","30","0","0","0","0","1","0","0","100","1","0","0","0","0","12","111712"
"212715","컨퓨젼","Confusion","Puts all the monsters around you to sleep for 20 seconds","18","0","0","2702","-1","0","0","0","801","0","7","15","2127","80","0","9","0","15","74","0","0","50","4","0","25","0","0","15","111715"
"212721","블러디","Bloody","Resurrect losing 20% of the original experience lose","26","0","0","2601","12","0","0","0","10002","-1","7","21","2127","40","0","0","0","0","2","0","0","100","1","0","0","0","0","21","111721"
"212724","슬로우","Slow","Decrease 30% of defense ability of enemies if they're standing within a certain area. ","18","0","0","2702","-1","0","0","0","801","0","7","24","2127","120","0","9","0","15","74","0","0","50","4","0","25","0","0","24","111724"
"212727","리버스 라이프","Reverse life","Decrease your enemy's attack power by 20%","18","0","0","2702","-1","0","0","0","801","0","7","27","2127","50","0","9","0","15","94","0","0","50","4","0","25","0","0","27","111727"
"212729","이럽션","eruption","Decrease 20% of attack ability of enemies if they're standing within a certain area. ","18","0","0","2701","-1","0","0","0","701","-1","1","30","2127","80","0","9","0","0","10","0","0","100","4","0","0","0","0","30","111729"
"212730","슬립 윙","Sleep Wing","[Passive]Increase your defense by 20% when your HP is down to 30% or below.","18","0","0","2702","-1","0","0","0","801","0","7","30","2127","120","0","0","0","15","74","0","0","50","7","0","25","0","0","30","111730"
"212733","사랑의 부활","Resurrection of love","A fail-safe attack that inflicts 200% damage and 150 damage. ","18","0","0","2602","-1","0","0","0","702","-1","25","33","2127","400","0","9","379006000","15","250","0","0","50","5","0","5","0","0","33","111733"
"212736","스윕 마나","Sweep mana","[Passive]Decreases all damages received by 10%","18","0","0","3101","12","0","0","0","1101","0","7","36","2127","160","0","9","0","15","74","0","0","50","3","0","25","0","0","36","111736"
"212739","레이빙 엣지","raving edge","[Passive]Decreases all damages received by 15%","26","0","0","2601","12","0","0","0","10002","-1","7","39","2127","100","0","0","0","0","20","0","0","100","1","0","0","0","0","39","111739"
"212742","은총의 부활","Resurrection of grace","Inflict 3,500 damage to the castle gate disregarding its defense and resistance","18","0","0","2602","-1","0","0","0","702","-1","25","42","2127","600","0","9","379006000","15","250","0","0","50","5","0","5","0","0","42","111742"
"212745","패러사이트","Parasite","Put up a ladder","18","0","0","2702","-1","0","0","0","801","0","7","45","2127","100","0","9","0","15","74","0","0","50","4","0","25","0","0","45","111745"
"212750","하데스","Hades","Fold the ladder","26","0","0","2601","12","0","0","0","10002","-1","7","51","2127","120","0","0","0","0","30","0","0","100","1","0","0","0","0","51","111750"
"212751","슬립 카펫","sleep Carpet","","18","0","0","2702","-1","0","0","0","801","0","10","51","2127","240","0","0","0","15","94","0","0","50","7","0","25","0","0","51","111751"
"212754","은혜의 부활","Resurrection of favors","","18","0","0","2602","-1","0","0","0","702","-1","25","54","2127","800","0","9","379006000","15","250","0","0","50","5","0","5","0","0","54","111754"
"212757","토먼트","Torment","","18","0","0","2702","-1","0","0","0","801","0","10","57","2127","150","0","9","0","15","94","0","0","50","4","0","25","0","0","57","111757"
"212760","메시브","Massive","","18","0","0","2702","-1","0","0","0","801","0","7","60","2127","180","0","9","0","15","104","0","0","50","4","0","25","0","0","60","111760"
"212770","서브사이드","subside","","18","0","0","2702","-1","0","0","0","801","255","10","70","2127","260","0","9","0","15","154","0","0","50","4","0","20","54","0","70","112770"
"212771","슈퍼리얼 페러사이트","Superior Parasite","","18","0","0","2702","-1","0","0","0","801","0","7","75","2127","350","0","9","0","15","600","0","0","50","4","0","25","520","0","75","112771"
"212772","디스카운티스","Discountis","","18","0","0","2702","-1","0","0","0","801","0","10","80","2127","960","0","9","379062000","15","600","0","0","50","3","0","25","523","0","80","112772"
"212800","데어링","daring","","18","0","0","2702","0","0","0","0","10121","0","1","0","2128","0","0","9","0","0","0","0","0","100","0","0","0","0","0","0","112800"
"212802","저지먼트","Judgment","","26","4","0","2601","0","0","0","0","10124","0","7","2","2128","200","0","0","379066000","0","5","0","0","100","1","0","0","0","0","2","112802"
"212805","앱솔루트니스","absoluteness","","18","0","0","2702","0","0","0","0","0","0","1","5","2128","0","0","9","0","0","0","0","0","100","0","0","0","0","0","5","108805"
"212810","매치리스","matchless","","18","0","0","2702","0","0","0","0","0","0","1","10","2128","0","0","9","0","0","0","0","0","100","0","0","0","0","0","10","110810"
"212815","헬레스","Helis","","26","4","0","2601","0","0","0","0","10124","0","7","12","2128","350","0","0","0","0","5","0","0","100","1","0","0","0","0","12","112815"
"212820","커스 리프렉션","Curse Refraction","","18","0","0","2701","-1","0","0","0","702","-1","1","15","2128","320","0","9","0","15","1800","0","0","70","4","0","20","0","0","15","112820"
"212825","일리전 웹","Elysian Web","","18","0","0","2703","0","0","0","0","703","-1","11","20","2128","640","0","9","379062000","15","1800","0","0","50","4","0","25","0","0","20","112825"
"220011","성문 파괴","Drawbridge Destruction","","4","122","0","0","0","0","0","0","13011","0","24","0","0","0","0","9","0","16","16","0","0","100","3","0","15","0","0","0","120011"
"220021","사다리 펼치기","Open Ladder Bridge","","-1","132","0","0","0","0","0","0","0","0","1","30060","0","0","0","9","0","16","16","0","0","100","6","0","0","0","0","30060","120021"
"220022","사다리 접기","Close Ladder Bridge","","-1","132","0","0","0","0","0","0","0","0","1","30061","0","0","0","9","0","16","16","0","0","100","6","0","0","0","0","30061","120022"
"230013","함성","Shouting","","104","0","0","2401","-1","0","0","0","702","-1","1","0","0","0","0","9","0","16","1800","0","0","100","0","0","0","0","0","0","130013"
"230014","돌격","Assault","Put up a ladder","107","0","0","2401","-1","0","0","0","702","-1","1","0","1000","0","0","9","0","16","1800","0","0","100","0","0","0","0","0","0","130014"
"289642","프로즌 블레이드","frozen blade","Increase resistance to Glacier by 80","114","0","0","2202","2","0","0","0","211","-1","7","42","2096","0","0","11","0","0","0","0","0","100","4","0","5","0","0","30","189642"
"290573","화염의 갑주","Fire Armor","A Glacier magic which allows you to attack an opponent from far away.  It also slows down your enemy for a set period of time. ","16","0","0","2102","2","0","0","0","131","0","7","75","2905","250","0","9","0","15","200","0","0","100","3","0","0","516","0","75","190573"
"290642","프로즌 블레이드","frozen blade","Retrieve frozen meteors to attack enemies standing within a certain area. ","114","0","0","2202","2","0","0","0","211","-1","7","42","2106","0","0","11","0","0","0","0","0","100","4","0","5","0","0","30","189642"
"290672","아이스 스테프","Ice Staff","Shock your enemy with Lightningity for a certain period of time. It has an added effect of neutralizing enemy's magic attack","114","0","0","2202","2","0","0","0","211","-1","7","72","2106","0","0","11","0","0","0","0","0","100","4","0","5","515","0","30","190672"
"290673","냉혹의 갑주","Ice Armor","Shock your enemy with Lightningity for a certain period of time. It has an added effect of neutralizing enemy's magic attack","16","0","0","2701","-1","0","0","0","211","-1","1","75","2906","250","0","9","0","15","200","0","0","100","3","4","0","516","0","75","190673"
"290773","전격의 갑주","Lightning Armor","Heal 60 HP","16","0","0","2303","0","0","0","0","331","0","1","75","2907","250","0","9","0","15","200","0","0","100","3","0","0","516","0","75","190773"
"300101","전갈 독 공격","Poison","Scorpion poison attack","26","0","0","2601","0","0","0","0","801","0","7","0","0","10","0","9","0","0","10","0","0","10","3","0","5","0","0","0","300101"
"300102","","Fire ball","Fire attack done by Kecoon Mage","24","0","0","2101","7","0","0","191","101","0","7","0","0","10","0","9","0","0","10","0","0","100","3","0","5","0","0","0","300102"
"300103","","Curse","Zombie's curse","26","0","0","2601","0","0","0","0","801","0","7","0","0","10","0","9","0","0","10","0","0","100","3","0","10","0","0","0","300103"
"300104","","Attila Fire","Fire  ","24","0","0","2101","7","0","0","0","101","0","7","0","0","100","0","9","0","0","10","0","0","100","3","0","30","0","0","0","300104"
"300105","","Attila Territory","Location","22","0","0","2101","2","0","0","0","101","0","10","0","0","100","0","9","0","0","10","0","0","100","3","0","30","0","0","0","300105"
"300106","","Attila Heal","Heal","18","0","0","2601","7012","0","0","0","601","-1","11","0","0","100","0","9","0","0","10","0","0","100","3","0","30","0","0","0","300106"
"300107","","Sheriff","Curse","26","0","0","2601","0","0","0","0","801","0","0","0","0","10","0","9","0","0","10","0","0","100","3","0","10","0","0","0","300107"
"300108","","Laird","Curse","26","0","0","2601","0","0","0","0","801","0","7","0","0","10","0","9","0","0","10","0","0","100","3","0","10","0","0","0","300108"
"300109","","Baron","Curse","26","0","0","2601","0","0","0","0","801","0","7","0","0","10","0","9","0","0","10","0","0","100","3","0","10","0","0","0","300109"
"300110","","Cardinal","Curse","26","0","0","2601","0","0","0","0","801","0","7","0","0","10","0","9","0","0","10","0","0","100","3","0","10","0","0","0","300110"
"300111","","Duke","Curse","26","0","0","2601","0","0","0","0","801","0","7","0","0","10","0","9","0","0","10","0","0","100","3","0","10","0","0","0","300111"
"300112","","Bishop","Curse","26","0","0","2601","0","0","0","0","801","0","7","0","0","10","0","9","0","0","10","0","0","100","3","0","10","0","0","0","300112"
"300113","","Bach","Curse","26","0","0","2601","0","0","0","0","801","0","7","0","0","10","0","9","0","0","10","0","0","100","3","0","10","0","0","0","300113"
"300114","적군40궁수화살","Level 40 archer NPC's arrow attack","Level 40 archer NPC's arrow attack","26","0","0","500","12","0","0","590","550","0","7","0","0","10","0","9","0","0","15","0","0","100","3","0","30","0","0","0","300114"
"300115","적군40파이어볼","Level 40 magician NPC's fireball attack","Level 40 magician NPC's fireball attack","16","0","0","2101","2","0","0","191","101","0","7","0","0","10","0","9","0","0","15","0","0","100","3","0","30","0","0","0","300115"
"300116","적군40힐링","Level 40 priest NPC's heal","Level 40 priest NPC's heal","17","0","0","2601","7012","0","0","0","601","-1","2","0","0","10","0","9","0","0","15","0","0","100","3","0","30","0","0","0","300116"
"300117","적군 40전사 크리티컬 히트","Level 40 warrior NPC's critical hit","Level 40 warrior NPC's critical hit","26","0","0","2601","12","0","0","0","10002","-1","7","0","0","10","0","9","0","0","15","0","0","100","3","0","30","0","0","0","300117"
"300118","오크 40 궁수 불화살","Level 40 archer NPC's arrow attack","Level 40 archer NPC's arrow attack","26","0","0","500","12","0","0","590","550","0","7","0","0","10","0","9","0","0","15","0","0","100","3","0","25","0","0","0","300118"
"300119","오크 50 궁수 불화살","Level 40 archer NPC's arrow attack","Level 40 archer NPC's arrow attack","26","0","0","500","12","0","0","590","550","0","7","0","0","10","0","9","0","0","15","0","0","100","3","0","25","0","0","0","300119"
"300120","오크 60 궁수 불화살","Level 40 archer NPC's arrow attack","Level 40 archer NPC's arrow attack","26","0","0","500","12","0","0","590","550","0","7","0","0","10","0","9","0","0","15","0","0","100","3","0","25","0","0","0","300120"
"300121","오크 70 궁수 불화살","Level 40 archer NPC's arrow attack","Level 40 archer NPC's arrow attack","26","0","0","500","12","0","0","590","550","0","7","0","0","10","0","9","0","0","15","0","0","100","3","0","25","0","0","0","300121"
"300122","오크 80 궁수 불화살","Level 40 archer NPC's arrow attack","Level 40 archer NPC's arrow attack","26","0","0","500","12","0","0","590","550","0","7","0","0","10","0","9","0","0","15","0","0","100","3","0","25","0","0","0","300122"
"300123","","Deruvish 1 - Electric","Deruvish 1 - Electric","16","0","0","2301","2","0","0","0","302","-1","7","0","0","10","0","9","0","20","25","0","0","100","3","0","25","0","0","0","300123"
"300124","","Deruvish 2 - Electric","Deruvish 2 - Electric","16","0","0","2301","2","0","0","0","302","-1","7","0","0","10","0","9","0","20","25","0","0","100","3","0","25","0","0","0","300124"
"300125","","Deruvish 3 - Electric","Deruvish 3 - Electric","16","0","0","2301","2","0","0","0","302","-1","7","0","0","10","0","9","0","20","25","0","0","100","3","0","25","0","0","0","300125"
"300126","","Deruvish 4 - Electric","Deruvish 4 - Electric","16","0","0","2301","2","0","0","0","302","-1","7","0","0","10","0","9","0","20","25","0","0","100","3","0","25","0","0","0","300126"
"300127","","Deruvish 5 - Electric","Deruvish 5 - Electric","16","0","0","2301","2","0","0","0","302","-1","7","0","0","10","0","9","0","20","25","0","0","100","3","0","25","0","0","0","300127"
"300128","저주 마법 1 단계","Deruvish 1 - Curse","Deruvish 1 - Curse","16","0","0","2601","0","0","0","0","801","0","10","0","0","10","0","9","0","20","25","0","0","100","3","4","25","0","0","0","300128"
"300129","저주 마법 2 단계","Deruvish 2 - Curse","Deruvish 2 - Curse","16","0","0","2601","0","0","0","0","801","0","10","0","0","10","0","9","0","20","25","0","0","100","3","4","25","0","0","0","300129"
"300130","저주 마법 3 단계","Deruvish 3 - Curse","Deruvish 3 - Curse","16","0","0","2601","0","0","0","0","801","0","10","0","0","10","0","9","0","20","25","0","0","100","3","4","25","0","0","0","300130"
"300131","저주 마법 4 단계","Deruvish 4 - Curse","Deruvish 4 - Curse","16","0","0","2601","0","0","0","0","801","0","10","0","0","10","0","9","0","20","25","0","0","100","3","4","25","0","0","0","300131"
"300132","저주 마법 5 단계","Deruvish 5 - Curse","Deruvish 5 - Curse","16","0","0","2601","0","0","0","0","801","0","10","0","0","10","0","9","0","20","25","0","0","100","3","4","25","0","0","0","300132"
"300133","","Deruvish Cancel Magic","Deruvish Cancel Magic","16","0","0","2601","0","0","0","0","801","0","7","0","0","10","0","9","0","20","25","0","0","100","5","0","25","0","0","0","300133"
"300134","화염의 저주 1단계","Harpy 1 - Poison, decrease attack power","하피 공격 마법 3","16","0","0","2601","0","0","0","0","801","0","7","0","0","10","0","9","0","20","25","0","0","100","3","4","25","0","0","0","300134"
"300135","화염의 저주 2단계","Harpy 2 - Poison, decrease attack power","Harpy 2 - Poison","16","0","0","2601","0","0","0","0","801","0","7","0","0","10","0","9","0","20","25","0","0","100","3","4","25","0","0","0","300135"
"300136","화염의 저주 3단계","Harpy 3 - Poison, decrease attack power","Harpy 3 - Poison","16","0","0","2601","0","0","0","0","801","0","7","0","0","10","0","9","0","20","25","0","0","100","3","4","25","0","0","0","300136"
"300137","화염의 저주 4단계","Harpy 4 - Poison, decrease attack power","Harpy 4 - Poison","16","0","0","2601","0","0","0","0","801","0","7","0","0","10","0","9","0","20","25","0","0","100","3","4","25","0","0","0","300137"
"300138","화염의 저주 5단계","Harpy 5 - Poison, decrease attack power","Harpy 5 - Poison","16","0","0","2601","0","0","0","0","801","0","10","0","0","10","0","9","0","20","25","0","0","100","3","4","25","0","0","0","300138"
"300139","","GuardTower FireArrow","","0","0","0","2101","1","0","0","10110","101","0","7","0","0","0","0","9","391010000","0","10","0","0","100","3","0","0","0","0","0","300139"
"300140","","GuardTower Healing","","0","0","0","2101","1","0","0","0","101","0","2","0","0","0","0","9","0","0","20","0","0","100","3","0","20","0","0","0","300140"
"300141","라미아 독 공격 1","LAMIA POISON 1 - 10 SEC 1000","","16","0","0","2601","0","0","0","0","801","0","7","0","0","10","0","9","0","20","25","0","0","100","3","0","25","0","0","0","300141"
"300142","라미아 독 공격 2","LAMIA POISON 1 - 10 SEC 1500","","16","0","0","2601","0","0","0","0","801","0","7","0","0","10","0","9","0","20","25","0","0","100","3","0","25","0","0","0","300142"
"300143","라미아 독 공격 3","LAMIA POISON 1 - 10 SEC2000","","16","0","0","2601","0","0","0","0","801","0","7","0","0","10","0","9","0","20","25","0","0","100","3","0","25","0","0","0","300143"
"300144","라미아 독 공격 4","LAMIA POISON 1 - 10 SEC 2500","","16","0","0","2601","0","0","0","0","801","0","7","0","0","10","0","9","0","20","25","0","0","100","3","0","25","0","0","0","300144"
"300145","라미아 독 공격 5","LAMIA POISON 1 - 10 SEC 3000","","16","0","0","2601","0","0","0","0","801","0","7","0","0","10","0","9","0","20","25","0","0","100","3","0","25","0","0","0","300145"
"300146","스톤골렘 1 -  크리티컬 스트라이크","2000 damage with one hit. Disregards any defense ability. ","2000 damage with one hit. Disregards any defense ability. ","16","0","0","0","0","0","0","0","0","0","7","0","0","10","0","9","0","20","25","0","0","100","3","0","25","0","0","0","300146"
"300147","스톤골렘 2 -  크리티컬 스트라이크","2500 damage with one hit. Disregards any defense ability. ","2500 damage with one hit. Disregards any defense ability. ","16","0","0","0","0","0","0","0","0","0","7","0","0","10","0","9","0","20","25","0","0","100","3","0","25","0","0","0","300147"
"300148","스톤골렘 3 -  크리티컬 스트라이크","3000 damage with one hit. Disregards any defense ability. ","3000 damage with one hit. Disregards any defense ability. ","16","0","0","0","0","0","0","0","0","0","7","0","0","10","0","9","0","20","25","0","0","100","3","0","25","0","0","0","300148"
"300149","스톤골렘 4 -  크리티컬 스트라이크","3500 damage with one hit. Disregards any defense ability. ","3500 damage with one hit. Disregards any defense ability. ","16","0","0","0","0","0","0","0","0","0","7","0","0","10","0","9","0","20","25","0","0","100","3","0","25","0","0","0","300149"
"300150","스톤골렘 5 -  크리티컬 스트라이크","4000 damage with one hit. Disregards any defense ability. ","4000 damage with one hit. Disregards any defense ability. ","16","0","0","0","0","0","0","20026","20027","0","7","0","0","10","0","9","0","20","25","0","0","100","3","0","25","0","0","0","300150"
"300151","오크 마법사 화염 1","오크 마법사 화염 1","","16","0","0","2301","2","0","0","0","101","0","7","70","0","10","0","9","0","15","20","0","0","100","3","0","25","0","0","70","300151"
"300152","오크 마법사 화염 2","오크 마법사 화염 2","","16","0","0","2301","2","0","0","0","102","0","7","80","0","10","0","9","0","15","20","0","0","100","3","0","25","0","0","80","300152"
"300153","오크 마법사 화염 3","오크 마법사 화염 3","","16","0","0","2301","2","0","0","0","102","0","7","90","0","10","0","9","0","15","20","0","0","100","3","0","25","0","0","90","300153"
"300154","오크 마법사 냉기 1","오크 마법사 냉기 1","","16","0","0","2301","2","0","0","0","201","0","7","70","0","10","0","9","0","15","20","0","0","100","3","4","25","0","0","70","300154"
"300155","오크 마법사 냉기 2","오크 마법사 냉기 2","","16","0","0","2301","2","0","0","0","202","0","7","80","0","10","0","9","0","15","20","0","0","100","3","4","25","0","0","80","300155"
"300156","오크 마법사 냉기 3","오크 마법사 냉기 3","","16","0","0","2301","2","0","0","0","202","0","7","90","0","10","0","9","0","15","20","0","0","100","3","4","25","0","0","90","300156"
"300157","오크 마법사 전격 1","오크 마법사 전격 1","","16","0","0","2301","2","0","0","0","301","-1","7","70","0","10","0","9","0","15","20","0","0","100","3","0","25","0","0","70","300157"
"300158","오크 마법사 전격 2","오크 마법사 전격 2","","16","0","0","2301","2","0","0","0","302","-1","7","80","0","10","0","9","0","15","20","0","0","100","3","0","25","0","0","80","300158"
"300159","오크 마법사 전격 3","오크 마법사 전격 3","","16","0","0","2301","2","0","0","0","302","-1","7","90","0","10","0","9","0","15","20","0","0","100","3","0","25","0","0","90","300159"
"300160","오크 마법사 독 1","오크 마법사 독 1","","16","0","0","2301","2","0","0","0","801","0","7","70","0","10","0","9","0","15","20","0","0","100","3","0","25","0","0","70","300160"
"300161","오크 마법사 독 2","오크 마법사 독 2","","16","0","0","2301","2","0","0","0","801","0","7","80","0","10","0","9","0","15","20","0","0","100","3","0","25","0","0","80","300161"
"300162","오크 마법사 독 3","오크 마법사 독 3","","16","0","0","2301","2","0","0","0","801","0","7","90","0","10","0","9","0","15","20","0","0","100","3","0","25","0","0","90","300162"
"300163","오크 사제 힐링 1","오크 사제 힐링 1","","16","0","0","2301","2","0","0","0","601","-1","2","70","0","10","0","9","0","15","20","0","0","100","3","0","25","0","0","70","300163"
"300164","오크 사제 힐링 2","오크 사제 힐링 2","","16","0","0","2301","2","0","0","0","602","15","2","80","0","10","0","9","0","15","20","0","0","100","3","0","25","0","0","80","300164"
"300165","오크 사제 힐링 3","오크 사제 힐링 3","","16","0","0","2301","2","0","0","0","603","0","2","90","0","10","0","9","0","15","20","0","0","100","3","0","25","0","0","90","300165"
"300166","오크 산적 로그 불화살","오크 산적 로그 불화살","","26","0","0","500","12","0","0","10110","550","0","7","80","0","10","0","9","0","15","20","0","0","100","3","0","35","0","0","80","300166"
"300167","오크 산적 로그 불화살","오크 산적 로그 불화살","","26","0","0","500","12","0","0","10110","550","0","7","90","0","10","0","9","0","15","20","0","0","100","3","0","35","0","0","90","300167"
"300168","오크 산적 로그 불화살","오크 산적 로그 불화살","","26","0","0","500","12","0","0","10110","550","0","7","100","0","10","0","9","0","15","20","0","0","100","3","0","35","0","0","100","300168"
"300169","맨티코어 공격 마법 1","맨티코어 독 공격 1","","4","0","0","0","72","0","0","10108","10105","-1","7","100","0","10","0","9","0","15","20","0","0","100","3","4","25","0","0","100","300169"
"300170","맨티코어 공격 마법 2","맨티코어 독 공격 2","","4","0","0","0","72","0","0","10108","10105","-1","7","110","0","10","0","9","0","15","20","0","0","100","3","4","25","0","0","110","300170"
"300171","맨티코어 공격 마법 3","맨티코어 독 공격 3","","4","0","0","0","72","0","0","10108","10105","-1","7","120","0","10","0","9","0","15","20","0","0","100","3","4","25","0","0","120","300171"
"300172","맨티코어 공격 마법 4","맨티코어 독 공격 4","","4","0","0","0","72","0","0","10108","10105","-1","7","130","0","10","0","9","0","15","20","0","0","100","3","4","25","0","0","130","300172"
"300173","맨티코어 공격 마법 5","맨티코어 독 공격 5","","4","0","0","0","72","0","0","10108","10105","-1","7","140","0","10","0","9","0","15","20","0","0","100","3","4","25","0","0","140","300173"
"300174","맨티코어 전체 공격 1","맨티코어 전체 공격 1","","16","0","0","2601","0","0","0","0","302","0","10","100","0","10","0","9","0","15","20","0","0","100","3","0","25","0","0","100","300174"
"300175","맨티코어 전체 공격 2","맨티코어 전체 공격 2","","16","0","0","2601","0","0","0","0","302","0","10","110","0","10","0","9","0","15","20","0","0","100","3","0","25","0","0","110","300175"
"300176","맨티코어 전체 공격 3","맨티코어 전체 공격 3","","16","0","0","2601","0","0","0","0","302","0","10","120","0","10","0","9","0","15","20","0","0","100","3","0","25","0","0","120","300176"
"300177","맨티코어 전체 공격 4","맨티코어 전체 공격 4","","16","0","0","2601","0","0","0","0","302","0","10","130","0","10","0","9","0","15","20","0","0","100","3","0","25","0","0","130","300177"
"300178","맨티코어 전체 공격 5","맨티코어 전체 공격 5","","16","0","0","2601","0","0","0","0","302","0","10","140","0","10","0","9","0","15","20","0","0","100","3","0","25","0","0","140","300178"
"300179","맨티코어 치료 마법 1","맨티코어 치료 마법 1","","16","0","0","2601","0","0","0","0","603","0","10","100","0","10","0","9","0","15","20","0","0","100","3","0","25","0","0","100","300179"
"300180","맨티코어 치료 마법 2","맨티코어 치료 마법 2","","16","0","0","2601","0","0","0","0","603","0","10","110","0","10","0","9","0","15","20","0","0","100","3","0","25","0","0","110","300180"
"300181","맨티코어 치료 마법 3","맨티코어 치료 마법 3","","16","0","0","2601","0","0","0","0","603","0","10","120","0","10","0","9","0","15","20","0","0","100","3","0","25","0","0","120","300181"
"300182","맨티코어 치료 마법 4","맨티코어 치료 마법 4","","16","0","0","2601","0","0","0","0","603","0","10","130","0","10","0","9","0","15","20","0","0","100","3","0","25","0","0","130","300182"
"300183","맨티코어 치료 마법 5","맨티코어 치료 마법 5","","16","0","0","2601","0","0","0","0","603","0","10","140","0","10","0","9","0","15","20","0","0","100","3","0","25","0","0","140","300183"
"300184","캔타우르스 공격, MaxHP 마법 1","캔타우르스 공격, MaxHP 마법 1","","5","0","0","0","15","0","0","10055","10104","0","7","100","0","10","0","9","0","15","20","0","0","100","3","4","25","0","0","100","300184"
"300185","캔타우르스 공격, MaxHP 마법 2","캔타우르스 공격, MaxHP 마법 2","","5","0","0","0","15","0","0","10055","10104","0","7","110","0","10","0","9","0","15","20","0","0","100","3","4","25","0","0","110","300185"
"300186","캔타우르스 공격, MaxHP 마법 3","캔타우르스 공격, MaxHP 마법 3","","5","0","0","0","15","0","0","10055","10104","0","7","120","0","10","0","9","0","15","20","0","0","100","3","4","25","0","0","120","300186"
"300187","캔타우르스 공격, MaxHP 마법 4","캔타우르스 공격, MaxHP 마법 4","","5","0","0","0","15","0","0","10055","10104","0","7","130","0","10","0","9","0","15","20","0","0","100","3","4","25","0","0","130","300187"
"300188","캔타우르스 공격, MaxHP 마법 5","캔타우르스 공격, MaxHP 마법 5","","5","0","0","0","15","0","0","10055","10104","0","7","140","0","10","0","9","0","15","20","0","0","100","3","4","25","0","0","140","300188"
"300189","캔타우르스 전체 공격 1","캔타우르스 전체 공격 1","","16","0","0","2601","0","0","0","0","302","0","10","100","0","10","0","9","0","15","20","0","0","100","3","0","25","0","0","100","300189"
"300190","캔타우르스 전체 공격 2","캔타우르스 전체 공격 2","","16","0","0","2601","0","0","0","0","302","0","10","110","0","10","0","9","0","15","20","0","0","100","3","0","25","0","0","110","300190"
"300191","캔타우르스 전체 공격 3","캔타우르스 전체 공격 3","","16","0","0","2601","0","0","0","0","302","0","10","120","0","10","0","9","0","15","20","0","0","100","3","0","25","0","0","120","300191"
"300192","캔타우르스 전체 공격 4","캔타우르스 전체 공격 4","","16","0","0","2601","0","0","0","0","302","0","10","130","0","10","0","9","0","15","20","0","0","100","3","0","25","0","0","130","300192"
"300193","캔타우르스 전체 공격 5","캔타우르스 전체 공격 5","","16","0","0","2601","0","0","0","0","302","0","10","140","0","10","0","9","0","15","20","0","0","100","3","0","25","0","0","140","300193"
"300194","캔타우르스 전격공격 마법 1","캔타우르스 전격공격 마법 1","","16","0","0","2601","0","0","0","10110","102","0","7","100","0","10","0","9","0","15","20","0","0","100","3","4","25","0","0","100","300194"
"300195","캔타우르스 전격공격 마법 2","캔타우르스 전격공격 마법 2","","16","0","0","2601","0","0","0","10110","102","0","7","110","0","10","0","9","0","15","20","0","0","100","3","4","25","0","0","110","300195"
"300196","캔타우르스 전격공격 마법 3","캔타우르스 전격공격 마법 3","","16","0","0","2601","0","0","0","10110","102","0","7","120","0","10","0","9","0","15","20","0","0","100","3","4","25","0","0","120","300196"
"300197","캔타우르스 전격공격 마법 4","캔타우르스 전격공격 마법 4","","16","0","0","2601","0","0","0","10110","102","0","7","130","0","10","0","9","0","15","20","0","0","100","3","4","25","0","0","130","300197"
"300198","캔타우르스 전격공격 마법 5","캔타우르스 전격공격 마법 5","","16","0","0","2601","0","0","0","10110","102","0","7","140","0","10","0","9","0","15","20","0","0","100","3","4","25","0","0","140","300198"
"300199","","GuardTower FireArrow","","0","0","0","2101","1","0","0","10110","101","0","7","0","0","0","0","9","391010000","0","10","0","0","100","3","0","0","0","0","0","300199"
"300200","오크 40 궁수 불화살","오크 20 궁수 불화살","","4","0","0","500","12","0","0","10064","550","0","7","0","0","10","0","9","0","0","10","0","0","100","3","0","25","0","0","0","300200"
"300201","고블린 독 공격(하급)","고블린 독 공격(하급)","","5","0","0","20001","12","0","0","20002","20003","0","7","0","0","50","0","9","0","11","20","0","0","100","3","0","20","0","0","0","300201"
"300202","고블린 독 공격(중급)","고블린 독 공격(중급)","","5","0","0","20001","12","0","0","20002","20003","0","7","0","0","50","0","9","0","11","20","0","0","100","3","0","20","0","0","0","300202"
"300203","고블린 지역 독 공격(상급)","고블린 지역 독 공격(상급)","","5","0","0","20004","12","0","0","0","20005","255","10","0","0","50","0","9","0","11","20","0","0","100","3","0","20","0","0","0","300203"
"300204","고블린 독저항감소(하급)","고블린 독저항감소(하급)","","5","0","0","2702","22","0","0","0","801","0","7","0","0","50","0","9","0","11","20","0","0","100","4","0","20","0","0","0","300204"
"300205","고블린 독저항감소(중급)","고블린 독저항감소(중급)","","5","0","0","2702","22","0","0","0","801","0","7","0","0","50","0","9","0","11","20","0","0","100","4","0","20","0","0","0","300205"
"300206","고블린 독저항감소(상급)","고블린 독저항감소(상급)","Area","5","0","0","2702","22","0","0","0","801","0","10","0","0","50","0","9","0","11","20","0","0","100","4","0","20","0","0","0","300206"
"300207","고블린 힐링(중급)","고블린 힐링(중급)","","5","0","0","2602","12","0","0","0","602","4","2","0","0","50","0","9","0","11","20","0","0","100","3","0","20","0","0","0","300207"
"300208","고블린 힐링(상급)","고블린 힐링(상급)","Area","5","0","0","2602","12","0","0","0","602","4","11","0","0","50","0","9","0","11","20","0","0","100","3","0","20","0","0","0","300208"
"300209","고블린 방어력 감소(중급)","고블린 방어력 감소(중급)","","5","0","0","2702","22","0","0","0","801","0","7","0","0","50","0","9","0","11","20","0","0","100","4","0","20","0","0","0","300209"
"300210","고블린 방어력 감소(상급)","고블린 방어력 감소(상급)","","5","0","0","2702","22","0","0","0","801","0","7","0","0","50","0","9","0","11","20","0","0","100","4","0","20","0","0","0","300210"
"300211","바위 거인 돌공격","바위 거인 돌공격","","16","0","0","10066","12","0","0","10065","10067","-1","10","0","0","10","0","9","0","0","10","0","0","100","3","0","40","0","0","0","300211"
"300212","적군 40 레벨 궁수 NPC의 화살 공격","바위 거인 돌공격","","16","0","0","10066","12","0","0","10065","10067","-1","10","0","0","10","0","9","0","0","10","0","0","100","3","0","40","0","0","0","300212"
"300213","적군 60 레벨 궁수 NPC의 화살 공격","바위 거인 돌공격","","16","0","0","10066","12","0","0","10065","10067","-1","10","0","0","10","0","9","0","0","10","0","0","100","3","0","40","0","0","0","300213"
"300214","적군 40 레벨 궁수 NPC의 화살 공격","오크40 궁수","","4","0","0","500","12","0","0","10064","550","0","7","0","0","10","0","9","0","0","10","0","0","100","3","0","25","0","0","0","300214"
"300215","적군 60 레벨 궁수 NPC의 화살 공격","오크60 궁수","","4","0","0","500","12","0","0","10064","550","0","7","0","0","10","0","9","0","0","10","0","0","100","3","0","25","0","0","0","300215"
"300216","인던 켄타우르스 70레벨 화살공격","인던 켄타우르스 70레벨 화살","","4","0","0","500","12","0","0","10055","550","0","7","0","0","10","0","9","0","0","10","0","0","100","3","0","25","0","0","0","300216"
"300217","","냉혹의 사도","","16","0","0","2702","-1","0","0","0","701","-1","7","0","0","10","0","9","0","20","25","0","0","100","3","4","25","0","0","0","300217"
"300218","","화염의 사도","","16","0","0","2103","0","0","0","0","113","-1","7","0","0","10","0","9","0","20","25","0","0","100","3","0","25","0","0","0","300218"
"300219","냉혹의 사도 저주","Deruvish 4 - Curse","Deruvish 4 - Curse","16","0","0","2702","-1","0","0","0","701","-1","7","0","0","10","0","9","0","20","25","0","0","100","3","4","25","0","0","0","300219"
"300231","드래드메어 화염 공격(하급)","드래드메어 화염 공격(하급)","","5","0","0","20021","7","0","0","0","20022","61","7","0","0","50","0","9","0","20","30","0","0","80","3","0","35","0","0","0","300231"
"300232","드래드메어 화염 공격(중급)","드래드메어 화염 공격(중급)","","5","0","0","20021","7","0","0","0","20022","61","7","0","0","50","0","9","0","20","30","0","0","80","3","0","35","0","0","0","300232"
"300233","드래드메어 화염 공격(상급)","드래드메어 화염 공격(상급)","Area","13","0","0","20023","18","0","0","0","20024","61","10","0","0","50","0","9","0","20","30","0","0","80","3","0","35","0","0","0","300233"
"300234","드래드메어 전격 공격(하급)","드래드메어 전격 공격(하급)","","5","0","0","20025","18","0","0","20026","20027","0","7","0","0","50","0","9","0","20","30","0","0","80","3","0","35","0","0","0","300234"
"300235","드래드메어 전격 공격(중급)","드래드메어 전격 공격(중급)","","5","0","0","20025","18","0","0","20026","20027","0","7","0","0","50","0","9","0","20","30","0","0","80","3","0","35","0","0","0","300235"
"300236","드래드메어 전격 공격(상급)","드래드메어 전격 공격(상급)","Area","13","0","0","20028","18","0","0","0","20029","61","10","0","0","50","0","9","0","20","30","0","0","80","3","4","35","0","0","0","300236"
"300237","드래드메어 민첩성 감소(중급)","드래드메어 민첩성 감소(중급)","","5","0","0","2702","61","0","0","0","801","0","7","0","0","50","0","9","0","15","25","0","0","80","4","0","35","0","0","0","300237"
"300238","드래드메어 민첩성 감소(상급)","드래드메어 민첩성 감소(상급)","","5","0","0","2702","61","0","0","0","801","0","7","0","0","50","0","9","0","15","25","0","0","80","3","4","35","0","0","0","300238"
"300239","드래드메어 공격력 감소(중급)","드래드메어 공격력 감소(중급)","","5","0","0","2702","61","0","0","0","801","0","7","0","0","50","0","9","0","15","25","0","0","80","3","4","35","0","0","0","300239"
"300240","드래드메어 공격력 감소(상급)","드래드메어 공격력 감소(상급)","","5","0","0","2702","61","0","0","0","801","0","7","0","0","50","0","9","0","15","25","0","0","80","4","0","35","0","0","0","300240"
"300251","GuardTower FireArrow","GuardTower FireArrow","","0","0","0","2101","1","0","0","10110","101","0","7","0","0","0","0","9","391010000","0","10","0","0","100","3","0","0","0","0","0","300251"
"300252","GuardTower FireArrow","GuardTower FireArrow","","0","0","0","2101","1","0","0","10110","101","0","7","0","0","0","0","9","391010000","0","10","0","0","100","3","0","0","0","0","0","300252"
"300253","GuardTower FireArrow","GuardTower FireArrow","","0","0","0","2101","1","0","0","10110","101","0","7","0","0","0","0","9","391010000","0","10","0","0","100","3","0","0","0","0","0","300253"
"300261","플레임 록 화염 공격1","플레임 록 화염 공격1","","4","0","0","0","0","0","0","0","20031","0","7","0","0","50","0","9","0","0","30","0","0","100","3","0","20","0","0","0","300261"
"300264","플레임 록 화염 공격4","플레임 록 화염 공격4","","4","0","0","0","0","0","0","0","20031","0","7","0","0","50","0","9","0","0","30","0","0","100","3","0","20","0","0","0","300264"
"300269","플레임 록 전체 공격 4","플레임 록 전체 공격 4","","4","0","0","2103","0","0","0","0","2901","255","10","0","0","50","0","9","0","0","30","0","0","100","3","0","20","0","0","0","300269"
"300271","궁수의 활 공격","궁수의 활 공격","Abandoned NPC. Colony Zone","26","0","0","500","12","0","0","10110","550","0","7","100","0","10","0","9","0","15","20","0","0","100","3","0","35","0","0","100","300271"
"300272","마법사의 화염 공격","마법사의 화염 공격","Abandoned NPC. Colony Zone","26","0","0","500","12","0","0","10110","550","0","7","100","0","10","0","9","0","15","20","0","0","100","3","0","35","0","0","100","300272"
"300281","오크 산적 두목 MP 깎기","오크 산적 두목 MP 깎기","","16","0","0","2601","0","0","0","0","302","0","10","130","0","10","0","9","0","15","20","0","0","100","3","0","35","0","0","130","300281"
"300291","호넷 독 공격","호넷 독 공격","","5","0","0","0","0","0","0","30013","30014","0","7","0","0","50","0","9","0","10","30","0","0","100","3","0","20","0","0","0","300291"
"300301","리치 이동속도 감소","리치 이동속도 감소","","4","0","0","2702","0","0","0","0","801","0","7","0","0","50","0","9","0","10","30","0","0","100","4","0","20","0","0","0","300301"
"300309","리치 전체 마법속성 공격4","리치 전체 마법속성 공격4","","4","0","0","2303","0","0","0","0","2903","255","10","0","0","50","0","9","0","10","60","0","0","100","3","0","20","0","0","0","300309"
"300310","리치 전체 마법속성 공격4(대만)","리치 전체 마법속성 공격4","","4","0","0","2303","0","0","0","0","2903","255","10","0","0","50","0","9","0","10","60","0","0","100","3","0","20","0","0","0","300310"
"300311","그레이 오즈 Max HP 감소","그레이 오즈 Max HP 감소","","5","0","0","2702","17","0","0","0","801","0","7","0","0","50","0","9","0","10","30","0","0","100","4","0","20","0","0","0","300311"
"300321","에이션트 Magic 속성 공격1","에이션트 Magic 속성 공격1","","5","0","0","30023","16","0","0","0","0","0","7","0","0","50","0","9","0","10","30","0","0","100","3","0","20","0","0","0","300321"
"300322","트렌트 Magic 속성 공격2","트렌트 Magic 속성 공격2","","5","0","0","30024","16","0","0","0","0","0","7","0","0","50","0","9","0","10","30","0","0","100","3","0","20","0","0","0","300322"
"300331","이실룬 흡혈 공격1","이실룬 흡혈 공격1","","5","0","0","0","0","0","0","0","30021","2","7","0","0","50","0","9","0","10","30","0","0","100","3","0","20","0","0","0","300331"
"300341","이실룬 부하 공격 성공률 감소 공격1","이실룬 부하 공격 성공률 감소 공격1","","5","0","0","30022","3","0","0","0","0","0","10","0","0","50","0","9","0","10","30","0","0","100","3","4","20","0","0","0","300341"
"300351","교만 크리티컬 히트 공격","교만 크리티컬 히트 공격","","5","0","0","0","0","0","0","0","30101","0","7","0","0","50","0","9","0","10","30","0","0","100","3","0","20","0","0","0","300351"
"300361","탐식의 흡혈 공격","탐식 흡혈 공격","","5","0","0","0","0","0","0","0","30102","0","7","0","0","50","0","9","0","10","30","0","0","100","3","0","20","0","0","0","300361"
"300371","분노 화염 공격","분노 화염 공격","","5","0","0","0","0","0","0","0","30107","-1","10","0","0","50","0","9","0","10","30","0","0","100","3","0","20","0","0","0","300371"
"300381","나태 지역형 속도 감소 공격","나태 속도 감소 공격","","5","0","0","0","0","0","0","0","30106","255","10","0","0","50","0","9","0","10","30","0","0","100","3","4","20","0","0","0","300381"
"300391","음란 MP 흡수 공격","음란 MP 흡수 공격","","5","0","0","0","0","0","0","0","10106","-1","7","0","0","50","0","9","0","10","30","0","0","100","3","0","20","0","0","0","300391"
"300401","시기 지역형 다섯 가지 능력치 감소","시기 지역형 다섯 가지 능력치 감소","","5","0","0","0","0","0","0","0","30104","255","10","0","0","50","0","9","0","10","30","0","0","100","3","4","20","0","0","0","300401"
"300411","탐욕 지역형 방어력 감소","탐욕 지역형 방어력 감소","","5","0","0","0","0","0","0","0","30103","255","10","0","0","50","0","9","0","10","25","0","0","100","3","4","20","0","0","0","300411"
"300421","파토스신의 사자 크리티컬 히트 공격","파토스신의 사자 크리티컬 히트 공격","","5","0","0","0","0","0","0","0","30101","0","7","0","0","50","0","9","0","7","25","0","0","100","3","0","20","0","0","0","300421"
"300422","파토스신의 사자 내구력 감소","파토스신의 사자 내구력 감소","","5","0","0","0","0","0","0","0","30101","0","7","0","0","50","0","9","0","7","25","0","0","100","3","0","20","0","0","0","300422"
"300431","라테이노 지역형 전격 공격","라테이노 지역형 전격 공격","","5","0","0","0","0","0","0","0","30105","255","10","0","0","50","0","9","0","7","25","0","0","100","3","0","20","0","0","0","300431"
"300432","발로그 화염 공격","발로그 화염 공격","","5","0","0","0","0","0","0","0","30801","-1","10","0","0","50","0","9","0","10","30","0","0","100","3","0","20","0","0","0","300432"
"300433","부루 지역형 독 공격","부루 지역형 독 공격","","5","0","0","0","0","0","0","0","30802","255","10","0","0","50","0","9","0","7","25","0","0","100","3","0","20","0","0","0","300433"
"300434","가고일 저주공격","가고일 저주공격","Harpy 5 - Poison","16","0","0","2601","0","0","0","0","801","0","10","0","0","10","0","9","0","20","25","0","0","100","3","4","25","0","0","0","300434"
"300435","드래곤 지역형 전격 공격","드래곤 지역형 전격 공격","","5","0","0","0","0","0","0","0","30803","-1","10","0","0","10","0","9","0","50","25","0","0","100","3","0","40","0","0","0","300435"
"300436","흑룡 독공격","흑룡 독공격","","5","0","0","0","0","0","0","0","30802","255","10","0","0","50","0","9","0","7","25","0","0","100","3","0","20","0","0","0","300436"
"300437","황룡 빛공격","황룡 빛공격","","5","0","0","0","0","0","0","0","30802","255","10","0","0","50","0","9","0","7","25","0","0","100","3","0","20","0","0","0","300437"
"300438","용신 불공격","용신 불공격","","5","0","0","0","0","0","0","0","30802","255","10","0","0","50","0","9","0","7","25","0","0","100","3","0","20","0","0","0","300438"
"300439","플라워의 촉수공격","플라워의 촉수공격","","4","0","0","0","72","0","0","10108","10105","-1","7","0","0","10","0","9","0","15","20","0","0","100","3","4","25","0","0","0","300439"
"301000","펫 지정 공격","Designated Pet Attack","","24","0","0","0","0","0","0","0","0","0","7","1","1000","0","0","9","0","10","10","0","0","100","7","0","40","0","0","1","301000"
"301001","후려치기","Slap","","5","0","0","2601","12","0","0","0","10002","-1","7","10","1000","4","0","9","0","0","40","0","0","100","1","0","1","0","1","10","301001"
"301002","날카로운 발톱","razorsharp toenail","","5","0","0","2601","12","0","0","0","10002","-1","7","20","1000","10","0","9","0","0","50","0","0","100","1","0","1","0","1","20","301002"
"301003","맹공","Heavy attack","","5","0","0","2601","12","0","0","0","10002","-1","7","30","1000","20","0","9","0","0","60","0","0","100","1","0","1","0","1","30","301003"
"301004","다리물기","Leg Bite","","5","0","0","2601","12","0","0","0","10002","-1","7","40","1000","35","0","9","0","0","100","0","0","100","1","4","1","0","1","40","301004"
"301005","강인한 송곳니","Strong fang","","5","0","0","2601","12","0","0","0","10002","-1","7","50","1000","50","0","9","0","0","80","0","0","100","1","0","1","0","1","50","301005"
"301006","치명적인 공격","Fatal Attack","","5","0","0","2601","12","0","0","0","10002","-1","7","60","1000","75","0","9","0","0","100","0","0","100","1","0","1","0","1","60","301006"
"301007","이동","Running","","5","0","0","2601","12","0","0","0","10002","-1","1","1","0","0","0","14","700012000","0","10","0","0","100","8","0","10000","0","1","1","301007"
"301008","워프","Warp","","5","0","0","2601","12","0","0","0","10002","-1","1","1","0","0","0","9","0","0","10","0","0","100","8","0","10000","0","1","1","301008"
"301009","공격형 패킷","Atk Packet","","19","0","0","2701","-1","0","0","0","702","-1","1","1","0","0","0","14","700014000","17","0","0","0","100","4","0","1","0","0","1","301009"
"301010","방어형 패킷","Def Packet","","19","0","0","2701","-1","0","0","0","702","-1","1","1","0","0","0","14","700015000","17","0","0","0","100","4","0","1","0","0","1","301010"
"301011","리치킹 마나번","Leech King’s Mana Burn","","16","0","0","2601","0","0","0","0","302","0","13","10","10","10","0","9","0","10","20","0","0","100","3","0","35","0","0","10","301011"
"301012","리치킹의 마이너 스트렝스","Leech King’s Minor Strength","","18","0","0","2702","-1","0","0","0","801","255","13","10","10","10","0","9","0","10","30","0","0","100","4","0","35","0","0","10","301012"
"301013","코카트리스의 석화광선","Cockatrice’s Petrifying Beam","","16","0","0","2601","0","0","0","0","302","0","7","10","10","10","0","9","0","10","110","0","0","100","4","0","35","0","0","10","301013"
"301014","릴리므의 유혹","Lillime’s Temptation","","16","0","0","2102","2","0","0","0","2911","255","13","10","10","10","0","9","0","10","10","0","0","100","3","0","35","0","0","10","301014"
"301015","릴리므의 석화","Lillime’s Petrification","","16","0","0","2302","2","0","0","0","2913","255","13","10","10","10","0","9","0","10","110","0","0","100","4","0","35","0","0","10","301015"
"301016","미노타우르스의 내려찍기","Minotaur’s Thumping","","19","0","0","10061","12","0","0","10062","10063","0","7","10","10","10","0","9","0","10","10","0","0","100","3","0","25","0","0","10","301016"
"301017","미노타우르스의 괴수의 울음","Minotaur’s Beastly Crying","","17","0","0","2603","0","0","0","0","603","0","13","10","10","10","0","9","0","10","110","0","0","100","4","0","25","0","0","10","301017"
"301018","본드레곤의 본차지","Bone Dragon’s Bone Charge","","19","0","0","10061","12","0","0","10062","10063","0","7","10","10","10","0","9","0","10","110","0","0","100","1","4","35","0","0","10","301018"
"301019","본드레곤의 시독 브레스","Bone Dragon’s Poison Breath","","19","0","0","10061","12","0","0","10062","10063","0","13","10","10","10","0","9","0","10","10","0","0","100","3","0","25","0","0","10","301019"
"301020","레드 드레곤 헤츨링의 드레곤 피어","Red Dragon Hatchling’s Dragon Fear","","19","0","0","10061","12","0","0","10062","10063","0","7","10","10","10","0","9","0","10","10","0","0","100","3","0","35","0","0","10","301020"
"301021","레드 드레곤 헤츨링의 헬파이어 스톰","Red Dragon Hatchling’s Hellfire Storm","","19","0","0","2103","0","0","0","0","30803","-1","10","10","10","10","0","9","0","10","70","0","0","100","3","0","35","0","0","10","301021"
"301022","코카트리스의 눈빛","Cockatrice’s Stare","","16","0","0","2601","0","0","0","0","302","0","7","10","10","10","0","9","0","10","20","0","0","100","3","0","35","0","0","10","301022"
"301023","데바버드의 분노","Rage of Devabird","","19","0","0","2103","0","0","0","0","30803","-1","13","10","10","10","0","9","0","10","90","0","0","100","3","0","90","0","0","10","301023"
"301024","데바버드의 혼란","Confusion of Devabird","","16","0","0","2601","0","0","0","0","302","0","13","10","10","10","0","9","0","10","90","0","0","100","3","0","90","0","0","10","301024"
"301027","열정의 가슴","Passion of the Soul","","18","0","0","2703","0","0","0","0","703","-1","33","30","1000","120","0","9","0","15","0","0","0","50","4","0","25","0","0","1","301027"
"301028","단호한 결의","Firm Determination","","18","0","0","2703","0","0","0","0","703","-1","33","35","1000","200","0","9","0","15","0","0","0","50","4","0","25","0","0","1","301028"
"301029","열정의 가슴","Passion of the Soul2","","18","0","0","2703","0","0","0","0","703","-1","33","55","1000","250","0","9","0","15","0","0","0","50","4","0","25","0","0","1","301029"
"301030","단호한 결의","Firm Determination","","18","0","0","2703","0","0","0","0","703","-1","33","60","1000","350","0","9","0","15","0","0","0","50","4","0","25","0","0","1","301030"
"301118","본드레곤의 본차지","Bone Dragon’s Bone Charge","","19","0","0","10061","12","0","0","10062","10063","0","7","10","10","10","0","9","0","10","60","0","0","100","4","0","35","0","0","10","301118"
"450001","투석기","Catapult","","0","111","0","0","0","0","0","0","13041","0","1","0","0","0","0","9","389101000","0","0","0","0","100","6","0","0","0","0","0","450001"
"450002","충차","battering ram","","0","121","0","0","0","0","0","0","13041","0","1","0","0","0","0","9","389102000","0","0","0","0","100","6","0","0","0","0","0","450002"
"450003","사다리차","Siege Tower","","0","131","0","0","0","0","0","0","13041","0","1","0","0","0","0","9","389103000","0","0","0","0","100","6","0","0","0","0","0","450003"
"450004","대장차","captain Car","","0","141","0","0","0","0","0","0","13041","0","1","0","0","0","0","9","389104000","0","0","0","0","100","6","0","0","0","0","0","450004"
"450005","전투 투석기","Catapult","","0","111","0","0","0","0","0","0","13041","0","1","0","0","0","0","9","389182000","0","0","0","0","100","6","0","0","0","0","0","450005"
"450011","투석기[이벤트]","Catapult","","0","111","0","0","0","0","0","0","13041","0","1","0","0","0","0","9","389151000","0","0","0","0","100","6","0","0","0","0","0","450011"
"450012","충차[이벤트]","battering ram","","0","121","0","0","0","0","0","0","13041","0","1","0","0","0","0","9","389152000","0","0","0","0","100","6","0","0","0","0","0","450012"
"450013","사다리차[이벤트]","Siege Tower","","0","131","0","0","0","0","0","0","13041","0","1","0","0","0","0","9","389153000","0","0","0","0","100","6","0","0","0","0","0","450013"
"450014","대장차[이벤트]","captain Car","","0","141","0","0","0","0","0","0","13041","0","1","0","0","0","0","9","389154000","0","0","0","0","100","6","0","0","0","0","0","450014"
"460001","파이어 팰테이트","Fire peltate ","","-1","0","0","2701","-1","0","0","0","701","-1","1","0","0","0","0","9","310310001","15","3600","0","0","100","4","0","0","0","0","0","460001"
"460002","아이스 팰테이트","Ice peltate ","","-1","0","0","2702","-1","0","0","0","701","-1","1","0","0","0","0","9","310310002","15","3600","0","0","100","4","0","0","0","0","0","460002"
"460003","라이트닝 팰테이트","Lightning peltate ","","-1","0","0","2701","-1","0","0","0","701","-1","1","0","0","0","0","9","310310003","15","3600","0","0","100","4","0","0","0","0","0","460003"
"460004","레지스트 팰테이트","Resist peltate ","","-1","0","0","2701","-1","0","0","0","701","-1","1","0","0","0","0","9","310310008","15","3600","0","0","100","4","0","0","0","0","0","460004"
"460005","아이언클래드","IronClad","","-1","0","0","2701","-1","0","0","0","701","-1","1","0","0","0","0","9","310310009","15","3600","0","0","100","4","0","0","0","0","0","460005"
"460006","하이퍼 힐링","Hyper Healing","","-1","0","0","2601","-1","0","0","0","601","-1","1","0","0","0","0","9","310310010","15","3600","0","0","100","3","0","0","0","0","0","460006"
"470001","변신 토템","Disguise Totem","","-1","0","0","2701","-1","0","0","0","701","-1","1","0","0","0","0","9","379090000","0","0","0","0","0","0","1","0","0","0","0","470001"
"470010","와일드 불칸","Wild bulcan","","-1","379090000","0","2701","-1","0","0","0","701","-1","1","255","0","0","0","9","379091000","0","0","0","0","100","6","4","0","0","0","1","470010"
"470020","케쿤 본 콜렉터","Kecoon bone collector","","-1","379090000","0","2701","-1","0","0","0","701","-1","1","1","0","0","0","9","379091000","0","0","0","0","100","6","4","0","0","0","1","470020"
"470030","가볼트","Gavolt","","-1","379090000","0","2701","-1","0","0","0","701","-1","1","255","0","0","0","9","379091000","0","0","0","0","100","6","4","0","0","0","1","470030"
"470040","벌쳐","Bulture","","-1","379090000","0","2701","-1","0","0","0","701","-1","1","1","0","0","0","9","379091000","0","0","0","0","100","6","4","0","0","0","1","470040"
"470050","좀비","Zombie","","-1","379090000","0","2701","-1","0","0","0","701","-1","1","20","0","0","0","9","379091000","0","0","0","0","100","6","4","0","0","0","20","470050"
"470060","웨어울프","Werewolf","","-1","379090000","0","2701","-1","0","0","0","701","-1","1","255","0","0","0","9","379091000","0","0","0","0","100","6","4","0","0","0","20","470060"
"470070","라이칸","Lycan","","-1","379090000","0","2701","-1","0","0","0","701","-1","1","20","0","0","0","9","379091000","0","0","0","0","100","6","4","0","0","0","20","470070"
"470080","스트라이퍼","Striper scorpion","","-1","379090000","0","2701","-1","0","0","0","701","-1","1","20","0","0","0","9","379091000","0","0","0","0","100","6","4","0","0","0","20","470080"
"470090","코볼드","KOBOLD ","","-1","379090000","0","2701","-1","0","0","0","701","-1","1","30","0","0","0","9","379091000","0","0","0","0","100","6","4","0","0","0","30","470090"
"470100","다이어 울프","Dire wolf","","-1","379090000","0","2701","-1","0","0","0","701","-1","1","255","0","0","0","9","379091000","0","0","0","0","100","6","4","0","0","0","30","470100"
"470110","스켈레톤 나이트","Skeleton knight","","-1","379090000","0","2701","-1","0","0","0","701","-1","1","255","0","0","0","9","379091000","0","0","0","0","100","6","4","0","0","0","30","470110"
"470120","스미르돈","Smilodon","","-1","379090000","0","2701","-1","0","0","0","701","-1","1","255","0","0","0","9","379091000","0","0","0","0","100","6","4","0","0","0","30","470120"
"470130","마스토돈","Mastodon","","-1","379090000","0","2701","-1","0","0","0","701","-1","1","30","0","0","0","9","379091000","0","0","0","0","100","6","4","0","0","0","30","470130"
"470132","블랙 위도우","Black widow","","-1","379090000","0","2701","-1","0","0","0","701","-1","1","30","0","0","0","9","379091000","0","0","0","0","100","6","4","0","0","0","30","470132"
"470140","메가로돈","Megarodon","","-1","379090000","0","2701","-1","0","0","0","701","-1","1","255","0","0","0","9","379091000","0","0","0","0","100","6","4","0","0","0","40","470140"
"470150","데쓰 나이트","Death knight","","-1","379090000","0","2701","-1","0","0","0","701","-1","1","40","0","0","0","9","379091000","0","0","0","0","100","6","4","0","0","0","40","470150"
"470160","셰리프","Sheriff","","-1","379090000","0","2701","-1","0","0","0","701","-1","1","40","0","0","0","9","379091000","0","0","0","0","100","6","4","0","0","0","40","470160"
"470170","가웅가","Gaunga","","-1","379090000","0","2701","-1","0","0","0","701","-1","1","255","0","0","0","9","379091000","0","0","0","0","100","6","4","0","0","0","40","470170"
"470180","카디널","Cardinal","","-1","379090000","0","2701","-1","0","0","0","701","-1","1","255","0","0","0","9","379091000","0","0","0","0","100","6","4","0","0","0","40","470180"
"470190","하웅가","Haunga","","-1","379090000","0","2701","-1","0","0","0","701","-1","1","50","0","0","0","9","379091000","0","0","0","0","100","6","4","0","0","0","50","470190"
"470192","그룸 하운드","gloom  hound","","-1","379090000","0","2701","-1","0","0","0","701","-1","1","255","0","0","0","9","379091000","0","0","0","0","100","6","4","0","0","0","50","470192"
"470200","하룽가","Harunga","","-1","379090000","0","2701","-1","0","0","0","701","-1","1","255","0","0","0","9","379091000","0","0","0","0","100","6","4","0","0","0","50","470200"
"470202","버닝 스켈레톤","burning skeleton","","-1","379090000","0","2701","-1","0","0","0","701","-1","1","50","0","0","0","9","379091000","0","0","0","0","100","6","4","0","0","0","50","470202"
"470210","데루비시","Deruvish","","-1","379090000","0","2701","-1","0","0","0","701","-1","1","255","0","0","0","9","379091000","0","0","0","0","100","6","4","0","0","0","50","470210"
"470212","리퍼","Reaper","","-1","379090000","0","2701","-1","0","0","0","701","-1","1","255","0","0","0","9","379091000","0","0","0","0","100","6","4","0","0","0","50","470212"
"470220","사도","Apostle","","-1","379090000","0","2701","-1","0","0","0","701","-1","1","255","0","0","0","9","379091000","0","0","0","0","100","6","4","0","0","0","50","470220"
"470230","하피","Harpy","","-1","379090000","0","2701","-1","0","0","0","701","-1","1","255","0","0","0","9","379091000","0","0","0","0","100","6","4","0","0","0","50","470230"
"470240","트롤","Troll","","-1","379090000","0","2701","-1","0","0","0","701","-1","1","255","0","0","0","9","379091000","0","0","0","0","100","6","4","0","0","0","50","470240"
"470248","홉고블린","HOBGOBLIN","","-1","379090000","0","2701","-1","0","0","0","701","-1","1","255","0","0","0","9","379091000","0","0","0","0","100","6","4","0","0","0","60","470248"
"470250","레이븐 하피","Raven Harpy","","-1","379090000","0","2701","-1","0","0","0","701","-1","1","60","0","0","0","9","379091000","0","0","0","0","100","6","4","0","0","0","60","470250"
"470260","우르크트론","Uruk Tron","","-1","379090000","0","2701","-1","0","0","0","701","-1","1","60","0","0","0","9","379091000","0","0","0","0","100","6","4","0","0","0","60","470260"
"470270","트롤 워리어","Troll Warrior","","-1","379090000","0","2701","-1","0","0","0","701","-1","1","255","0","0","0","9","379091000","0","0","0","0","100","6","4","0","0","0","60","470270"
"470272","타락천사","fallen Angel","","-1","379090000","0","2701","-1","0","0","0","701","-1","1","255","0","0","0","9","379091000","0","0","0","0","100","6","4","0","0","0","60","470272"
"470274","맨티코어","Manticore","","-1","379090000","0","2701","-1","0","0","0","701","-1","1","255","0","0","0","9","379091000","0","0","0","0","100","6","4","0","0","0","60","470274"
"470276","켄타우르스","Centaur","","-1","379090000","0","2701","-1","0","0","0","701","-1","1","60","0","0","0","9","379091000","0","0","0","0","100","6","4","0","0","0","60","470276"
"470280","스톤 골렘","Stone golem","","-1","379090000","0","2701","-1","0","0","0","701","-1","1","60","0","0","0","9","379091000","0","0","0","0","100","6","4","0","0","0","60","470280"
"470290","트롤 캡틴","Troll Captain","","-1","379090000","0","2701","-1","0","0","0","701","-1","1","60","0","0","0","9","379091000","0","0","0","0","100","6","4","0","0","0","60","470290"
"470300","오크 산적 법사 부두목","Orc bandit officer","","-1","379090000","0","2701","-1","0","0","0","701","-1","1","255","0","0","0","9","379091000","0","0","0","0","100","6","4","0","0","0","60","470300"
"470310","오크 산적 궁수 부두목","Orc bandit officer","","-1","379090000","0","2701","-1","0","0","0","701","-1","1","1","0","0","0","9","379091000","0","0","0","0","100","6","4","0","0","0","1","470310"
"470320","오크 산적 전사 부두목","Orc bandit officer","","-1","379090000","0","2701","-1","0","0","0","701","-1","1","255","0","0","0","9","379091000","0","0","0","0","100","6","4","0","0","0","60","470320"
"470322","플레임 록","Flame Rock","","-1","379090000","0","2701","-1","0","0","0","701","-1","1","255","0","0","0","9","379091000","0","0","0","0","100","6","4","0","0","0","60","470322"
"470330","하피 퀸","Harpy Queen","","-1","379090000","0","2701","-1","0","0","0","701","-1","1","255","0","0","0","9","379091000","0","0","0","0","100","6","4","0","0","0","65","470330"
"470340","자이언트 골렘","Giant golem","","-1","379090000","0","2701","-1","0","0","0","701","-1","1","255","0","0","0","9","379091000","0","0","0","0","100","6","4","0","0","0","65","470340"
"470350","트롤 킹","Troll King","","-1","379090000","0","2701","-1","0","0","0","701","-1","1","255","0","0","0","9","379091000","0","0","0","0","100","6","4","0","0","0","65","470350"
"470910","여신 아딜리아","Goddess Adelia","","-1","379090000","0","2701","-1","0","0","0","701","-1","1","255","0","0","0","9","379091000","0","0","0","0","100","6","4","0","0","0","0","470910"
"470920","파토신의 사자","the envoy of God Pathos","","-1","379090000","0","2701","-1","0","0","0","701","-1","1","255","0","0","0","9","379091000","0","0","0","0","100","6","4","0","0","0","0","470920"
"471001","변신 토템","Disguise Totem","","-1","0","0","2701","-1","0","0","0","701","-1","1","0","0","0","0","9","379093000","0","0","0","0","0","0","1","0","0","0","0","471001"
"471010","와일드 불칸","Wild bulcan","","-1","379093000","0","2701","-1","0","0","0","701","-1","1","255","0","0","0","9","379091000","0","0","0","0","100","6","4","0","0","0","1","471010"
"471020","케쿤 본 콜렉터","Kecoon bone collector","","-1","379093000","0","2701","-1","0","0","0","701","-1","1","1","0","0","0","9","379091000","0","0","0","0","100","6","4","0","0","0","1","471020"
"471030","가볼트","Gavolt","","-1","379093000","0","2701","-1","0","0","0","701","-1","1","255","0","0","0","9","379091000","0","0","0","0","100","6","4","0","0","0","1","471030"
"471040","벌쳐","Bulture","","-1","379093000","0","2701","-1","0","0","0","701","-1","1","1","0","0","0","9","379091000","0","0","0","0","100","6","4","0","0","0","1","471040"
"471050","좀비","Zombie","","-1","379093000","0","2701","-1","0","0","0","701","-1","1","20","0","0","0","9","379091000","0","0","0","0","100","6","4","0","0","0","20","471050"
"471060","웨어울프","Werewolf","","-1","379093000","0","2701","-1","0","0","0","701","-1","1","255","0","0","0","9","379091000","0","0","0","0","100","6","4","0","0","0","20","471060"
"471070","라이칸","Lycan","","-1","379093000","0","2701","-1","0","0","0","701","-1","1","20","0","0","0","9","379091000","0","0","0","0","100","6","4","0","0","0","20","471070"
"471080","스트라이퍼","Striper scorpion","","-1","379093000","0","2701","-1","0","0","0","701","-1","1","20","0","0","0","9","379091000","0","0","0","0","100","6","4","0","0","0","20","471080"
"471090","코볼드","KOBOLD ","","-1","379093000","0","2701","-1","0","0","0","701","-1","1","30","0","0","0","9","379091000","0","0","0","0","100","6","4","0","0","0","30","471090"
"471100","다이어 울프","Dire wolf","","-1","379093000","0","2701","-1","0","0","0","701","-1","1","255","0","0","0","9","379091000","0","0","0","0","100","6","4","0","0","0","30","471100"
"471110","스켈레톤 나이트","Skeleton knight","","-1","379093000","0","2701","-1","0","0","0","701","-1","1","255","0","0","0","9","379091000","0","0","0","0","100","6","4","0","0","0","30","471110"
"471120","스미르돈","Smilodon","","-1","379093000","0","2701","-1","0","0","0","701","-1","1","255","0","0","0","9","379091000","0","0","0","0","100","6","4","0","0","0","30","471120"
"471130","마스토돈","Mastodon","","-1","379093000","0","2701","-1","0","0","0","701","-1","1","30","0","0","0","9","379091000","0","0","0","0","100","6","4","0","0","0","30","471130"
"471132","블랙 위도우","Black widow","","-1","379093000","0","2701","-1","0","0","0","701","-1","1","30","0","0","0","9","379091000","0","0","0","0","100","6","4","0","0","0","30","471132"
"471140","메가로돈","Megarodon","","-1","379093000","0","2701","-1","0","0","0","701","-1","1","255","0","0","0","9","379091000","0","0","0","0","100","6","4","0","0","0","40","471140"
"471150","데쓰 나이트","Death knight","","-1","379093000","0","2701","-1","0","0","0","701","-1","1","40","0","0","0","9","379091000","0","0","0","0","100","6","4","0","0","0","40","471150"
"471160","셰리프","Sheriff","","-1","379093000","0","2701","-1","0","0","0","701","-1","1","40","0","0","0","9","379091000","0","0","0","0","100","6","4","0","0","0","40","471160"
"471170","가웅가","Gaunga","","-1","379093000","0","2701","-1","0","0","0","701","-1","1","255","0","0","0","9","379091000","0","0","0","0","100","6","4","0","0","0","40","471170"
"471180","카디널","Cardinal","","-1","379093000","0","2701","-1","0","0","0","701","-1","1","255","0","0","0","9","379091000","0","0","0","0","100","6","4","0","0","0","40","471180"
"471190","하웅가","Haunga","","-1","379093000","0","2701","-1","0","0","0","701","-1","1","50","0","0","0","9","379091000","0","0","0","0","100","6","4","0","0","0","50","471190"
"471192","그룸 하운드","gloom  hound","","-1","379093000","0","2701","-1","0","0","0","701","-1","1","255","0","0","0","9","379091000","0","0","0","0","100","6","4","0","0","0","50","471192"
"471200","하룽가","Harunga","","-1","379093000","0","2701","-1","0","0","0","701","-1","1","255","0","0","0","9","379091000","0","0","0","0","100","6","4","0","0","0","50","471200"
"471202","버닝 스켈레톤","burning skeleton","","-1","379093000","0","2701","-1","0","0","0","701","-1","1","50","0","0","0","9","379091000","0","0","0","0","100","6","4","0","0","0","50","471202"
"471210","데루비시","Deruvish","","-1","379093000","0","2701","-1","0","0","0","701","-1","1","255","0","0","0","9","379091000","0","0","0","0","100","6","4","0","0","0","50","471210"
"471212","리퍼","Reaper","","-1","379093000","0","2701","-1","0","0","0","701","-1","1","255","0","0","0","9","379091000","0","0","0","0","100","6","4","0","0","0","50","471212"
"471220","사도","Apostle","","-1","379093000","0","2701","-1","0","0","0","701","-1","1","255","0","0","0","9","379091000","0","0","0","0","100","6","4","0","0","0","50","471220"
"471230","하피","Harpy","","-1","379093000","0","2701","-1","0","0","0","701","-1","1","255","0","0","0","9","379091000","0","0","0","0","100","6","4","0","0","0","50","471230"
"471240","트롤","Troll","","-1","379093000","0","2701","-1","0","0","0","701","-1","1","255","0","0","0","9","379091000","0","0","0","0","100","6","4","0","0","0","50","471240"
"471248","홉고블린","HOBGOBLIN","","-1","379093000","0","2701","-1","0","0","0","701","-1","1","255","0","0","0","9","379091000","0","0","0","0","100","6","4","0","0","0","60","471248"
"471250","레이븐 하피","Raven Harpy","","-1","379093000","0","2701","-1","0","0","0","701","-1","1","60","0","0","0","9","379091000","0","0","0","0","100","6","4","0","0","0","60","471250"
"471260","우르크트론","Uruk Tron","","-1","379093000","0","2701","-1","0","0","0","701","-1","1","60","0","0","0","9","379091000","0","0","0","0","100","6","4","0","0","0","60","471260"
"471270","트롤 워리어","Troll Warrior","","-1","379093000","0","2701","-1","0","0","0","701","-1","1","255","0","0","0","9","379091000","0","0","0","0","100","6","4","0","0","0","60","471270"
"471272","타락천사","fallen Angel","","-1","379093000","0","2701","-1","0","0","0","701","-1","1","255","0","0","0","9","379091000","0","0","0","0","100","6","4","0","0","0","60","471272"
"471274","맨티코어","Manticore","","-1","379093000","0","2701","-1","0","0","0","701","-1","1","255","0","0","0","9","379091000","0","0","0","0","100","6","4","0","0","0","60","471274"
"471276","켄타우르스","Centaur","","-1","379093000","0","2701","-1","0","0","0","701","-1","1","60","0","0","0","9","379091000","0","0","0","0","100","6","4","0","0","0","60","471276"
"471280","스톤 골렘","Stone golem","","-1","379093000","0","2701","-1","0","0","0","701","-1","1","60","0","0","0","9","379091000","0","0","0","0","100","6","4","0","0","0","60","471280"
"471290","트롤 캡틴","Troll Captain","","-1","379093000","0","2701","-1","0","0","0","701","-1","1","60","0","0","0","9","379091000","0","0","0","0","100","6","4","0","0","0","60","471290"
"471300","오크 산적 법사 부두목","Orc bandit officer","","-1","379093000","0","2701","-1","0","0","0","701","-1","1","255","0","0","0","9","379091000","0","0","0","0","100","6","4","0","0","0","60","471300"
"471310","오크 산적 궁수 부두목","Orc bandit officer","","-1","379093000","0","2701","-1","0","0","0","701","-1","1","1","0","0","0","9","379091000","0","0","0","0","100","6","4","0","0","0","1","471310"
"471320","오크 산적 전사 부두목","Orc bandit officer","","-1","379093000","0","2701","-1","0","0","0","701","-1","1","255","0","0","0","9","379091000","0","0","0","0","100","6","4","0","0","0","60","471320"
"471322","플레임 록","Flame Rock","","-1","379093000","0","2701","-1","0","0","0","701","-1","1","255","0","0","0","9","379091000","0","0","0","0","100","6","4","0","0","0","60","471322"
"471330","하피 퀸","Harpy Queen","","-1","379093000","0","2701","-1","0","0","0","701","-1","1","255","0","0","0","9","379091000","0","0","0","0","100","6","4","0","0","0","65","471330"
"471340","자이언트 골렘","Giant golem","","-1","379093000","0","2701","-1","0","0","0","701","-1","1","255","0","0","0","9","379091000","0","0","0","0","100","6","4","0","0","0","65","471340"
"471350","트롤 킹","Troll King","","-1","379093000","0","2701","-1","0","0","0","701","-1","1","255","0","0","0","9","379091000","0","0","0","0","100","6","4","0","0","0","65","471350"
"471910","여신 아딜리아","Goddess Adelia","","-1","379093000","0","2701","-1","0","0","0","701","-1","1","255","0","0","0","9","379091000","0","0","0","0","100","6","4","0","0","0","0","471910"
"471920","파토신의 사자","the envoy of God Pathos","","-1","379093000","0","2701","-1","0","0","0","701","-1","1","255","0","0","0","9","379091000","0","0","0","0","100","6","4","0","0","0","0","471920"
"472001","변신 주문서","Disguise Scroll","","-1","0","0","2701","-1","0","0","0","701","-1","1","0","0","0","0","9","381001000","0","0","0","0","0","0","1","0","0","0","0","472001"
"472010","와일드 불칸","Wild bulcan","","-1","381001000","0","2701","-1","0","0","0","701","-1","1","255","0","0","0","9","379091000","0","0","0","0","100","6","4","0","0","0","1","472010"
"472020","케쿤 본 콜렉터","Kecoon bone collector","","-1","381001000","0","2701","-1","0","0","0","701","-1","1","1","0","0","0","9","379091000","0","0","0","0","100","6","4","0","0","0","1","472020"
"472030","가볼트","Gavolt","","-1","381001000","0","2701","-1","0","0","0","701","-1","1","255","0","0","0","9","379091000","0","0","0","0","100","6","4","0","0","0","1","472030"
"472040","벌쳐","Bulture","","-1","381001000","0","2701","-1","0","0","0","701","-1","1","1","0","0","0","9","379091000","0","0","0","0","100","6","4","0","0","0","1","472040"
"472050","좀비","Zombie","","-1","381001000","0","2701","-1","0","0","0","701","-1","1","20","0","0","0","9","379091000","0","0","0","0","100","6","4","0","0","0","20","472050"
"472060","웨어울프","Werewolf","","-1","381001000","0","2701","-1","0","0","0","701","-1","1","255","0","0","0","9","379091000","0","0","0","0","100","6","4","0","0","0","20","472060"
"472070","라이칸","Lycan","","-1","381001000","0","2701","-1","0","0","0","701","-1","1","20","0","0","0","9","379091000","0","0","0","0","100","6","4","0","0","0","20","472070"
"472080","스트라이퍼","Striper scorpion","","-1","381001000","0","2701","-1","0","0","0","701","-1","1","20","0","0","0","9","379091000","0","0","0","0","100","6","4","0","0","0","20","472080"
"472090","코볼드","KOBOLD ","","-1","381001000","0","2701","-1","0","0","0","701","-1","1","30","0","0","0","9","379091000","0","0","0","0","100","6","4","0","0","0","30","472090"
"472100","다이어 울프","Dire wolf","","-1","381001000","0","2701","-1","0","0","0","701","-1","1","255","0","0","0","9","379091000","0","0","0","0","100","6","4","0","0","0","30","472100"
"472110","스켈레톤 나이트","Skeleton knight","","-1","381001000","0","2701","-1","0","0","0","701","-1","1","255","0","0","0","9","379091000","0","0","0","0","100","6","4","0","0","0","30","472110"
"472120","스미르돈","Smilodon","","-1","381001000","0","2701","-1","0","0","0","701","-1","1","255","0","0","0","9","379091000","0","0","0","0","100","6","4","0","0","0","30","472120"
"472130","마스토돈","Mastodon","","-1","381001000","0","2701","-1","0","0","0","701","-1","1","30","0","0","0","9","379091000","0","0","0","0","100","6","4","0","0","0","30","472130"
"472132","블랙 위도우","Black widow","","-1","381001000","0","2701","-1","0","0","0","701","-1","1","30","0","0","0","9","379091000","0","0","0","0","100","6","4","0","0","0","30","472132"
"472140","메가로돈","Megarodon","","-1","381001000","0","2701","-1","0","0","0","701","-1","1","255","0","0","0","9","379091000","0","0","0","0","100","6","4","0","0","0","40","472140"
"472150","데쓰 나이트","Death knight","","-1","381001000","0","2701","-1","0","0","0","701","-1","1","40","0","0","0","9","379091000","0","0","0","0","100","6","4","0","0","0","40","472150"
"472160","셰리프","Sheriff","","-1","381001000","0","2701","-1","0","0","0","701","-1","1","40","0","0","0","9","379091000","0","0","0","0","100","6","4","0","0","0","40","472160"
"472170","가웅가","Gaunga","","-1","381001000","0","2701","-1","0","0","0","701","-1","1","255","0","0","0","9","379091000","0","0","0","0","100","6","4","0","0","0","40","472170"
"472180","카디널","Cardinal","","-1","381001000","0","2701","-1","0","0","0","701","-1","1","255","0","0","0","9","379091000","0","0","0","0","100","6","4","0","0","0","40","472180"
"472190","하웅가","Haunga","","-1","381001000","0","2701","-1","0","0","0","701","-1","1","50","0","0","0","9","379091000","0","0","0","0","100","6","4","0","0","0","50","472190"
"472192","그룸 하운드","gloom  hound","","-1","381001000","0","2701","-1","0","0","0","701","-1","1","255","0","0","0","9","379091000","0","0","0","0","100","6","4","0","0","0","50","472192"
"472200","하룽가","Harunga","","-1","381001000","0","2701","-1","0","0","0","701","-1","1","255","0","0","0","9","379091000","0","0","0","0","100","6","4","0","0","0","50","472200"
"472202","버닝 스켈레톤","burning skeleton","","-1","381001000","0","2701","-1","0","0","0","701","-1","1","50","0","0","0","9","379091000","0","0","0","0","100","6","4","0","0","0","50","472202"
"472210","데루비시","Deruvish","","-1","381001000","0","2701","-1","0","0","0","701","-1","1","255","0","0","0","9","379091000","0","0","0","0","100","6","4","0","0","0","50","472210"
"472212","리퍼","Reaper","","-1","381001000","0","2701","-1","0","0","0","701","-1","1","255","0","0","0","9","379091000","0","0","0","0","100","6","4","0","0","0","50","472212"
"472220","사도","Apostle","","-1","381001000","0","2701","-1","0","0","0","701","-1","1","255","0","0","0","9","379091000","0","0","0","0","100","6","4","0","0","0","50","472220"
"472230","하피","Harpy","","-1","381001000","0","2701","-1","0","0","0","701","-1","1","255","0","0","0","9","379091000","0","0","0","0","100","6","4","0","0","0","50","472230"
"472240","트롤","Troll","","-1","381001000","0","2701","-1","0","0","0","701","-1","1","255","0","0","0","9","379091000","0","0","0","0","100","6","4","0","0","0","50","472240"
"472248","홉고블린","HOBGOBLIN","","-1","381001000","0","2701","-1","0","0","0","701","-1","1","255","0","0","0","9","379091000","0","0","0","0","100","6","4","0","0","0","60","472248"
"472250","레이븐 하피","Raven Harpy","","-1","381001000","0","2701","-1","0","0","0","701","-1","1","60","0","0","0","9","379091000","0","0","0","0","100","6","4","0","0","0","60","472250"
"472260","우르크트론","Uruk Tron","","-1","381001000","0","2701","-1","0","0","0","701","-1","1","60","0","0","0","9","379091000","0","0","0","0","100","6","4","0","0","0","60","472260"
"472270","트롤 워리어","Troll Warrior","","-1","381001000","0","2701","-1","0","0","0","701","-1","1","255","0","0","0","9","379091000","0","0","0","0","100","6","4","0","0","0","60","472270"
"472272","타락천사","fallen Angel","","-1","381001000","0","2701","-1","0","0","0","701","-1","1","255","0","0","0","9","379091000","0","0","0","0","100","6","4","0","0","0","60","472272"
"472274","맨티코어","Manticore","","-1","381001000","0","2701","-1","0","0","0","701","-1","1","255","0","0","0","9","379091000","0","0","0","0","100","6","4","0","0","0","60","472274"
"472276","켄타우르스","Centaur","","-1","381001000","0","2701","-1","0","0","0","701","-1","1","60","0","0","0","9","379091000","0","0","0","0","100","6","4","0","0","0","60","472276"
"472280","스톤 골렘","Stone golem","","-1","381001000","0","2701","-1","0","0","0","701","-1","1","60","0","0","0","9","379091000","0","0","0","0","100","6","4","0","0","0","60","472280"
"472290","트롤 캡틴","Troll Captain","","-1","381001000","0","2701","-1","0","0","0","701","-1","1","60","0","0","0","9","379091000","0","0","0","0","100","6","4","0","0","0","60","472290"
"472300","오크 산적 법사 부두목","Orc bandit officer","","-1","381001000","0","2701","-1","0","0","0","701","-1","1","255","0","0","0","9","379091000","0","0","0","0","100","6","4","0","0","0","60","472300"
"472310","오크 산적 궁수 부두목","Orc bandit officer","","-1","381001000","0","2701","-1","0","0","0","701","-1","1","1","0","0","0","9","379091000","0","0","0","0","100","6","4","0","0","0","1","472310"
"472320","오크 산적 전사 부두목","Orc bandit officer","","-1","381001000","0","2701","-1","0","0","0","701","-1","1","255","0","0","0","9","379091000","0","0","0","0","100","6","4","0","0","0","60","472320"
"472322","플레임 록","Flame Rock","","-1","381001000","0","2701","-1","0","0","0","701","-1","1","255","0","0","0","9","379091000","0","0","0","0","100","6","4","0","0","0","60","472322"
"472330","하피 퀸","Harpy Queen","","-1","381001000","0","2701","-1","0","0","0","701","-1","1","255","0","0","0","9","379091000","0","0","0","0","100","6","4","0","0","0","65","472330"
"472340","자이언트 골렘","Giant golem","","-1","381001000","0","2701","-1","0","0","0","701","-1","1","255","0","0","0","9","379091000","0","0","0","0","100","6","4","0","0","0","65","472340"
"472350","트롤 킹","Troll King","","-1","381001000","0","2701","-1","0","0","0","701","-1","1","255","0","0","0","9","379091000","0","0","0","0","100","6","4","0","0","0","65","472350"
"472910","여신 아딜리아","Goddess Adelia","","-1","381001000","0","2701","-1","0","0","0","701","-1","1","255","0","0","0","9","379091000","0","0","0","0","100","6","4","0","0","0","0","472910"
"472920","파토신의 사자","the envoy of God Pathos","","-1","381001000","0","2701","-1","0","0","0","701","-1","1","255","0","0","0","9","379091000","0","0","0","0","100","6","4","0","0","0","0","472920"
"478001","눈사람(엘모라드)","Snowman(Elmorad)","Transforms into El Morad snowman","0","0","0","2701","-1","0","0","0","701","-1","1","0","0","0","0","9","379134000","0","0","0","0","100","6","4","0","0","0","0","478001"
"478002","눈사람(카루스)","Snowman(Karus)","Transforms into Karus snowman","0","0","0","2701","-1","0","0","0","701","-1","1","0","0","0","0","9","379135000","0","0","0","0","100","6","4","0","0","0","0","478002"
"478003","신랑(엘모라드)","bridegroom(Elmorad)","","0","0","0","2701","-1","0","0","0","701","-1","1","1","0","0","0","9","979300000","0","0","0","0","100","6","4","0","0","0","0","478003"
"478004","신부(엘모라드)","bride(Elmorad)","","0","0","0","2701","-1","0","0","0","701","-1","1","1","0","0","0","9","979301000","0","0","0","0","100","6","4","0","0","0","0","478004"
"478005","신랑(카루스)","bridegroom(Karus)","","0","0","0","2701","-1","0","0","0","701","-1","1","1","0","0","0","9","979302000","0","0","0","0","100","6","4","0","0","0","0","478005"
"478006","신부(카루스)","bride(Karus)","","0","0","0","2701","-1","0","0","0","701","-1","1","1","0","0","0","9","979303000","0","0","0","0","100","6","4","0","0","0","0","478006"
"478007","눈사람 포룸","Snowman forum","","0","0","0","2701","-1","0","0","0","701","-1","1","0","0","0","0","9","379194000","0","0","0","0","100","6","4","0","0","0","0","478007"
"478008","눈사람 티티","Snowman titi","","0","0","0","2701","-1","0","0","0","701","-1","1","0","0","0","0","9","379195000","0","0","0","0","100","6","4","0","0","0","0","478008"
"478009","눈사람 테오","Snowman teo","","0","0","0","2701","-1","0","0","0","701","-1","1","0","0","0","0","9","379196000","0","0","0","0","100","6","4","0","0","0","0","478009"
"478010","눈사람 누누","Snowman nunu","","0","0","0","2701","-1","0","0","0","701","-1","1","0","0","0","0","9","379197000","0","0","0","0","100","6","4","0","0","0","0","478010"
"478011","눈사람 포룸","Snowman forum","","0","0","0","2701","-1","0","0","0","701","-1","1","0","0","0","0","9","379294000","0","0","0","0","100","6","4","0","0","0","0","478007"
"478012","눈사람 티티","Snowman titi","","0","0","0","2701","-1","0","0","0","701","-1","1","0","0","0","0","9","379295000","0","0","0","0","100","6","4","0","0","0","0","478008"
"478013","눈사람 테오","Snowman teo","","0","0","0","2701","-1","0","0","0","701","-1","1","0","0","0","0","9","379296000","0","0","0","0","100","6","4","0","0","0","0","478009"
"478014","눈사람 누누","Snowman nunu","","0","0","0","2701","-1","0","0","0","701","-1","1","0","0","0","0","9","379297000","0","0","0","0","100","6","4","0","0","0","0","478010"
"478015","눈사람(엘모라드)","Snowman(Elmorad)","Transforms into El Morad snowman","0","0","0","2701","-1","0","0","0","701","-1","1","0","0","0","0","9","379334000","0","0","0","0","100","6","4","0","0","0","0","478015"
"478016","눈사람(카루스)","Snowman(Karus)","Transforms into Karus snowman","0","0","0","2701","-1","0","0","0","701","-1","1","0","0","0","0","9","379335000","0","0","0","0","100","6","4","0","0","0","0","478016"
"480001","생명의 돌","Stone of life","Resurrect losing 60% of the original experience lose","18","0","0","2602","-1","0","0","0","702","-1","25","0","0","0","0","9","379006000","5","150","0","0","100","5","0","5","0","0","0","480001"
"480002","경험치 50% 부활 주문서","Resurrection Scroll(50)","Recover 50% of the experience point","18","0","0","2602","-1","0","0","0","702","-1","1","0","0","0","0","9","910022000","0","2","0","0","100","5","0","5","0","0","0","480002"
"480003","경험치 60% 부활 주문서","Resurrection Scroll(60)","Recover 60% of the experience point","18","0","0","2602","-1","0","0","0","702","-1","1","0","0","0","0","9","800036000","0","2","0","0","100","5","0","0","0","0","0","480003"
"480004","경험치 100% 부활 주문서","Resurrection Scroll(100)","Recover 100% of the experience point","18","0","0","2602","-1","0","0","0","702","-1","1","0","0","0","0","9","800039000","0","2","0","0","100","5","0","0","0","0","0","480004"
"480005","경험치 50% 부활 주문서","Resurrection Scroll(50)","Recover 50% of the experience point","18","0","0","2602","-1","0","0","0","702","-1","1","0","0","0","0","9","800041000","0","2","0","0","100","5","0","5","0","0","0","480005"
"480006","경험치 60% 부활 주문서","Resurrection Scroll(60)","Recover 60% of the experience point","18","0","0","2602","-1","0","0","0","702","-1","1","0","0","0","0","9","810036000","0","2","0","0","100","5","0","0","0","0","0","480006"
"480007","경험치 70% 부활 주문서","Resurrection Scroll(70)","Recover 60% of the experience point","18","0","0","2602","-1","0","0","0","702","-1","1","0","0","0","0","9","800095000","0","2","0","0","100","5","0","0","0","0","0","480007"
"480008","경험치 80% 부활 주문서","Resurrection Scroll(80)","Recover 60% of the experience point","18","0","0","2602","-1","0","0","0","702","-1","1","0","0","0","0","9","800280000","0","2","0","0","100","5","0","0","0","0","0","480008"
"480009","경험치 90% 부활 주문서","Resurrection Scroll(90)","Recover 60% of the experience point","18","0","0","2602","-1","0","0","0","702","-1","1","0","0","0","0","9","800097000","0","2","0","0","100","5","0","0","0","0","0","480009"
"490001","분홍색 송편(소)","Rice Cake(S)","200 HP Recovery","17","0","0","0","0","0","0","0","601","-1","1","0","0","0","0","9","389001000","0","0","0","0","100","3","0","25","0","0","0","490001"
"490002","분홍색 송편(중)","Rice Cake(M)","400 HP Recovery","17","0","0","0","0","0","0","0","601","-1","1","0","0","0","0","9","389002000","0","0","0","0","100","3","0","25","0","0","0","490002"
"490003","분홍색 송편(대)","Rice Cake(L)","800 HP Recovery","17","0","0","0","0","0","0","0","602","15","1","0","0","0","0","9","389003000","0","0","0","0","100","3","0","25","0","0","0","490003"
"490004","녹색 송편(소)","Green Rice Cake(S)","Regain 200 MP","17","0","0","0","0","0","0","0","701","-1","1","0","0","0","0","9","389004000","0","0","0","0","100","3","0","25","0","0","0","490004"
"490005","녹색 송편(중)","Green Rice Cake(M)","Regain 400 MP","17","0","0","0","0","0","0","0","701","-1","1","0","0","0","0","9","389005000","0","0","0","0","100","3","0","25","0","0","0","490005"
"490006","녹색 송편(대)","Green Rice Cake(L)","Regain 800 MP","17","0","0","0","0","0","0","0","702","-1","1","0","0","0","0","9","389006000","0","0","0","0","100","3","0","25","0","0","0","490006"
"490007","흰색 송편(소)","White Rice Cake (Faster running speed)","Increase running speed","18","0","0","0","0","0","0","0","701","-1","1","0","0","0","0","9","389007000","0","0","0","0","100","4","0","25","0","0","0","490007"
"490008","흰색 송편(중)","White Rice Cake (Stronger Defense)","Increase defense","18","0","0","0","0","0","0","0","701","-1","1","0","0","0","0","9","389008000","0","0","0","0","100","4","0","25","0","0","0","490008"
"490009","흰색 송편(대)","White Rice Cake (Increase HP)","Increase power","18","0","0","0","0","0","0","0","702","-1","1","0","0","0","0","9","389009000","0","0","0","0","100","4","0","25","0","0","0","490009"
"490010","성수","Holy water","HP recovery potion sold in stores","-1","0","0","2601","0","0","0","0","601","-1","1","0","0","0","0","9","389010000","5","20","0","0","100","3","0","25","0","0","0","490010"
"490011","생명의 성수","Water of life","90HP potion","-1","0","0","2601","0","0","0","0","601","-1","1","0","0","0","0","9","389011000","5","20","0","0","100","3","0","25","0","0","0","490011"
"490012","사랑의 성수","Water of love","180HP potion","-1","0","0","2601","0","0","0","0","601","-1","1","0","0","0","0","9","389012000","5","20","0","0","100","3","0","25","0","0","0","490012"
"490013","은총의 성수","Water of grace","360HP potion","-1","0","0","2601","0","0","0","0","602","15","1","0","0","0","0","9","389013000","5","20","0","0","100","3","0","25","0","0","0","490013"
"490014","은혜의 성수","Water of favors","720HP potion","-1","0","0","2602","0","0","0","0","602","15","1","0","0","0","0","9","389014000","5","20","0","0","100","3","0","25","0","0","0","490014"
"490015","축복의 성수","Water of bless","1440HP potion","-1","0","0","2602","0","0","0","0","602","15","1","0","0","0","0","9","389015000","5","20","0","0","100","3","0","25","0","0","0","490015"
"490016","정신의 물약","Potion of spirit","Regain 120 MP","-1","0","0","2601","-1","0","0","0","701","-1","1","0","0","0","0","9","389016000","5","20","0","0","100","3","0","25","0","0","0","490016"
"490017","현명의 물약","Potion of intelligence","Regain 240 MP","-1","0","0","2601","-1","0","0","0","701","-1","1","0","0","0","0","9","389017000","5","20","0","0","100","3","0","25","0","0","0","490017"
"490018","슬기의 물약","Potion of sagacity","Regain 480 MP","-1","0","0","2601","-1","0","0","0","701","-1","1","0","0","0","0","9","389018000","5","20","0","0","100","3","0","25","0","0","0","490018"
"490019","지혜의 물약","Potion of wisdom","Regain 960 MP","-1","0","0","2601","-1","0","0","0","702","-1","1","0","0","0","0","9","389019000","5","20","0","0","100","3","0","25","0","0","0","490019"
"490020","영혼의 물약","Potion of soul","Regain 1920 MP","-1","0","0","2601","-1","0","0","0","702","-1","1","0","0","0","0","9","389020000","5","20","0","0","100","3","0","25","0","0","0","490020"
"490021","화염 주문서","Spell of flame","Close range magic attack","18","0","0","2101","2","0","0","0","101","-1","7","0","0","0","0","9","389021000","5","55","0","0","100","3","0","25","0","0","0","490021"
"490022","파이어 볼 주문서","Spell of fire ball","Fireball that can be used by anybody","16","0","0","2101","2","0","0","191","101","0","7","0","0","0","0","9","389022000","20","55","0","0","100","3","0","25","0","0","0","490022"
"490023","체력 증가 주문서","Spell of life","Heal 480 HP","19","0","0","2701","-1","0","0","0","701","-1","1","0","0","0","0","9","389023000","5","55","0","0","100","4","0","25","0","0","0","490023"
"490024","폭파 화살","Explosive arrow","Arrow with explosive power","26","0","0","500","12","0","0","590","101","0","10","0","0","0","0","7","389024000","16","55","0","0","100","3","0","25","0","0","0","490024"
"490025","그물","Net","Slows down the target.  Needs net item.","18","0","0","2701","-1","0","0","0","702","-1","7","0","0","0","0","9","389025000","15","55","0","0","100","4","0","25","0","0","0","490025"
"490026","신성한 힘 기도문","Prayer of god's power","Supernatural power increases your attack power by 50%","-1","0","0","2601","-1","0","0","0","601","-1","1","0","0","0","0","9","389026000","5","55","0","0","100","4","0","25","0","0","0","490026"
"490027","바람의 기도문","Prayer of wind","Temporarily increases your running speed","19","0","0","2601","7012","0","0","0","601","-1","1","0","0","0","0","9","389027000","15","55","0","0","100","4","0","25","0","0","0","490027"
"490028","지옥의 화염 기도문","Prayer of hell fire","Retrieve the fires of hell to attack your enemy","19","0","0","2101","2","0","0","0","111","0","7","0","0","0","0","9","389028000","20","55","0","0","100","3","0","25","0","0","0","490028"
"490029","땅의 기도문","Prayer of earth","Supernatural power bury's your enemy's leg in the ground","19","0","0","2601","7012","0","0","0","801","0","7","0","0","0","0","9","389029000","20","55","0","0","100","4","0","25","0","0","0","490029"
"490030","안수의 기도문","Prayer of the laying on of hands","Supernatural power saves your friend's life","19","0","0","2602","1","0","0","0","602","15","2","0","0","0","0","9","389030000","20","55","0","0","100","3","0","25","0","0","0","490030"
"490031","신갑의 기도문","Prayer of holy armor","Supernatural power increases your defense but decreases your attack power","19","0","0","2601","7012","0","0","0","601","-1","1","0","0","0","0","9","389031000","20","55","0","0","100","4","0","25","0","0","0","490031"
"490032","분노의 기도문","Prayer of anger","The enemies around you are attacked by the rage of the supernatural","19","0","0","2102","2","0","0","0","102","0","13","0","0","0","0","9","389032000","20","55","0","0","100","3","0","25","0","0","0","490032"
"490033","스틱스","Styx","Decrease a magician's MP","26","0","0","500","12","0","0","590","101","0","7","0","0","0","0","7","389033000","20","55","0","0","100","3","0","30","0","0","0","490033"
"490034","우황 청심환","Bezoar","Enlarge character","19","0","0","2701","-1","0","0","0","702","-1","1","0","0","0","0","9","389034000","0","55","0","0","100","4","0","25","0","0","0","490034"
"490035","찹쌀떡","Rice cake","Minimize character","19","0","0","2701","-1","0","0","0","702","-1","1","0","0","0","0","9","389035000","0","55","0","0","100","4","0","25","0","0","0","490035"
"490036","합격엿","Wheatgluten","","19","0","0","2701","-1","0","0","0","901","-1","2","0","0","0","0","9","389036000","0","55","0","0","100","4","0","25","0","0","0","490036"
"490037","합격 부적","Talisman","","19","0","0","2701","-1","0","0","0","702","-1","1","0","0","0","0","9","389037000","0","55","0","0","100","4","0","25","0","0","0","490037"
"490038","화염 저항 포션","Potion of fire resist","Increase resistance to fire by 80","-1","0","0","2601","-1","0","0","0","702","-1","1","0","0","0","0","9","389038000","5","55","0","0","100","4","0","30","0","0","0","490038"
"490039","냉기 저항 포션","Potion of Glacier resist","Increase resistance to fire by 80","-1","0","0","2601","-1","0","0","0","702","-1","1","0","0","0","0","9","389039000","5","55","0","0","100","4","0","30","0","0","0","490039"
"490040","전격 저항 포션","Potion of lightning resist","Increase resistance to fire by 80","-1","0","0","2601","-1","0","0","0","702","-1","1","0","0","0","0","9","389040000","5","55","0","0","100","4","0","30","0","0","0","490040"
"490041","사자의 힘 주문서","Spell of lion strength","Temporarily increase all the skill points by 10","-1","0","0","2601","-1","0","0","0","702","-1","1","0","0","0","0","9","389041000","5","55","0","0","100","4","0","30","0","0","0","490041"
"490042","클랜 소환","Call clan members","Teleport all your clan members to your current spot","19","0","0","2401","2","0","0","0","401","-1","15","0","0","0","0","9","389042000","20","1200","0","0","100","8","0","10000","0","0","0","490042"
"490043","짱돌","Sling","Throw a rock","36","0","0","10059","12","0","0","10060","10045","0","7","0","0","0","0","9","389043000","5","20","0","0","100","3","0","30","0","0","0","490043"
"490044","자살 폭탄","Suicide bomber","Strong bomb explosion.  Kills the person that uses it too","19","0","0","2102","2","0","0","192","102","0","27","0","0","0","0","9","389048000","10","150","0","0","100","3","0","0","0","0","0","490044"
"490045","리버스 라이프","Reverse life","Neutralizes enemy's HP bonus","18","0","0","3101","12","0","0","0","1101","0","7","0","0","0","0","9","389045000","16","150","0","0","100","4","0","30","0","0","0","490045"
"490046","올라운드 포션","Potion of all round","","-1","0","0","2601","-1","0","0","0","702","-1","1","0","0","0","0","9","800084000","5","60","0","0","100","4","0","30","0","0","0","490046"
"490047","폭파 화살","Explosive arrow","Arrow with explosive power","26","0","0","500","12","0","0","590","101","0","10","0","0","0","0","7","389024000","16","55","0","0","100","3","0","25","0","0","0","490024"
"490050","파티 소환","Call Party","Teleport all your party members to your current spot","19","0","0","2401","2","0","0","0","401","-1","6","0","0","0","0","9","389050000","20","900","0","0","100","8","0","10000","0","0","0","490050"
"490051","캔슬 라이프","Cancel life","","19","0","0","2401","2","0","0","0","101","-1","7","0","0","0","0","9","389051000","20","150","0","0","100","5","0","20","0","0","0","490051"
"490052","공격 속도 빨라지는 물약","Rage scroll","","19","0","0","2401","2","0","0","0","702","-1","1","0","0","0","0","9","389052000","20","150","0","0","100","4","0","30","0","0","0","490052"
"490053","공격력 높아지는 물약","Attack up scroll","","19","0","0","2401","2","0","0","0","702","-1","1","0","0","0","0","9","389053000","20","150","0","0","100","4","0","30","0","0","0","490053"
"490054","민첩 물약","Alacrity potion","","19","0","0","2401","2","0","0","0","702","-1","1","0","0","0","0","9","389054000","20","150","0","0","100","4","0","30","0","0","0","490054"
"490055","보호막 주문서","Scroll of shell","","19","0","0","2401","2","0","0","0","702","-1","1","0","0","0","0","9","389055000","20","150","0","0","100","4","0","30","0","0","0","490055"
"490056","지능 증가 물약","Potion of intelligence","","19","0","0","2401","2","0","0","0","702","-1","1","0","0","0","0","9","389056000","20","150","0","0","100","4","0","30","0","0","0","490056"
"490057","하피의 독화살","Poison arrow of harpy","","19","0","0","500","12","0","0","590","101","0","7","0","0","0","0","9","389057000","20","150","0","0","100","3","0","35","0","0","0","490057"
"490058","진노의 불꽃 기도문","Prayer of rage","","19","0","0","2401","2","0","0","0","101","-1","7","0","0","0","0","9","389058000","16","150","0","0","100","3","0","25","0","0","0","490058"
"490059","체력 회복 물약","Potion of recovery","","19","0","0","2401","2","0","0","0","602","-1","1","0","0","0","0","9","389059000","20","150","0","0","100","3","0","30","0","0","0","490059"
"490060","생명의 성수(상점용)","Water of life","90HP recovering potion","-1","0","0","2601","0","0","0","0","601","-1","1","0","0","0","0","9","389060000","5","25","0","0","100","3","0","25","0","0","0","490011"
"490061","사랑의 성수(상점용)","Water of love","180HP recovering potion","-1","0","0","2601","0","0","0","0","601","-1","1","0","0","0","0","9","389061000","5","25","0","0","100","3","0","25","0","0","0","490012"
"490062","은총의 성수(상점용)","Water of grace","360HP recovering potion","-1","0","0","2601","0","0","0","0","602","15","1","0","0","0","0","9","389062000","5","25","0","0","100","3","0","25","0","0","0","490013"
"490063","은혜의 성수(상점용)","Water of favors","720HP recovering potion","-1","0","0","2602","0","0","0","0","602","15","1","0","0","0","0","9","389063000","5","25","0","0","100","3","0","25","0","0","0","490014"
"490064","축복의 성수(상점용)","Water of bless","1440HP recovering potion","-1","0","0","2602","0","0","0","0","602","15","1","0","0","0","0","9","389064000","5","25","0","0","100","3","0","25","0","0","0","490015"
"490077","눈덩이","Snow Ball","Throw a snowball ","36","0","0","10043","12","0","0","10044","10045","0","7","0","0","0","0","9","389077000","5","20","0","0","100","3","0","30","0","0","0","490077"
"490078","정신의 물약(상점용)","Potion of spirit","Recover 120MP","-1","0","0","2601","-1","0","0","0","701","-1","1","0","0","0","0","9","389078000","5","20","0","0","100","3","0","25","0","0","0","490016"
"490079","현명의 물약(상점용)","Potion of intelligence","Recover 240MP","-1","0","0","2601","-1","0","0","0","701","-1","1","0","0","0","0","9","389079000","5","20","0","0","100","3","0","25","0","0","0","490017"
"490080","슬기의 물약(상점용)","Potion of sagacity","Recover 480MP","-1","0","0","2601","-1","0","0","0","701","-1","1","0","0","0","0","9","389080000","5","20","0","0","100","3","0","25","0","0","0","490018"
"490081","지혜의 물약(상점용)","Potion of wisdom","Recover 960MP","-1","0","0","2601","-1","0","0","0","702","-1","1","0","0","0","0","9","389081000","5","20","0","0","100","3","0","25","0","0","0","490019"
"490082","영혼의 물약(상점용)","Potion of soul","Recover 1920MP","-1","0","0","2601","-1","0","0","0","702","-1","1","0","0","0","0","9","389082000","5","20","0","0","100","3","0","25","0","0","0","490020"
"490083","엑시드 포션","Acid Potion","Decrease Armor's durability by 2000 ","36","0","0","10061","12","0","0","10062","10063","0","7","0","0","0","0","9","389083000","5","20","0","0","100","3","0","30","0","0","0","490083"
"490085","폭죽","firecracker","Light the firecracker","19","0","0","0","-1","0","0","0","20042","-1","2","0","0","0","0","9","379260000","0","0","0","0","100","4","0","25","0","0","0","491018"
"490086","폭죽","firecracker","Light the firecracker","19","0","0","0","-1","0","0","0","20043","-1","2","0","0","0","0","9","379260000","0","0","0","0","100","4","0","25","0","0","0","491018"
"490087","건국일 축하 폭죽","firecracker","Light the firecracker","19","0","0","0","-1","0","0","0","20045","-1","2","0","0","0","0","9","379260000","0","0","0","0","100","4","0","25","0","0","0","491017"
"490088","몬스터 소환 스태프","Monster Summons Staff","Retrieves a unique monster","-1","0","0","2601","-1","0","0","0","702","-1","1","0","0","0","0","9","700003000","5","600","0","0","100","8","0","25","0","0","0","490088"
"490089","축하 폭죽","Firecracker","Ignite a firecracker","19","0","0","0","-1","0","0","0","20046","-1","2","0","0","0","0","9","379130000","0","0","0","0","100","4","0","25","0","0","0","491019"
"490092","꽃가루 폭죽","Powdered Flower","Throw flower leaves","19","0","0","0","-1","0","0","0","20047","-1","2","0","0","0","0","9","379137000","0","0","0","0","100","4","0","25","0","0","0","491020"
"490093","몬스터 소환 스태프","Monster Summons Staff","Retrieves a unique monster","-1","0","0","2601","-1","0","0","0","702","-1","1","0","0","0","0","9","700004000","5","600","0","0","100","8","0","25","0","0","0","490088"
"490094","케익","Cake","720HP recovering potion","-1","0","0","2602","0","0","0","0","602","15","1","0","0","0","0","9","800055000","5","25","0","0","100","3","0","25","0","0","0","490094"
"490095","타이온의 고기","Tyon meat","Recover 400 HP","-1","0","0","2601","-1","0","0","0","702","-1","1","0","0","0","0","9","379204000","5","60","0","0","100","3","0","25","0","0","0","490095"
"490096","몬스터 소환 스태프","Monster Summons Staff","","-1","0","0","2601","-1","0","0","0","702","-1","1","0","0","0","0","9","700005000","5","600","0","0","100","8","0","25","0","0","0","490088"
"490097","몬스터 소환 스태프","Monster Summons Staff","","-1","0","0","2601","-1","0","0","0","702","-1","1","0","0","0","0","9","700006000","5","600","0","0","100","8","0","25","0","0","0","490097"
"490098","폭죽","Meredeka Fire Cracker","","19","0","0","0","-1","0","0","0","20048","-1","2","0","0","0","0","9","379165000","0","0","0","0","100","4","0","25","0","0","0","491018"
"490099","총알","bullet","","28","0","0","0","7","0","0","10201","10202","0","7","0","0","0","0","7","389159000","25","300","0","0","100","3","0","30","0","0","0","490099"
"490100","확장탄","","","28","0","0","0","7","0","0","10201","10202","0","7","0","0","0","0","7","800085000","25","300","0","0","100","4","0","30","0","0","0","490100"
"490101","MP 포탄","MP Shell","Decreases 50% of MP from enemies standing within 5 meters from you","4","113","0","0","12","0","0","13003","13004","0","7","30010","0","0","0","9","389084000","16","30","0","0","100","3","0","20","0","0","30010","490101"
"490102","슈퍼 MP 포탄","Super MP Shell","Decreases 20% of MP from enemies standing within 10 meters from you","4","113","0","0","12","0","0","13003","13004","0","7","30010","0","0","0","9","389085000","16","30","0","0","100","3","0","20","0","0","30010","490102"
"490103","하이퍼 MP 포탄","Hyper MP Shell","Decreases 80% of MP from enemies standing within 5 meters from you","4","113","0","0","12","0","0","13003","13004","0","7","30010","0","0","0","9","389086000","16","30","0","0","100","3","0","5","0","0","30010","490103"
"490104","내구력 포탄","durability Shell","Decreases 1000 durability from enemies standing within 5 meters from you","4","113","0","0","12","0","0","13005","13006","0","7","30010","0","0","0","9","389087000","16","30","0","0","100","3","0","20","0","0","30010","490104"
"490105","슈퍼 내구력 포탄","Super durability Shell","Decreases 2000 durability from enemies standing within 10 meters from you","4","113","0","0","12","0","0","13005","13006","0","7","30010","0","0","0","9","389088000","16","30","0","0","100","3","0","20","0","0","30010","490105"
"490106","하이퍼 내구력 포탄","Hyper durability Shell","Decreases 4000 durability from enemies standing within 5 meters from you","4","113","0","0","12","0","0","13005","13006","0","7","30010","0","0","0","9","389089000","16","30","0","0","100","3","0","5","0","0","30010","490106"
"490107","HP포탄","HP Shell","Decreases 50% of HP from enemies standing within 5 meters from you","4","113","0","0","12","0","0","13001","13002","0","7","30010","0","0","0","9","389090000","16","30","0","0","100","3","0","20","0","0","30010","490107"
"490108","슈퍼 HP포탄","Super HP Shell","Decreases 20% of HP from enemies standing within 10 meters from you","4","113","0","0","12","0","0","13001","13002","0","7","30010","0","0","0","9","389091000","16","30","0","0","100","3","0","20","0","0","30010","490108"
"490109","하이퍼 HP포탄","Hyper HP Shell","Decreases 80% of HP from enemies standing within 5 meters from you","4","113","0","0","12","0","0","13001","13002","0","7","30010","0","0","0","9","389092000","16","30","0","0","100","3","0","5","0","0","30010","490109"
"490110","노바 HP 포탄","Nova HP Shell","Inflict various damage to enemies standing within 10 meters from you.","4","113","0","0","12","0","0","13001","13002","0","7","30010","0","0","0","9","389105000","16","5","0","0","100","3","0","20","0","0","30010","490110"
"490111","연습용 포탄","training Cannon Ball","Does not inflict damage. A training cannon ball. ","4","113","0","0","12","0","0","13001","13002","0","7","30010","0","0","0","9","379115000","16","5","0","0","100","3","0","20","0","0","30010","490111"
"490112","MP 포탄","MP Shell","Decreases 50% of MP from enemies standing within 5 meters from you","4","113","0","0","12","0","0","13003","13004","0","7","30010","0","0","0","9","389183000","16","30","0","0","100","3","0","20","0","0","30010","490101"
"490113","슈퍼 MP 포탄","Super MP Shell","Decreases 20% of MP from enemies standing within 10 meters from you","4","113","0","0","12","0","0","13003","13004","0","7","30010","0","0","0","9","389184000","16","30","0","0","100","3","0","20","0","0","30010","490102"
"490114","내구력 포탄","durability Shell","Decreases 1000 durability from enemies standing within 5 meters from you","4","113","0","0","12","0","0","13005","13006","0","7","30010","0","0","0","9","389185000","16","30","0","0","100","3","0","20","0","0","30010","490104"
"490115","슈퍼 내구력 포탄","Super durability Shell","Decreases 2000 durability from enemies standing within 10 meters from you","4","113","0","0","12","0","0","13005","13006","0","7","30010","0","0","0","9","389186000","16","30","0","0","100","3","0","20","0","0","30010","490105"
"490116","HP포탄","HP Shell","Decreases 50% of HP from enemies standing within 5 meters from you","4","113","0","0","12","0","0","13001","13002","0","7","30010","0","0","0","9","389187000","16","30","0","0","100","3","0","20","0","0","30010","490107"
"490117","슈퍼 HP포탄","Super HP Shell","Decreases 20% of HP from enemies standing within 10 meters from you","4","113","0","0","12","0","0","13001","13002","0","7","30010","0","0","0","9","389188000","16","30","0","0","100","3","0","20","0","0","30010","490108"
"490118","노바 HP 포탄","Nova HP Shell","Inflict various damage to enemies standing within 10 meters from you.","4","113","0","0","12","0","0","13001","13002","0","7","30010","0","0","0","9","389189000","16","5","0","0","100","3","0","20","0","0","30010","490110"
"490132","지속 Hp 주문서","Persistent HP Scroll ","Recover 4500HP for 30 seconds for the Knights that are standing within 30 meters from you","4","143","0","13034","0","0","0","0","13035","255","31","30050","0","0","0","9","389097000","16","16","0","0","100","3","0","30","0","0","30050","490132"
"490133","방어력 주문서","Defense Scroll ","Increase Defense by 500 for 45 seconds for the Knights that are standing within 30 meters from you","4","143","0","13036","0","0","0","0","13037","255","31","30050","0","0","0","9","389094000","16","16","0","0","100","4","0","30","0","0","30050","490133"
"490134","저항력 주문서","Resistance Scroll ","Increase Resistance by 250 for 80 seconds for the Knights that are standing within 30 meters from you","4","143","0","13036","0","0","0","0","13037","255","31","30050","0","0","0","9","389095000","16","16","0","0","100","4","0","30","0","0","30050","490134"
"490135","공격속도 주문서","Attack Speed Scroll ","Increase attack speed by 30% for 45 seconds for the Knights that are standing within 30 meters from you","4","143","0","13036","0","0","0","0","13037","255","31","30050","0","0","0","9","389096000","16","16","0","0","100","4","0","30","0","0","30050","490135"
"490136","마법 공격력 주문서 ","Magic Attack Scroll ","Increase Magic Attack Power by 30% for 45 seconds for the Knights that are standing within 30 meters from you","4","143","0","13031","0","0","0","0","13033","255","31","30050","0","0","0","9","389098000","16","16","0","0","100","4","0","30","0","0","30050","490136"
"490137","물리 공격력 주문서","Physical Attack Scroll ","Increase Physical Attack Power by 30% for 45 seconds for the Knights that are standing within 30 meters from you","4","143","0","13031","0","0","0","0","13033","255","31","30050","0","0","0","9","389099000","16","16","0","0","100","4","0","30","0","0","30050","490137"
"490201","스위핑 포션","Sweeping potion","Increase Magic Attack Power by 30% for 30 seconds","-1","0","0","2602","0","0","0","0","602","15","1","0","0","0","0","9","379098000","10","600","0","0","100","4","0","25","0","0","0","490201"
"490202","마법의 망치","Magic Hammer","Repairs the items that you are wearing","-1","0","0","2602","0","0","0","0","602","15","1","0","0","0","0","9","379099000","5","25","0","0","100","3","0","25","0","0","0","490202"
"490204","심연의 성수(소)","Abyss Holy Water(S)","Recover 20% of the HP","-1","0","0","2602","0","0","0","0","602","15","1","0","0","0","0","9","379101000","5","25","0","0","100","3","0","25","0","0","0","490204"
"490205","심연의 성수(중)","Abyss Holy Water(M)","Recover 35% of the HP","-1","0","0","2602","0","0","0","0","602","15","1","0","0","0","0","9","379102000","5","25","0","0","100","3","0","25","0","0","0","490205"
"490206","심연의 성수(대)","Abyss Holy Water(L)","Recover 50% of the HP","-1","0","0","2602","0","0","0","0","602","15","1","0","0","0","0","9","379103000","5","25","0","0","100","3","0","25","0","0","0","490206"
"490207","심연의 축복","Abyss Blessing","Recover 3600HP and 3000HP more for the 60 seconds thereafter","-1","0","0","2602","0","0","0","0","602","15","1","0","0","0","0","9","379104000","5","25","0","0","100","3","0","25","0","0","0","490207"
"490210","녹색 진주","Green Pearl","Recover 750HP over 30 seconds period","-1","0","0","2601","0","0","0","0","602","-1","1","0","0","0","0","9","379108000","5","25","0","0","100","3","0","25","0","0","0","490210"
"490211","심연의 눈","Abyss Eye","Enables you to view invisible enemies for 30 seconds","18","0","0","2701","-1","0","0","0","0","-1","1","0","0","0","0","9","379112000","18","50","0","0","100","9","0","25","0","0","0","490211"
"490212","심연의 날개","Abyss Wing","Increase dodging rate by 20%","-1","0","0","2602","0","0","0","0","602","15","1","0","0","0","0","9","379113000","5","25","0","0","100","4","0","25","0","0","0","490212"
"490213","심연의 울림","Abyss Lullaby","Puts monster to sleep for 20 seconds","18","0","0","2702","-1","0","0","0","801","0","7","0","0","0","0","9","379114000","18","90","0","0","100","7","0","25","0","0","0","490213"
"490214","심연의 불","Abyss Fire","Decrease monster's HP by 10%","18","0","0","2702","-1","0","0","0","801","0","5","0","0","0","0","9","379105000","18","50","0","0","100","3","0","25","0","0","0","490214"
"490215","복구의 망치(소)","Magic Hammer","Repairs the items that you are wearing","-1","0","0","2602","0","0","0","0","602","15","1","0","0","0","0","9","800140000","5","25","0","0","100","3","0","25","0","0","0","490215"
"490216","복구의 망치(중)","Magic Hammer","Repairs the items that you are wearing","-1","0","0","2602","0","0","0","0","602","15","1","0","0","0","0","9","800150000","5","25","0","0","100","3","0","25","0","0","0","490216"
"490217","복구의 망치(대)","Magic Hammer","Repairs the items that you are wearing","-1","0","0","2602","0","0","0","0","602","15","1","0","0","0","0","9","800160000","5","25","0","0","100","3","0","25","0","0","0","490217"
"490301","교만의 방 이동주문서","Piece of Arrogance","","16","0","0","2401","2","0","0","0","401","-1","1","0","0","0","0","9","389175000","0","30","0","0","100","8","0","10000","0","0","0","490301"
"490302","탐식의 방 이동주문서","Piece of Greed","","16","0","0","2401","2","0","0","0","401","-1","1","0","0","0","0","9","389176000","0","30","0","0","100","8","0","10000","0","0","0","490302"
"490303","분노의 방 이동주문서","Piece of Rage","","16","0","0","2401","2","0","0","0","401","-1","1","0","0","0","0","9","389177000","0","30","0","0","100","8","0","10000","0","0","0","490303"
"490304","나태의 방 이동주문서","Piece of Laziness","","16","0","0","2401","2","0","0","0","401","-1","1","0","0","0","0","9","389178000","0","30","0","0","100","8","0","10000","0","0","0","490304"
"490305","음란의 방 이동주문서","Piece of Lust","","16","0","0","2401","2","0","0","0","401","-1","1","0","0","0","0","9","389179000","0","30","0","0","100","8","0","10000","0","0","0","490305"
"490306","시기의 방 이동주문서","Piece of Envy","","16","0","0","2401","2","0","0","0","401","-1","1","0","0","0","0","9","389180000","0","30","0","0","100","8","0","10000","0","0","0","490306"
"490307","탐욕의 방 이동주문서","Piece of Greed","","16","0","0","2401","2","0","0","0","401","-1","1","0","0","0","0","9","389181000","0","30","0","0","100","8","0","10000","0","0","0","490307"
"490401","극대화 스크롤","Maximize Scroll","","19","0","0","2701","-1","0","0","0","702","-1","7","0","0","0","0","9","800049000","0","60","0","0","100","4","0","25","0","0","0","490401"
"490402","Destination 스크롤","Destination Scroll ","","18","0","0","2702","-1","0","0","0","801","-1","5","0","0","0","0","9","800048000","18","60","0","0","100","3","0","25","0","0","0","490402"
"490403","분수폭죽","Lunar New Year Event(Firecracker)","","18","0","0","2702","-1","0","0","0","20049","255","10","0","0","0","0","9","379200000","5","0","0","0","50","4","0","25","0","0","0","490403"
"490404","Madness  스크롤","Madness Scroll(L)","","18","0","0","2701","-1","0","0","0","702","-1","7","30","0","0","0","9","800073000","10","40","0","0","100","4","0","25","0","0","30","490404"
"490405","Diffusal  스크롤","Diffusal Scroll(L)","","18","0","0","2701","-1","0","0","0","702","-1","7","30","0","0","0","9","800072000","10","40","0","0","100","4","0","25","0","0","30","490405"
"490406","콥스 힐링","Corps massive healing","","18","0","0","2602","0","0","0","0","602","0","32","1","0","960","0","9","900170000","5","50","0","0","100","3","0","30","0","0","1","490406"
"490407","콥스 메시브 힐링","Group Great massive healing","","18","0","0","2603","0","0","0","0","603","0","32","1","0","1820","0","9","900171000","5","600","0","0","100","3","0","30","0","0","1","490407"
"490408","갓브레스 레지스트","갓 브레스 레지스트","","18","0","0","2303","0","0","0","0","2903","0","32","1","0","450","0","9","900172000","5","600","0","0","100","4","0","30","0","0","1","490408"
"490409","디스펠","디스펠","","18","0","0","20004","12","0","0","0","20005","255","10","1","0","450","0","9","900173000","5","600","0","0","100","5","0","30","0","0","1","490409"
"490601","고대 은혜의 성수","Water of bless","8100HP recovering potion","-1","0","0","2602","0","0","0","0","602","15","1","0","0","0","0","9","389210000","5","25","0","0","100","3","0","25","0","0","0","490601"
"490701","고대 영혼의 물약","Potion of soul","Recover 2160MP","-1","0","0","2601","-1","0","0","0","702","-1","1","0","0","0","0","9","389220000","5","20","0","0","100","3","0","25","0","0","0","490701"
"491001","근력 증가 주문서","Scroll of  Strength","Increase Strength by 15","-1","0","0","2401","-1","0","0","0","702","-1","1","0","0","0","0","9","379116000","0","0","0","0","100","4","0","0","0","0","0","491001"
"491002","체력 증가 주문서","Scroll of  Health","Increase Health by 15","-1","0","0","2401","-1","0","0","0","702","-1","1","0","0","0","0","9","379117000","0","0","0","0","100","4","0","0","0","0","0","491002"
"491003","민첩 증가 주문서","Scroll of  Dexterity","Increase Dexterity by 15","-1","0","0","2401","-1","0","0","0","702","-1","1","0","0","0","0","9","379118000","0","0","0","0","100","4","0","0","0","0","0","491003"
"491004","지능 증가 주문서","Scroll of  inteligence","Increase Intelligence by 15","-1","0","0","2401","-1","0","0","0","702","-1","1","0","0","0","0","9","379119000","0","0","0","0","100","4","0","0","0","0","0","491004"
"491005","마력 증가 주문서","Scroll of  Magic power","Increase Magic Power by 15","-1","0","0","2401","-1","0","0","0","702","-1","1","0","0","0","0","9","379120000","0","0","0","0","100","4","0","0","0","0","0","491005"
"491006","50 방어력 상승 주문서","Scroll of Armor 50","Increase Defense by 50","-1","0","0","2401","-1","0","0","0","702","-1","1","0","0","0","0","9","379121000","0","0","0","0","100","4","0","0","0","0","0","491006"
"491007","100 방어력 상승 주문서","Scroll of Armor 100","Increase Defense by 100","-1","0","0","2401","-1","0","0","0","702","-1","1","0","0","0","0","9","379122000","0","0","0","0","100","4","0","0","0","0","0","491007"
"491008","150 방어력 상승 주문서","Scroll of Armor 150","Increase Defense by 150","-1","0","0","2401","-1","0","0","0","702","-1","1","0","0","0","0","9","379123000","0","0","0","0","100","4","0","0","0","0","0","491008"
"491009","250 HP 증가 주문서","Max HP Scroll 250","Increase Max HP by 250","-1","0","0","2401","-1","0","0","0","702","-1","1","0","0","0","0","9","379124000","0","0","0","0","100","4","0","0","0","0","0","491009"
"491010","500 HP 증가 주문서","Max HP Scroll 500","Increase Max HP by 500","-1","0","0","2401","-1","0","0","0","702","-1","1","0","0","0","0","9","379125000","0","0","0","0","100","4","0","0","0","0","0","491010"
"491011","750 HP 증가 주문서","Max HP Scroll 750","Increase Max HP by 750","-1","0","0","2401","-1","0","0","0","702","-1","1","0","0","0","0","9","379126000","0","0","0","0","100","4","0","0","0","0","0","491011"
"491012","1000 HP 증가 주문서","Max HP Scroll 1000","Increase Max HP by 1000","-1","0","0","2401","-1","0","0","0","702","-1","1","0","0","0","0","9","379127000","0","0","0","0","100","4","0","0","0","0","0","491012"
"491014","이동 속도 증가 물약","Speed-Up Potion","Increase Running speed by 150%","-1","0","0","2601","-1","0","0","0","601","-1","1","0","0","0","0","9","379129000","0","0","0","0","100","4","0","0","0","0","0","491014"
"491015","녹색 송편(대)","Green Rice Cake(L)","Regain 800 MP","17","0","0","0","0","0","0","0","702","-1","1","0","0","0","0","9","800081000","0","0","0","0","100","3","0","25","0","0","0","491015"
"491016","분홍색 송편(대)","Rice Cake(L)","800 HP Recovery","17","0","0","0","0","0","0","0","602","15","1","0","0","0","0","9","800082000","0","0","0","0","100","3","0","25","0","0","0","491016"
"491017","분수폭죽","Lunar New Year Event(Firecracker)","","18","0","0","2702","-1","0","0","0","20049","255","10","0","0","0","0","9","380090000","5","100","0","0","50","4","0","25","0","0","0","491017"
"491018","폭죽","Meredeka Fire Cracker","","19","0","0","0","-1","0","0","0","20043","-1","2","0","0","0","0","9","380091000","0","100","0","0","100","4","0","25","0","0","0","491018"
"491019","축하 폭죽","Firecracker","Ignite a firecracker","19","0","0","0","-1","0","0","0","20046","-1","2","0","0","0","0","9","380092000","0","100","0","0","100","4","0","25","0","0","0","491019"
"491020","꽃가루 폭죽","Powdered Flower","Throw flower leaves","19","0","0","0","-1","0","0","0","20047","-1","2","0","0","0","0","9","380093000","0","100","0","0","100","4","0","25","0","0","0","491020"
"491036","합격 통지서","Ascent Scroll","Increases gaining experience points by 20% for an hour","-1","0","0","2401","-1","0","0","0","702","-1","1","0","0","0","0","9","900051000","0","0","0","0","100","4","0","0","0","0","0","491036"
"491037","합격엿","Wheatgluten","","19","0","0","2701","-1","0","0","0","901","-1","2","0","0","0","0","9","399036000","0","55","0","0","100","4","0","25","0","0","0","491037"
"491038","타로카드 이펙트1","Taro-Card Effect 1","","19","0","0","2701","-1","0","0","0","31007","-1","2","0","0","0","0","9","0","0","0","0","0","100","3","0","25","0","0","0","491037"
"491039","타로카드 이펙트2","Taro-Card Effect 2","","19","0","0","2701","-1","0","0","0","31008","-1","2","0","0","0","0","9","0","0","0","0","0","100","3","0","25","0","0","0","491037"
"491040","타로카드 이펙트3","Taro-Card Effect 3","","19","0","0","2701","-1","0","0","0","31009","-1","2","0","0","0","0","9","0","0","0","0","0","100","3","0","25","0","0","0","491037"
"491041","타로카드 이펙트4","Taro-Card Effect 4","","19","0","0","2701","-1","0","0","0","31010","-1","2","0","0","0","0","9","0","0","0","0","0","100","3","0","25","0","0","0","491037"
"491042","타로카드 이펙트5","Taro-Card Effect 5","","19","0","0","2701","-1","0","0","0","31011","-1","2","0","0","0","0","9","0","0","0","0","0","100","3","0","25","0","0","0","491037"
"491043","타로카드 이펙트6","Taro-Card Effect 6","","19","0","0","2701","-1","0","0","0","31012","-1","2","0","0","0","0","9","0","0","0","0","0","100","3","0","25","0","0","0","491037"
"491044","타로카드 이펙트7","Taro-Card Effect 7","","19","0","0","2701","-1","0","0","0","31013","-1","2","0","0","0","0","9","0","0","0","0","0","100","3","0","25","0","0","0","491037"
"491045","타로카드 이펙트8","Taro-Card Effect 8","","19","0","0","2701","-1","0","0","0","31014","-1","2","0","0","0","0","9","0","0","0","0","0","100","3","0","25","0","0","0","491037"
"491046","타로카드 이펙트9","Taro-Card Effect 9","","19","0","0","2701","-1","0","0","0","31015","-1","2","0","0","0","0","9","0","0","0","0","0","100","3","0","25","0","0","0","491037"
"491047","타로카드 이펙트10","Taro-Card Effect 10","","19","0","0","2701","-1","0","0","0","31016","-1","2","0","0","0","0","9","0","0","0","0","0","100","3","0","25","0","0","0","491037"
"491048","타로카드 이펙트11","Taro-Card Effect 1","","19","0","0","2701","-1","0","0","0","31017","-1","2","0","0","0","0","9","0","0","0","0","0","100","3","0","25","0","0","0","491037"
"491049","타로카드 이펙트12","Taro-Card Effect 12","","19","0","0","2701","-1","0","0","0","31018","-1","2","0","0","0","0","9","0","0","0","0","0","100","3","0","25","0","0","0","491037"
"491050","타로카드 이펙트13","Taro-Card Effect 13","","19","0","0","2701","-1","0","0","0","31019","-1","2","0","0","0","0","9","0","0","0","0","0","100","3","0","25","0","0","0","491037"
"491051","타로카드 이펙트14","Taro-Card Effect 14","","19","0","0","2701","-1","0","0","0","31020","-1","2","0","0","0","0","9","0","0","0","0","0","100","3","0","25","0","0","0","491037"
"491052","타로카드 이펙트15","Taro-Card Effect 15","","19","0","0","2701","-1","0","0","0","31021","-1","2","0","0","0","0","9","0","0","0","0","0","100","3","0","25","0","0","0","491037"
"491053","타로카드 이펙트16","Taro-Card Effect 16","","19","0","0","2701","-1","0","0","0","31022","-1","2","0","0","0","0","9","0","0","0","0","0","100","3","0","25","0","0","0","491037"
"491054","타로카드 이펙트17","Taro-Card Effect 17","","19","0","0","2701","-1","0","0","0","31023","-1","2","0","0","0","0","9","0","0","0","0","0","100","3","0","25","0","0","0","491037"
"491055","타로카드 이펙트18","Taro-Card Effect 18","","19","0","0","2701","-1","0","0","0","31024","-1","2","0","0","0","0","9","0","0","0","0","0","100","3","0","25","0","0","0","491037"
"491056","타로카드 이펙트19","Taro-Card Effect 19","","19","0","0","2701","-1","0","0","0","31025","-1","2","0","0","0","0","9","0","0","0","0","0","100","3","0","25","0","0","0","491037"
"491057","타로카드 이펙트20","Taro-Card Effect 20","","19","0","0","2701","-1","0","0","0","31026","-1","2","0","0","0","0","9","0","0","0","0","0","100","3","0","25","0","0","0","491037"
"500001","생명의 성수(경기장이벤트)","Water of life","90HP recovering potion","-1","0","0","2601","0","0","0","0","601","15","1","0","0","0","0","9","910001000","5","25","0","0","100","3","0","25","0","0","0","490011"
"500002","사랑의 성수(경기장이벤트)","Water of love","180HP recovering potion","-1","0","0","2601","0","0","0","0","601","15","1","0","0","0","0","9","910002000","5","25","0","0","100","3","0","25","0","0","0","490012"
"500003","은총의 성수(경기장이벤트)","Water of grace","360HP recovering potion","-1","0","0","2601","0","0","0","0","602","15","1","0","0","0","0","9","910003000","5","25","0","0","100","3","0","25","0","0","0","490013"
"500004","은혜의 성수(경기장이벤트)","Water of favors","720HP recovering potion","-1","0","0","2601","0","0","0","0","602","15","1","0","0","0","0","9","910004000","5","25","0","0","100","3","0","25","0","0","0","490014"
"500005","축복의 성수(경기장이벤트)","Water of bless","1440HP recovering potion","-1","0","0","2601","0","0","0","0","602","15","1","0","0","0","0","9","910005000","5","25","0","0","100","3","0","25","0","0","0","490015"
"500006","정신의 물약(경기장이벤트)","Portion of spirit","Recover 120MP","-1","0","0","2601","-1","0","0","0","701","-1","1","0","0","0","0","9","910006000","5","20","0","0","100","3","0","25","0","0","0","490016"
"500007","현명의 물약(경기장이벤트)","Potion of intelligence","Recover 240MP","-1","0","0","2601","-1","0","0","0","701","-1","1","0","0","0","0","9","910007000","5","20","0","0","100","3","0","25","0","0","0","490017"
"500008","슬기의 물약(경기장이벤트)","Potion of sagacity","Recover 480MP","-1","0","0","2601","-1","0","0","0","701","-1","1","0","0","0","0","9","910008000","5","20","0","0","100","3","0","25","0","0","0","490018"
"500009","지혜의 물약(경기장이벤트)","Potion of wisdom","Recover 960MP","-1","0","0","2601","-1","0","0","0","702","-1","1","0","0","0","0","9","910009000","5","20","0","0","100","3","0","25","0","0","0","490019"
"500010","영혼의 물약(경기장이벤트)","Portion of soul","Recover 1920MP","-1","0","0","2601","-1","0","0","0","702","-1","1","0","0","0","0","9","910010000","5","20","0","0","100","3","0","25","0","0","0","490020"
"500012","성수(경기장이벤트)","Holy water","45 HP recovering potion","-1","0","0","2601","0","0","0","0","601","15","1","0","0","0","0","9","910012000","5","20","0","0","100","3","0","25","0","0","0","490010"
"500014","은혜의 성수","보급용","720HP potion","-1","0","0","2602","0","0","0","0","602","15","1","0","0","0","0","9","399014000","5","20","0","0","100","3","0","25","0","0","0","490014"
"500020","영혼의 물약","보급용","Regain 1920 MP","-1","0","0","2601","-1","0","0","0","702","-1","1","0","0","0","0","9","399020000","5","20","0","0","100","3","0","25","0","0","0","490020"
"500022","순간이동 부활장소 스크롤","Bind Scroll","Teleport to the pre-selected resurrection spot","-1","0","0","2601","-1","0","0","0","401","-1","1","0","0","0","0","9","800002000","0","0","0","0","100","8","0","10000","0","0","0","500022"
"500023","근력 증가 주문서(대)","Scroll of Strength(L)","Increase Strength by 15","-1","0","0","2401","-1","0","0","0","702","-1","1","0","0","0","0","9","800003000","0","0","0","0","100","4","0","0","0","0","0","491001"
"500024","체력 증가 주문서(대)","Scroll of Health(L)","Increase Health by 15","-1","0","0","2401","-1","0","0","0","702","-1","1","0","0","0","0","9","800004000","0","0","0","0","100","4","0","0","0","0","0","491002"
"500025","민첩 증가 주문서(대)","Scroll of Dexterity(L)","Increase Dexterity by 15","-1","0","0","2401","-1","0","0","0","702","-1","1","0","0","0","0","9","800005000","0","0","0","0","100","4","0","0","0","0","0","491003"
"500026","지능 증가 주문서(대)","Scroll of Intelligence(L)","Increase Intelligence by 15","-1","0","0","2401","-1","0","0","0","702","-1","1","0","0","0","0","9","800006000","0","0","0","0","100","4","0","0","0","0","0","491004"
"500027","마력 증가 주문서(대)","Scroll of Magic Power(L)","Increase Magic Power by 15","-1","0","0","2401","-1","0","0","0","702","-1","1","0","0","0","0","9","800007000","0","0","0","0","100","4","0","0","0","0","0","491005"
"500028","사자의 힘 주문서(대)","Scroll of Lion Strength(L)","Increase Strength, Health, Dexterity, Intelligence, and Magic Power by 10","-1","0","0","2401","-1","0","0","0","702","-1","1","0","0","0","0","9","800008000","0","0","0","0","100","4","0","0","0","0","0","500028"
"500029","150 방어력 상승 주문서(대)","Scroll of Armor 150(L)","Increase Defense by 150","-1","0","0","2401","-1","0","0","0","702","-1","1","0","0","0","0","9","800009000","0","0","0","0","100","4","0","0","0","0","0","500029"
"500030","300 방어력 상승 주문서(대)","Scroll of Armor 300(L)","Increase Defense by 300","-1","0","0","2401","-1","0","0","0","702","-1","1","0","0","0","0","9","800010000","0","0","0","0","100","4","0","0","0","0","0","500030"
"500031","500 HP 증가 주문서(대)","HP Scroll 500(L)","Increase HP by 500","-1","0","0","2401","-1","0","0","0","702","-1","1","0","0","0","0","9","800011000","0","0","0","0","100","4","0","0","0","0","0","500031"
"500032","1000 HP 증가 주문서(대)","HP Scroll 1000(L)","Increase HP by 1000","-1","0","0","2401","-1","0","0","0","702","-1","1","0","0","0","0","9","800012000","0","0","0","0","100","4","0","0","0","0","0","500032"
"500033","1500 HP 증가 주문서(대)","HP Scroll 1500(L)","Increase HP by 1500","-1","0","0","2401","-1","0","0","0","702","-1","1","0","0","0","0","9","800013000","0","0","0","0","100","4","0","0","0","0","0","500033"
"500034","공격력 상승 주문서","Scroll of Attack","Increase Attack by 25%","-1","0","0","2401","-1","0","0","0","702","-1","1","0","0","0","0","9","800014000","0","0","0","0","100","4","0","0","0","0","0","500034"
"500035","이동 속도 증가 물약","Speed potion","Increase speed by 150%","-1","0","0","2601","-1","0","0","0","601","-1","1","0","0","0","0","9","800015000","0","0","0","0","100","4","0","0","0","0","0","491014"
"500036","파워업물약(테스트용)","PowerUP potion(test)","Recover 3600HP and another 3000HP for the duration of 60 seconds.  The item will disappear after the testing period. ","-1","0","0","2601","-1","0","0","0","602","-1","1","0","0","0","0","9","800016000","0","0","0","0","100","3","0","0","0","0","0","500036"
"500037","파워업마나(테스트용)","PowerUP Mana(test)","Recover 3600HP and another 3000HP for the duration of 60 seconds ","-1","0","0","2601","-1","0","0","0","702","-1","1","0","0","0","0","9","800019000","0","0","0","0","100","3","0","0","0","0","0","500037"
"500038","순간 이동 프렌드 스크롤","Scroll of teleport friend","Teleport to a registered friend.","-1","0","0","2601","-1","0","0","0","401","-1","3","0","0","0","0","9","800021000","0","0","0","0","100","8","0","10000","0","0","0","500038"
"500039","지속아이템","Continuance Item","Doubles the duration of help skills. ","-1","0","0","2401","-1","0","0","0","702","-1","240","0","0","0","0","9","800022000","0","0","0","0","100","0","0","0","0","0","0","500039"
"500040","근력 증가 주문서(소)","Scroll of Strength(Power up)","Increase Strength by 15","-1","0","0","2401","-1","0","0","0","702","-1","1","0","0","0","0","9","800023000","0","0","0","0","100","4","0","0","0","0","0","491001"
"500041","체력 증가 주문서(소)","Scroll of Health(Power up)","Increase Health by 15","-1","0","0","2401","-1","0","0","0","702","-1","1","0","0","0","0","9","800024000","0","0","0","0","100","4","0","0","0","0","0","491002"
"500042","민첩 증가 주문서(소)","Scroll of Dexterity(Power up)","Increase Dexterity by 15","-1","0","0","2401","-1","0","0","0","702","-1","1","0","0","0","0","9","800025000","0","0","0","0","100","4","0","0","0","0","0","491003"
"500043","지능 증가 주문서(소)","Scroll of Intelligence(Power up)","Increase Intelligence by 15","-1","0","0","2401","-1","0","0","0","702","-1","1","0","0","0","0","9","800026000","0","0","0","0","100","4","0","0","0","0","0","491004"
"500044","마력 증가 주문서(소)","Scroll of Magic Power(Power up)","Increase Magic Power by 15","-1","0","0","2401","-1","0","0","0","702","-1","1","0","0","0","0","9","800027000","0","0","0","0","100","4","0","0","0","0","0","491005"
"500045","사자의 힘 주문서(소)","Scroll of Lion Strength(Power up)","Increase Strength, Health, Dexterity, Intelligence, and Magic Power by 10","-1","0","0","2401","-1","0","0","0","702","-1","1","0","0","0","0","9","800028000","0","0","0","0","100","4","0","0","0","0","0","500028"
"500046","150 방어력 상승 주문서(소)","Scroll of Armor 150(Power up)","Increase Defense by 150","-1","0","0","2401","-1","0","0","0","702","-1","1","0","0","0","0","9","800029000","0","0","0","0","100","4","0","0","0","0","0","500029"
"500047","500 HP 증가 주문서(소)","HP Scroll 500(Power up)","Increase HP by 500","-1","0","0","2401","-1","0","0","0","702","-1","1","0","0","0","0","9","800030000","0","0","0","0","100","4","0","0","0","0","0","500047"
"500048","1000 HP 증가 주문서(소)","HP Scroll 1000(Power up)","Increase HP by 1000","-1","0","0","2401","-1","0","0","0","702","-1","1","0","0","0","0","9","800031000","0","0","0","0","100","4","0","0","0","0","0","500048"
"500049","무기 인첸트 주문서","Weapon Enchant Scroll ","","-1","0","0","2401","-1","0","0","0","702","-1","1","0","0","0","0","9","389155000","0","0","0","0","100","4","0","0","0","0","0","500049"
"500050","방어구 인첸트 주문서","Armor Enchant Scroll","","-1","0","0","2401","-1","0","0","0","702","-1","1","0","0","0","0","9","389156000","0","0","0","0","100","4","0","0","0","0","0","500050"
"500051","무기 인첸트 주문서","Weapon Enchant Scroll ","","-1","0","0","2401","-1","0","0","0","702","-1","1","0","0","0","0","9","800061000","0","0","0","0","100","4","0","0","0","0","0","500051"
"500052","방어구 인첸트 주문서","Armor Enchant Scroll","","-1","0","0","2401","-1","0","0","0","702","-1","1","0","0","0","0","9","800062000","0","0","0","0","100","4","0","0","0","0","0","500052"
"500053","2000 HP 증가 주문서(대)","HP Scroll 2000(L)","Increase HP by 2000","-1","0","0","2401","-1","0","0","0","702","-1","1","0","0","0","0","9","800078000","0","0","0","0","100","4","0","25","0","0","0","500053"
"500054","언다잉 주문서(대)","Undying","Increase the max HP limit of the party member by 60%","18","0","0","2703","0","0","0","0","703","-1","4","0","0","0","0","9","800079000","0","0","0","0","100","4","0","25","0","0","0","500054"
"500055","350 방어력 상승 주문서(대)","Scroll of Armor 350(L)","Increase Defense by 350","-1","0","0","2401","-1","0","0","0","702","-1","1","0","0","0","0","9","800076000","0","0","0","0","100","4","0","0","0","0","0","500055"
"500056","400 방어력 상승 주문서(대)","Scroll of Armor 400(L)","Increase Defense by 400","-1","0","0","2401","-1","0","0","0","702","-1","1","0","0","0","0","9","800077000","0","0","0","0","100","4","0","0","0","0","0","500056"
"500057","이동 속도 증가 물약","Speed potion","Increase speed by 150%","-1","0","0","2601","-1","0","0","0","601","-1","1","0","0","0","0","9","910114000","0","0","0","0","100","4","0","0","0","0","0","491014"
"500058","최대 HP 100 증가 물약","Max HP Potion 100","Increase HP by 100","-1","0","0","2401","-1","0","0","0","702","-1","1","0","0","0","0","9","910115000","0","0","0","0","100","4","0","0","0","0","0","500058"
"500059","최대 MP 100 증가 물약","Max MP Potion 100","Increase HP by 100","-1","0","0","2401","-1","0","0","0","702","-1","1","0","0","0","0","9","910116000","0","0","0","0","100","4","0","0","0","0","0","500059"
"500060","300 방어력 상승 주문서(대)","Scroll of Armor 300(L)","Increase Defense by 300","-1","0","0","2401","-1","0","0","0","702","-1","1","0","0","0","0","9","910139000","0","0","0","0","100","4","0","0","0","0","0","500060"
"500061","1500 HP 증가 주문서(대)","HP Scroll 1500(L)","Increase HP by 1500","-1","0","0","2401","-1","0","0","0","702","-1","1","0","0","0","0","9","910140000","0","0","0","0","100","4","0","0","0","0","0","500061"
"500062","공격력 상승 주문서","Scroll of Attack","Increase Attack by 25%","-1","0","0","2401","-1","0","0","0","702","-1","1","0","0","0","0","9","910141000","0","0","0","0","100","4","0","0","0","0","0","500034"
"500063","이동 속도 증가 물약","Speed potion","Increase speed by 150%","-1","0","0","2601","-1","0","0","0","601","-1","1","0","0","0","0","9","910142000","0","0","0","0","100","4","0","0","0","0","0","491014"
"500064","이동 속도 증가 물약","Speed potion","Increase speed by 150%","-1","0","0","2601","-1","0","0","0","601","-1","1","0","0","0","0","9","810077000","0","0","0","0","100","4","0","0","0","0","0","491014"
"500065","300 방어력 상승 주문서","Scroll of Armor 300(L)","Increase Defense by 300","-1","0","0","2401","-1","0","0","0","702","-1","1","0","0","0","0","9","810078000","0","0","0","0","100","4","0","0","0","0","0","500065"
"500066","1500 HP 증가 주문서","HP Scroll 1500(L)","Increase HP by 1500","-1","0","0","2401","-1","0","0","0","702","-1","1","0","0","0","0","9","810079000","0","0","0","0","100","4","0","0","0","0","0","500066"
"500067","350 방어력 상승 주문서","Scroll of Armor 350(L)","Increase Defense by 350","-1","0","0","2401","-1","0","0","0","702","-1","1","0","0","0","0","9","810080000","0","0","0","0","100","4","0","0","0","0","0","500067"
"500068","2000 HP 증가 주문서","HP Scroll 2000(L)","Increase HP by 2000","-1","0","0","2401","-1","0","0","0","702","-1","1","0","0","0","0","9","810081000","0","0","0","0","100","4","0","25","0","0","0","500068"
"500101","사자의 힘 주문서(대)","Spell of Lion's Strength","Increase Strength, Health, Dexterity, Intelligence, and Magic Power by 10","-1","0","0","2401","-1","0","0","0","702","-1","1","0","0","0","0","9","810008000","0","0","0","0","100","4","0","0","0","0","0","500101"
"500102","500 HP 증가 주문서(대)","HP Scroll 500(L)","Increase HP by 500","-1","0","0","2401","-1","0","0","0","702","-1","1","0","0","0","0","9","810011000","0","0","0","0","100","4","0","0","0","0","0","500047"
"500103","1000 HP 증가 주문서(대)","HP Scroll 1000(L)","Increase HP by 1000","-1","0","0","2401","-1","0","0","0","702","-1","1","0","0","0","0","9","810012000","0","0","0","0","100","4","0","0","0","0","0","500048"
"500104","150 방어력 상승 주문서(대)","Scroll of Armor 150(L)","Increase Defense by 150","-1","0","0","2401","-1","0","0","0","702","-1","1","0","0","0","0","9","810009000","0","0","0","0","100","4","0","0","0","0","0","500029"
"500105","이동 속도 증가 물약","Speed potion","Increase speed by 150%","-1","0","0","2601","-1","0","0","0","601","-1","1","0","0","0","0","9","810015000","0","0","0","0","100","4","0","0","0","0","0","491014"
"500106","순간 이동 프렌드 스크롤","Scroll of teleport friend","Teleport to a registered friend.","-1","0","0","2601","-1","0","0","0","401","-1","3","0","0","0","0","9","810021000","0","0","0","0","100","8","0","10000","0","0","0","500106"
"500107","지속아이템","Continuance Item","Doubles the duration of help skills. ","-1","0","0","2401","-1","0","0","0","702","-1","240","0","0","0","0","9","810022000","0","0","0","0","100","0","0","0","0","0","0","500107"
"500108","상인의 정신","spirit of Kaufmann","","-1","0","0","2401","-1","0","0","0","702","-1","1","0","0","0","0","9","800087000","0","0","0","0","100","4","0","0","0","0","0","500108"
"500109","상인의 정신","spirit of Kaufmann","","-1","0","0","2401","-1","0","0","0","702","-1","1","0","0","0","0","9","800088000","0","0","0","0","100","4","0","0","0","0","0","500109"
"500110","상인의 정신","spirit of Kaufmann","","-1","0","0","2401","-1","0","0","0","702","-1","1","0","0","0","0","9","800089000","0","0","0","0","100","4","0","0","0","0","0","500110"
"500111","투사의 심볼","Symbol of Gladiator","","-1","0","0","2401","-1","0","0","0","702","-1","1","0","0","0","0","9","810060000","0","0","0","0","100","4","0","0","0","0","0","500111"
"500112","용사의 심볼","Sybmol of Warrior","","-1","0","0","2401","-1","0","0","0","702","-1","1","0","0","0","0","9","810061000","0","0","0","0","100","4","0","0","0","0","0","500112"
"500113","투사의 심볼","Symbol of Gladiator","","-1","0","0","2401","-1","0","0","0","702","-1","1","0","0","0","0","9","810073000","0","0","0","0","100","4","0","0","0","0","0","500113"
"500114","용사의 심볼","Sybmol of Warrior","","-1","0","0","2401","-1","0","0","0","702","-1","1","0","0","0","0","9","810074000","0","0","0","0","100","4","0","0","0","0","0","500114"
"500115","투사의 심볼","Symbol of Gladiator","","-1","0","0","2401","-1","0","0","0","702","-1","1","0","0","0","0","9","810075000","0","0","0","0","100","4","0","0","0","0","0","500115"
"500116","용사의 심볼","Sybmol of Warrior","","-1","0","0","2401","-1","0","0","0","702","-1","1","0","0","0","0","9","810076000","0","0","0","0","100","4","0","0","0","0","0","500116"
"500117","퍼밀리어 소환","pet summon","","18","0","0","2701","-1","0","0","0","0","-1","1","1","0","0","0","9","389191000","100","30","0","0","70","9","0","0","0","0","1","500117"
"500118","퍼밀리어 장착","pet return","","18","0","0","2701","-1","0","0","0","0","-1","1","1","0","0","0","9","389192000","100","30","0","0","70","9","0","0","0","0","1","500118"
"500119","영웅의 심볼","영웅의 심볼","","-1","0","0","2401","-1","0","0","0","702","-1","1","0","0","0","0","9","810082000","0","0","0","0","100","4","0","0","0","0","0","500119"
"500120","영웅의 심볼","영웅의 심볼","","-1","0","0","2401","-1","0","0","0","702","-1","1","0","0","0","0","9","810083000","0","0","0","0","100","4","0","0","0","0","0","500120"
"500121","영웅의 심볼","영웅의 심볼","","-1","0","0","2401","-1","0","0","0","702","-1","1","0","0","0","0","9","810084000","0","0","0","0","100","4","0","0","0","0","0","500121"
"500122","이미르의 기도","Shout of logos","","-1","0","0","2401","-1","0","0","0","702","-1","1","0","0","0","0","9","800101000","0","0","0","0","100","0","0","0","0","0","0","500122"
"500123","작은 방패","Small Shield","작은 방패","-1","0","0","2401","-1","0","0","0","702","-1","1","0","0","0","0","9","0","0","10","0","0","100","4","0","0","0","0","0","500123"
"500124","작은 생명력","Little Vitality","작은 생명력","-1","0","0","2401","-1","0","0","0","702","-1","1","0","0","0","0","9","0","0","10","0","0","100","4","0","0","0","0","0","500124"
"500125","경험의 오로라","Aurora of Experience","경험의 오로라","-1","0","0","2401","-1","0","0","0","702","-1","1","0","0","0","0","9","0","0","10","0","0","100","4","0","0","0","0","0","500125"
"500126","경험의 오로라","Aurora of Experience","경험의 오로라","-1","0","0","2401","-1","0","0","0","702","-1","1","0","0","0","0","9","0","0","10","0","0","100","4","0","0","0","0","0","500126"
"500127","경험의 오로라","Aurora of Experience","경험의 오로라","-1","0","0","2401","-1","0","0","0","702","-1","1","0","0","0","0","9","0","0","10","0","0","100","4","0","0","0","0","0","500127"
"500128","이동 속도 증가 물약","Speed potion","Increase speed by 150%","-1","0","0","2601","-1","0","0","0","601","-1","1","0","0","0","0","9","900174000","0","0","0","0","100","4","0","0","0","0","0","500128"
"500129","350 방어력 상승 주문서","Scroll of Armor 350(L)","Increase Defense by 350","-1","0","0","2401","-1","0","0","0","702","-1","1","0","0","0","0","9","900175000","0","0","0","0","100","4","0","0","0","0","0","500129"
"500130","2000 HP 증가 주문서","HP Scroll 2000(L)","Increase HP by 2000","-1","0","0","2401","-1","0","0","0","702","-1","1","0","0","0","0","9","900176000","0","0","0","0","100","4","0","25","0","0","0","500130"
"500131","상인의 정신","spirit of Kaufmann","","-1","0","0","2401","-1","0","0","0","702","-1","1","0","0","0","0","9","900053000","0","0","0","0","100","4","0","0","0","0","0","500108"
"500501","어드벤스 사자의 힘 주문서","Advanced Spell of Lion's Strength(Power up)","Increase Strength, Health, Dexterity, Intelligence, and Magic Power by 15","-1","0","0","2401","-1","0","0","0","702","-1","1","0","0","0","0","9","810008000","0","0","0","0","100","4","0","0","0","0","0","500028"
"500502","어드벤스 근력 증가 주문서","Advanced Scroll of Strength(Power up)","Increase Strength by 20","-1","0","0","2401","-1","0","0","0","702","-1","1","0","0","0","0","9","800023000","0","0","0","0","100","4","0","0","0","0","0","500502"
"500503","어드벤스 체력 증가 주문서","Advanced Scroll of Health(Power up)","Increase Health by 20","-1","0","0","2401","-1","0","0","0","702","-1","1","0","0","0","0","9","800024000","0","0","0","0","100","4","0","0","0","0","0","500503"
"500504","어드벤스 민첩 증가 주문서","Advanced Scroll of Dexterity(Power up)","Increase Dexterity by 20","-1","0","0","2401","-1","0","0","0","702","-1","1","0","0","0","0","9","800025000","0","0","0","0","100","4","0","0","0","0","0","500504"
"500505","패트릭 변신 주문서 엘모라드용","Disguise Scroll","","-1","0","0","2701","-1","0","0","0","701","-1","1","0","0","0","0","9","800100000","0","0","0","0","0","6","4","0","0","0","0","500505"
"500506","메니시아 변신 주문서 엘모라드용","Disguise Scroll","","-1","0","0","2701","-1","0","0","0","701","-1","1","0","0","0","0","9","800110000","0","0","0","0","0","6","4","0","0","0","0","500506"
"500507","쿠거 변신 주문서 엘모라드용","Disguise Scroll","","-1","0","0","2701","-1","0","0","0","701","-1","1","0","0","0","0","9","800120000","0","0","0","0","0","6","4","0","0","0","0","500507"
"500508","해라 변신 주문서 엘모라드용","Disguise Scroll","","-1","0","0","2701","-1","0","0","0","701","-1","1","0","0","0","0","9","800130000","0","0","0","0","0","6","4","0","0","0","0","500508"
"500509","패트릭 변신 주문서 카루스용","Disguise Scroll","","-1","0","0","2701","-1","0","0","0","701","-1","1","0","0","0","0","9","800190000","0","0","0","0","0","6","4","0","0","0","0","500509"
"500510","메니시아 변신 주문서 카루스용","Disguise Scroll","","-1","0","0","2701","-1","0","0","0","701","-1","1","0","0","0","0","9","800200000","0","0","0","0","0","6","4","0","0","0","0","500510"
"500511","쿠거 변신 주문서 카루스용","Disguise Scroll","","-1","0","0","2701","-1","0","0","0","701","-1","1","0","0","0","0","9","800210000","0","0","0","0","0","6","4","0","0","0","0","500511"
"500512","해라 변신 주문서 카루스용","Disguise Scroll","","-1","0","0","2701","-1","0","0","0","701","-1","1","0","0","0","0","9","800220000","0","0","0","0","0","6","4","0","0","0","0","500512"
"501001","HP월병","HP rice cake","Increases HP by 1,500 for 8 hours","-1","0","0","2401","-1","0","0","0","702","-1","1","0","0","0","0","9","800033000","0","0","0","0","100","4","0","0","0","0","0","501001"
"501002","MP월병","MP rice cake","Increases MP by 1,500 for 8 hours","-1","0","0","2401","-1","0","0","0","702","-1","1","0","0","0","0","9","800034000","0","0","0","0","100","4","0","0","0","0","0","501002"
"501003","속도증가 월병","Speed up rice cake","Increases running speed by 150% for 8 hours","-1","0","0","2401","-1","0","0","0","702","-1","1","0","0","0","0","9","800035000","0","0","0","0","100","4","0","0","0","0","0","501003"
"501004","라이징 스크롤","Rising Scroll","Increases gaining experience points by 50% for an hour","-1","0","0","2401","-1","0","0","0","702","-1","1","0","0","0","0","9","800040000","0","0","0","0","100","4","0","0","0","0","0","501004"
"501005","마운트 스크롤","Mount Scroll","","-1","0","0","2401","-1","0","0","0","702","-1","1","0","0","0","0","9","800050000","0","0","0","0","100","4","0","0","0","0","0","501005"
"501006","어센트 스크롤","Ascent Scroll","Increases gaining experience points by 20% for an hour","-1","0","0","2401","-1","0","0","0","702","-1","1","0","0","0","0","9","800051000","0","0","0","0","100","4","0","0","0","0","0","501006"
"501007","야채만두","Vegetable Dumplings","","-1","0","0","2401","-1","0","0","0","702","-1","1","0","0","0","0","9","800052000","0","0","0","0","100","4","0","0","0","0","0","501007"
"501008","일반만두","Normal Dumplings","","-1","0","0","2401","-1","0","0","0","702","-1","1","0","0","0","0","9","800053000","0","0","0","0","100","4","0","0","0","0","0","501008"
"501009","생선만두","Fish Dumplings","","-1","0","0","2401","-1","0","0","0","702","-1","1","0","0","0","0","9","800054000","0","0","0","0","100","4","0","0","0","0","0","501009"
"501010","무게 증가 물약","Weight Scroll ","","-1","0","0","2401","-1","0","0","0","702","-1","1","0","0","0","0","9","800060000","0","0","0","0","100","4","0","0","0","0","0","501010"
"501011","정보 확인 주문서","Stat Scroll","","-1","0","0","2401","-1","0","0","0","702","-1","7","0","0","0","0","9","800063000","0","0","0","0","100","3","0","0","0","0","0","501011"
"501012","HP월병","HP rice cake","","-1","0","0","2401","-1","0","0","0","702","-1","1","0","0","0","0","9","800041000","0","0","0","0","100","4","0","0","0","0","0","501012"
"501013","MP월병","MP rice cake","","-1","0","0","2401","-1","0","0","0","702","-1","1","0","0","0","0","9","800042000","0","0","0","0","100","4","0","0","0","0","0","501013"
"501014","속도증가 월병","Speed up rice cake","","-1","0","0","2401","-1","0","0","0","702","-1","1","0","0","0","0","9","800043000","0","0","0","0","100","4","0","0","0","0","0","501014"
"502001","단장용 가드(카루스)","Leader's Guardian [Karus]","","18","0","0","2701","-1","0","0","0","0","-1","1","0","0","0","0","9","800056000","5","40","0","0","70","9","0","0","0","0","0","502001"
"502002","부단장용 가드(카루스)","Co-Leader's Guardian [Karus]","","18","0","0","2701","-1","0","0","0","0","-1","1","0","0","0","0","9","800058000","5","40","0","0","70","9","0","0","0","0","0","502002"
"502003","단장용 가드(엘모라드)","Leader's Guardian [El Morad]","","18","0","0","2701","-1","0","0","0","0","-1","1","0","0","0","0","9","800057000","5","40","0","0","70","9","0","0","0","0","0","502003"
"502004","부단장용 가드(엘모라드)","Co-Leader's Guardian [El Morad]","","18","0","0","2701","-1","0","0","0","0","-1","1","0","0","0","0","9","800059000","5","40","0","0","70","9","0","0","0","0","0","502004"
"502005","단장용 가드(카루스)","Leader's Guardian [Karus]","","18","0","0","2701","-1","0","0","0","0","-1","1","0","0","0","0","9","800064000","5","40","0","0","70","9","0","0","0","0","0","502005"
"502006","부단장용 가드(카루스)","Co-Leader's Guardian [Karus]","","18","0","0","2701","-1","0","0","0","0","-1","1","0","0","0","0","9","800066000","5","40","0","0","70","9","0","0","0","0","0","502006"
"502007","단장용 가드(엘모라드)","Leader's Guardian [El Morad]","","18","0","0","2701","-1","0","0","0","0","-1","1","0","0","0","0","9","800065000","5","40","0","0","70","9","0","0","0","0","0","502007"
"502008","부단장용 가드(엘모라드)","Co-Leader's Guardian [El Morad]","","18","0","0","2701","-1","0","0","0","0","-1","1","0","0","0","0","9","800067000","5","40","0","0","70","9","0","0","0","0","0","502008"
"502009","단장용 가드(카루스)","Leader's Guardian [Karus]","","18","0","0","2701","-1","0","0","0","0","-1","1","0","0","0","0","9","800068000","5","40","0","0","70","9","0","0","0","0","0","502009"
"502010","부단장용 가드(카루스)","Co-Leader's Guardian [Karus]","","18","0","0","2701","-1","0","0","0","0","-1","1","0","0","0","0","9","800070000","5","40","0","0","70","9","0","0","0","0","0","502010"
"502011","단장용 가드(엘모라드)","Leader's Guardian [El Morad]","","18","0","0","2701","-1","0","0","0","0","-1","1","0","0","0","0","9","800069000","5","40","0","0","70","9","0","0","0","0","0","502011"
"502012","부단장용 가드(엘모라드)","Co-Leader's Guardian [El Morad]","","18","0","0","2701","-1","0","0","0","0","-1","1","0","0","0","0","9","800071000","5","40","0","0","70","9","0","0","0","0","0","502012"
"503003","구정이벤트(사탕)","구정이벤트(사탕)","","-1","0","0","2601","-1","0","0","0","702","-1","1","0","0","0","0","9","910110000","5","55","0","0","100","4","0","30","0","0","0","503003"
"503005","야채만두","Vegetable Dumpling","","-1","0","0","2401","-1","0","0","0","702","-1","1","0","0","0","0","9","910107000","0","0","0","0","100","4","0","0","0","0","0","503005"
"503006","일반만두","Regular Dumpling","","-1","0","0","2401","-1","0","0","0","702","-1","1","0","0","0","0","9","910108000","0","0","0","0","100","4","0","0","0","0","0","503006"
"503007","생선만두","Fish Dumpling","","-1","0","0","2401","-1","0","0","0","702","-1","1","0","0","0","0","9","910109000","0","0","0","0","100","4","0","0","0","0","0","503007"
"504001","기여도 상승 아이템","Amplify Scroll","","-1","0","0","2401","-1","0","0","0","702","-1","1","0","0","0","0","9","800074000","0","0","0","0","100","4","0","0","0","0","0","504001"
"504002","로고스의 외침","Shout of logos","","-1","0","0","2401","-1","0","0","0","702","-1","1","0","0","0","0","9","800075000","0","0","0","0","100","0","0","0","0","0","0","504002"
"504003","슈퍼 노아","Super noha","","-1","0","0","2401","-1","0","0","0","702","-1","1","0","0","0","0","9","810050000","0","0","0","0","100","4","0","0","0","0","0","504003"
"504004","하이퍼 노아","Hiper noha","","-1","0","0","2401","-1","0","0","0","702","-1","1","0","0","0","0","9","810051000","0","0","0","0","100","4","0","0","0","0","0","504004"
"504005","스페셜리스트의 혼","Spirit of specialist","","-1","0","0","2401","-1","0","0","0","702","-1","1","0","0","0","0","9","810055000","0","0","0","0","100","4","0","0","0","0","0","504005"
"504006","그랜드마스터의 혼","Spirit of grandmaster","","-1","0","0","2401","-1","0","0","0","702","-1","1","0","0","0","0","9","810056000","0","0","0","0","100","4","0","0","0","0","0","504006"
"504007","로고스의 외침","Shout of logos","","-1","0","0","2401","-1","0","0","0","702","-1","1","0","0","0","0","9","910143000","0","0","0","0","100","0","0","0","0","0","0","504007"
"504008","기여도 상승 아이템","Amplify Scroll","","-1","0","0","2401","-1","0","0","0","703","-1","1","0","0","0","0","9","800102000","0","0","0","0","100","4","0","0","0","0","0","504008"
"510034","공격력 상승 주문서","보급용","Increase Attack by 25%","-1","0","0","2401","-1","0","0","0","702","-1","1","0","0","0","0","9","890014000","0","0","0","0","100","4","0","0","0","0","0","500034"
"510035","이동 속도 증가 물약","보급용","Increase speed by 150%","-1","0","0","2601","-1","0","0","0","601","-1","1","0","0","0","0","9","890015000","0","0","0","0","100","4","0","0","0","0","0","491014"
"510053","2000 HP 증가 주문서(대)","보급용","Increase HP by 2000","-1","0","0","2401","-1","0","0","0","702","-1","1","0","0","0","0","9","890078000","0","0","0","0","100","4","0","25","0","0","0","500053"
"510055","350 방어력 상승 주문서(대)","보급용","Increase Defense by 350","-1","0","0","2401","-1","0","0","0","702","-1","1","0","0","0","0","9","890076000","0","0","0","0","100","4","0","0","0","0","0","500055"
"510115","투사의 심볼","보급용","","-1","0","0","2401","-1","0","0","0","702","-1","1","0","0","0","0","9","820075000","0","0","0","0","100","4","0","0","0","0","0","500111"
"510116","용사의 심볼","보급용","","-1","0","0","2401","-1","0","0","0","702","-1","1","0","0","0","0","9","820076000","0","0","0","0","100","4","0","0","0","0","0","500114"
"510121","영웅의 심볼","보급용","","-1","0","0","2401","-1","0","0","0","702","-1","1","0","0","0","0","9","820084000","0","0","0","0","100","4","0","0","0","0","0","500120"
"510510","메니시아 변신 주문서 카루스용","보급용","","-1","0","0","2701","-1","0","0","0","701","-1","1","0","0","0","0","9","890200000","0","0","0","0","0","6","4","0","0","0","0","500510"
"510512","해라 변신 주문서 카루스용","보급용","","-1","0","0","2701","-1","0","0","0","701","-1","1","0","0","0","0","9","890220000","0","0","0","0","0","6","4","0","0","0","0","500512"
"601007","어센트 스크롤","모라돈 이벤트용","Increases gaining experience points by 20% for an hour","-1","0","0","2401","-1","0","0","0","702","-1","1","0","0","0","0","9","900054000","0","0","0","0","100","4","0","0","0","0","0","501006"
"601008","국경보호의 스크롤","모라돈 이벤트용","Increases gaining experience points by 20% for an hour","-1","0","0","2401","-1","0","0","0","702","-1","1","60","0","0","0","9","900055000","0","0","0","0","100","4","0","0","0","0","0","501006"
"601009","경험치 대박 주문서","HP Scroll 2000(L)","Increase HP by 2000","-1","0","0","2401","-1","0","0","0","702","-1","1","0","0","0","0","9","800281000","0","0","0","0","100","4","0","25","0","0","0","601009"
"610035","이동 속도 증가 물약","모라돈 이벤트용","Increase speed by 150%","-1","0","0","2601","-1","0","0","0","601","-1","1","0","0","0","0","9","900015000","0","0","0","0","100","4","0","0","0","0","0","491014"
"610053","1000 HP 증가 주문서","모라돈 이벤트용","Increase HP by 2000","-1","0","0","2401","-1","0","0","0","702","-1","1","0","0","0","0","9","900014000","0","0","0","0","100","4","0","25","0","0","0","500053"
"610055","200 방어력 상승 주문서","모라돈 이벤트용","Increase Defense by 350","-1","0","0","2401","-1","0","0","0","702","-1","1","0","0","0","0","9","900013000","0","0","0","0","100","4","0","0","0","0","0","500055"
